"","tenderroute","cleanroute","pvr_tenderroute","garagecode_LAST_tenderroute","frequency_tenderroute","journeytime_min_tenderroute","journeytime_max_tenderroute","level_tenderroute","length_tenderroute","tranche_date","day_route","night_route","number_bidders","winning_bidder","accepted_bid","lowest_compliant_bid","highest_compliant_bid","which_option","cost_per_mile_awarded","reason_not_lowest","reason_not_lowest_edit","value_joint_bid","winning_group","number_routes_tranche","joint_bid","last_tender_round"
"1","149/N149","149",24,"AR",14.4,46,77.5,NA,9,2003-03-13,"149","N149",1,"Arriva London North",7100793,8371840,NA,"Articulated buses",6.38,NA,NA,"Routes 149/N149 and 349 awarded on the basis of a joint bid totalling POUNDS10256563 per annum","Arriva",5,"10256563",0
"2","341/N341","341",14,"AR",18.8,51.5,82.5,"24-hour service",11,2003-03-13,"341","N341",2,"First Capital",3999737,4184246,4776110,NA,4.09,NA,NA,NA,"First",5,NA,0
"3","349","349",14,"E",11.3333333333333,25,58,"Daily",6,2003-03-13,"349",NA,2,"Arriva London North",3156370,3574541,4072620,NA,4.09,NA,NA,"Routes 149/N149 and 349 awarded on the basis of a joint bid totalling POUNDS10256563 per annum","Arriva",5,"10256563",0
"4","92","92",18,"G",10,40,70,"Daily",9,2003-03-13,"92",NA,1,"CentreWest",3405179,3450179,NA,NA,4.12,NA,NA,NA,"First",5,NA,0
"5","94/N94","94",14,"S",17.6,27.5,52.5,NA,6,2003-03-13,"94","N94",1,"London United",5645000,5682000,NA,"1 person operation",5.91,NA,NA,NA,"RATP",5,NA,0
"6","178","178",9,"MG",18.3333333333333,28,53,NA,9,2003-04-10,"178",NA,1,"Selkent",1653381,1704516,NA,NA,3.8,NA,NA,"Routes 96 99 178 269 291 472 653 awarded on the basis of a joint bid totalling POUNDS13806151 per annum.","Stagecoach",21,"13806151",0
"7","229","229",14,"DT",13.3333333333333,40,91,"Daily",13,2003-04-10,"229",NA,2,"London Central",3105095,3452120,3549437,NA,3.45,NA,NA,"Routes 229 244 401 422 469 B11 B12 B16 601 and 602 awarded on the basis of a joint bid totalling POUNDS14895719 per annum.","GoAhead",21,"14895719",0
"8","244","244",12,"BX",13.3333333333333,33,57,"Daily",8,2003-04-10,"244",NA,2,"London Central",1852524,1949573,2028957,NA,3.71,"Combination Discount","Lower joint bid","Routes 229 244 401 422 469 B11 B12 B16 601 and 602 awarded on the basis of a joint bid totalling POUNDS14895719 per annum.","GoAhead",21,"14895719",0
"9","269","269",12,"DT",15.6666666666667,30,68,"Daily",10,2003-04-10,"269",NA,2,"Selkent",2705831,2543265,2901856,NA,3.84,"Combination Discount","Lower joint bid","Routes 96 99 178 269 291 472 653 awarded on the basis of a joint bid totalling POUNDS13806151 per annum.","Stagecoach",21,"13806151",0
"10","291","291",6,"MG",13.3333333333333,17,30,"Daily",4,2003-04-10,"291",NA,1,"Selkent",1188059,1249803,NA,NA,3.72,NA,NA,"Routes 96 99 178 269 291 472 653 awarded on the basis of a joint bid totalling POUNDS13806151 per annum.","Stagecoach",21,"13806151",0
"11","401","401",8,"DT",25,23,45,"Daily",8,2003-04-10,"401",NA,1,"London Central",1052652,1130553,NA,NA,3.68,NA,NA,"Routes 229 244 401 422 469 B11 B12 B16 601 and 602 awarded on the basis of a joint bid totalling POUNDS14895719 per annum.","GoAhead",21,"14895719",0
"12","422","422",16,"PD",11.3333333333333,41,76,"Daily",12,2003-04-10,"422",NA,2,"London Central",3281800,3481760,3551477,NA,3.49,"Combination Bid","Lower joint bid","Routes 229 244 401 422 469 B11 B12 B16 601 and 602 awarded on the basis of a joint bid totalling POUNDS14895719 per annum.","GoAhead",21,"14895719",0
"13","428","428",7,"DT",25,34,57,"Daily",10,2003-04-10,"428",NA,1,"Arriva Kent Thameside",1188294,1274000,NA,NA,2.8,NA,NA,"Routes 428 492 B13 and B15 awarded on the basis of a joint bid totalling POUNDS4465400 per annum.","Arriva",21,"4465400",0
"14","469","469",9,"DT",18.3333333333333,34,59,"Daily",9,2003-04-10,"469",NA,1,"London Central",2224012,2413402,NA,NA,2.9,NA,NA,"Routes 229 244 401 422 469 B11 B12 B16 601 and 602 awarded on the basis of a joint bid totalling POUNDS14895719 per annum.","GoAhead",21,"14895719",0
"15","472","472",13,"PD",17.2,30,44,NA,9,2003-04-10,"472",NA,1,"Selkent",2963216,3178891,NA,NA,3.4,NA,NA,"Routes 96 99 178 269 291 472 653 awarded on the basis of a joint bid totalling POUNDS13806151 per annum.","Stagecoach",21,"13806151",0
"16","492","492",6,"DT",40,50,94,"Daily",14,2003-04-10,"492",NA,2,"Arriva Kent Thameside",1150119,1135000,1243206,NA,3.65,NA,NA,"Routes 428 492 B13 and B15 awarded on the basis of a joint bid totalling POUNDS4465400 per annum.","Arriva",21,"4465400",0
"17","602","602",2,"PD",NA,NA,NA,"Monday to Friday",9,2003-04-10,"602",NA,1,"London Central",60288,71755,NA,NA,16.67,NA,NA,"Routes 229 244 401 422 469 B11 B12 B16 601 and 602 awarded on the basis of a joint bid totalling POUNDS14895719 per annum.","GoAhead",21,"14895719",0
"18","653","653",3,"SM",NA,NA,NA,"Monday to Friday",8,2003-04-10,"653",NA,1,"Selkent",54918,56617,NA,NA,14.82,NA,NA,"Routes 96 99 178 269 291 472 653 awarded on the basis of a joint bid totalling POUNDS13806151 per annum.","Stagecoach",21,"13806151",1
"19","96","96",24,"PD",13.6666666666667,41,88,NA,13,2003-04-10,"96",NA,3,"Selkent",3746382,3659000,4146960,NA,3.54,"1) Combination Discount 2) Higher quality expecte","Higher quality expected from other bid","Routes 96 99 178 269 291 472 653 awarded on the basis of a joint bid totalling POUNDS13806151 per annum.","Stagecoach",21,"13806151",0
"20","99","99",14,"MR",14,37,73,"Daily",10,2003-04-10,"99",NA,3,"Selkent",1494364,1380000,1540581,NA,3.91,"Combination Discount","Lower joint bid","Routes 96 99 178 269 291 472 653 awarded on the basis of a joint bid totalling POUNDS13806151 per annum.","Stagecoach",21,"13806151",0
"21","B11","B11",7,"BX",25,29,47,"Daily",9,2003-04-10,"B11",NA,1,"London Central",1199457,1432083,NA,NA,3.06,NA,NA,"Routes 229 244 401 422 469 B11 B12 B16 601 and 602 awarded on the basis of a joint bid totalling POUNDS14895719 per annum.","GoAhead",21,"14895719",0
"22","B12","B12",7,"DT",30,35,62,"Daily",9,2003-04-10,"B12",NA,3,"London Central",552712,574770,692000,NA,3.12,"1) Higher quality expected from award. 2) Combina","Higher quality expected from other bid","Routes 229 244 401 422 469 B11 B12 B16 601 and 602 awarded on the basis of a joint bid totalling POUNDS14895719 per annum.","GoAhead",21,"14895719",0
"23","B13","B13",6,"DT",25,23,40,"Daily",6,2003-04-10,"B13",NA,3,"Arriva Kent Thameside",933799,708639,1021408,NA,3.29,"Higher quality expected from award.","Higher quality expected from other bid","Routes 428 492 B13 and B15 awarded on the basis of a joint bid totalling POUNDS4465400 per annum.","Arriva",21,"4465400",0
"24","B15","B15",6,"DT",26.6666666666667,30,55,"Daily",8,2003-04-10,"B15",NA,2,"Arriva Kent Thameside",1193188,1302000,1360423,NA,3.06,NA,NA,"Routes 428 492 B13 and B15 awarded on the basis of a joint bid totalling POUNDS4465400 per annum.","Arriva",21,"4465400",0
"25","B16","B16",9,"BX",25,33,63,"Daily",8,2003-04-10,"B16",NA,1,"London Central",1358042,1488096,NA,NA,3.44,NA,NA,"Routes 229 244 401 422 469 B11 B12 B16 601 and 602 awarded on the basis of a joint bid totalling POUNDS14895719 per annum.","GoAhead",21,"14895719",0
"26","601",NA,NA,NA,NA,NA,NA,NA,NA,2003-04-10,"601",NA,1,"London Central",209137,253717,NA,NA,18.04,NA,NA,"Routes 229 244 401 422 469 B11 B12 B16 601 and 602 awarded on the basis of a joint bid totalling POUNDS14895719 per annum.","GoAhead",21,"14895719",0
"27","176/N176","176",16,"Q",16.8,48,83.5,NA,11,2003-05-08,"176","N176",3,"Arriva London South",4911390,5101000,5197636,NA,4.57,NA,NA,NA,"Arriva",4,NA,0
"28","45","45",12,"WL",13.3333333333333,22,47,"Daily",5,2003-05-08,"45",NA,4,"London Central",3931491,3747000,4437353,NA,5.43,"Higher quality expected from award","Higher quality expected from other bid",NA,"GoAhead",4,NA,0
"29","78","78",17,"AE",11.3333333333333,40,71,"Daily",6,2003-05-08,"78",NA,4,"Arriva London North East",2847240,2761124,3009000,NA,5.73,"Higher quality expected from award","Higher quality expected from other bid",NA,"Arriva",4,NA,0
"30","R5/R7","R5",4,"TB",50,41,57,"Daily",10,2003-05-08,"R5/R7",NA,3,"Metrobus",320197,327439,340099,NA,2.36,"Higher quality expected from award. Award made on","Higher quality expected from other bid",NA,"GoAhead",4,NA,0
"31","R5/R7","R7",4,"TB",50,41,57,"Daily",10,2003-05-08,"R5/R7",NA,3,"Metrobus",320197,327439,340099,NA,2.36,"Higher quality expected from award. Award made on","Higher quality expected from other bid",NA,"GoAhead",4,NA,1
"32","155/N155","155",19,"SW",10.6666666666667,31,65,"Daily",6,2003-05-22,"155","N155",3,"London General",3935507,3979753,4615000,NA,5.16,"1) Higher quality expected from award 2) Combinat","Higher quality expected from other bid","Routes 88/N88 155/N155 239 & 355 awarded on the basis of a joint bid totaling POUNDS11665147 per annum.","GoAhead",4,"11665147",0
"33","355","355",12,"C",14,28,68,"Daily",7,2003-05-22,"355",NA,2,"London General",2163858,2190190,2284432,NA,5.24,"1) Higher quality expected from award 2) Combinat","Higher quality expected from other bid","Routes 88/N88 155/N155 239 & 355 awarded on the basis of a joint bid totaling POUNDS11665147 per annum.","GoAhead",4,"11665147",0
"34","88/N88","88",17,"SW",18.4,45.5,83.5,NA,9,2003-05-22,"88","N88",2,"London General",3989707,4546510,4723538,NA,5.18,"1) Higher quality expected from award 2) Combinat","Higher quality expected from other bid","Routes 88/N88 155/N155 239 & 355 awarded on the basis of a joint bid totaling POUNDS11665147 per annum.","GoAhead",4,"11665147",0
"35","155/N155","N155",19,"SW",10.6666666666667,31,65,"Daily",6,2003-05-22,"155","N155",3,"London General",3935507,3979753,4615000,NA,5.16,"1) Higher quality expected from award 2) Combinat","Higher quality expected from other bid","Routes 88/N88 155/N155 239 & 355 awarded on the basis of a joint bid totaling POUNDS11665147 per annum.","GoAhead",4,"11665147",0
"36","239",NA,NA,NA,NA,NA,NA,NA,NA,2003-05-22,"239",NA,3,"London General",1576075,1383587,1673100,NA,5.64,"Combination Discount","Lower joint bid","Routes 88/N88 155/N155 239 & 355 awarded on the basis of a joint bid totaling POUNDS11665147 per annum.","GoAhead",4,"11665147",1
"37","292","292",10,"EW",21.6666666666667,26,68,"Daily",9,2003-06-06,"292",NA,3,"Sovereign",1517000,1517000,1772950,NA,3.74,NA,NA,NA,"RATP",4,NA,0
"38","297","297",10,"PA",19.4,37.5,59,NA,9,2003-06-06,"297",NA,2,"Metroline",3172581,3002997,3246694,NA,4.41,"Combination Bid","Lower joint bid","Routes 6/N6 98/N98 and 297 awarded on the basis of a joint bid totalling POUNDS14982569 per annum.","Metroline",4,"14982569",0
"39","6/N6","6",16,"AC",14.6,41.5,60.5,NA,6,2003-06-06,"6","N6",1,"Metroline",6212157,6144218,NA,"1 person operation",5.72,NA,NA,"Routes 6/N6 98/N98 and 297 awarded on the basis of a joint bid totalling POUNDS14982569 per annum.","Metroline",4,"14982569",0
"40","98/N98","98",22,"AC",10,35,70,"Daily",7,2003-06-06,"98","N98",1,"Metroline",5597831,5952599,NA,"1 person operation",6.11,NA,NA,"Routes 6/N6 98/N98 and 297 awarded on the basis of a joint bid totalling POUNDS14982569 per annum.","Metroline",4,"14982569",0
"41","98/N98","N98",22,"AC",10,35,70,"Daily",7,2003-06-06,"98","N98",1,"Metroline",5597831,5952599,NA,"1 person operation",6.11,NA,NA,"Routes 6/N6 98/N98 and 297 awarded on the basis of a joint bid totalling POUNDS14982569 per annum.","Metroline",4,"14982569",0
"42","370/373","370",11,"GY",25,40,70,"Daily",12,2003-07-08,"370/373",NA,3,"Arriva (Kent Thameside)",245000,232901,476064,NA,1.94,"Higher quality expected from award.","Higher quality expected from other bid",NA,"Arriva",1,NA,1
"43","317","317",5,"PB",26.6666666666667,20,38,"Daily",4,2003-07-31,"317",NA,3,"Arriva London North",904000,924000,1099290,NA,4.69,NA,NA,NA,"Arriva",2,NA,0
"44","463","463",9,"EB",29.3333333333333,46,84,"Daily",13,2003-07-31,"463",NA,4,"Quality Line",1149461,1149461,1916743,NA,3.15,NA,NA,NA,"RATP",2,NA,0
"45","247","247",11,"NS",16.6666666666667,28,46,"Daily",8,2003-08-14,"247",NA,3,"East London",1934208,1888744,2299000,NA,3.65,"Higher quality expected from award.","Higher quality expected from other bid",NA,"Stagecoach",8,NA,0
"46","294","294",12,"NS",17.3333333333333,37,69,"Daily",10,2003-08-14,"294",NA,2,"East London",2170421,2066000,2069698,NA,3.94,"Higher quality expected from award.","Higher quality expected from other bid",NA,"Stagecoach",8,NA,0
"47","H22","H22",11,"AV",17.3333333333333,29,62,"Daily",8,2003-08-14,"H22",NA,5,"London United",1730675,1769337,2647399,NA,3.63,"Combination Discount","Lower joint bid","Routes H22 H23 H32 H37 H91 & H98 awarded on the basis of a joint bid totaling POUNDS10855000 per annum.","RATP",8,"10855000",0
"48","H32","H32",7,"AV",17.5,21,38.5,NA,6,2003-08-14,"H32",NA,3,"London United",1894400,2149807,2762555,NA,4.57,NA,NA,"Routes H22 H23 H32 H37 H91 & H98 awarded on the basis of a joint bid totaling POUNDS10855000 per annum.","RATP",8,"10855000",0
"49","H37","H37",9,"AV",13.5,20,33,NA,5,2003-08-14,"H37",NA,4,"London United",2244002,2367340,3663127,NA,4.08,"Combination Discount","Lower joint bid","Routes H22 H23 H32 H37 H91 & H98 awarded on the basis of a joint bid totaling POUNDS10855000 per annum.","RATP",8,"10855000",0
"50","H91","H91",14,"V",13.3333333333333,26,71,"Daily",8,2003-08-14,"H91",NA,4,"London United",1817353,1856547,2481134,NA,3.66,"Combination Discount","Lower joint bid","Routes H22 H23 H32 H37 H91 & H98 awarded on the basis of a joint bid totaling POUNDS10855000 per annum.","RATP",8,"10855000",0
"51","H98","H98",9,"AV",13.3333333333333,31,61,"Daily",9,2003-08-14,"H98",NA,4,"London United",2281563,2650000,2841603,NA,3.16,"Combination Discount","Lower joint bid","Routes H22 H23 H32 H37 H91 & H98 awarded on the basis of a joint bid totaling POUNDS10855000 per annum.","RATP",8,"10855000",0
"52","H23",NA,NA,NA,NA,NA,NA,NA,NA,2003-08-14,"H23",NA,4,"London United",887007,897546,1263625,NA,3.49,"Combination Discount","Lower joint bid","Routes H22 H23 H32 H37 H91 & H98 awarded on the basis of a joint bid totaling POUNDS10855000 per annum.","RATP",8,"10855000",1
"53","207/N207","207",29,"GW",7.33333333333333,38,82,"Daily",9,2003-09-26,"207","N207",2,"CentreWest",7441180,7821858,8367081,"Articulated buses",6.46,NA,NA,"Routes 207/N207 427 and 607 awarded on the basis of a joint bid totalling POUNDS14296875 per annum.","First",4,"14296875",0
"54","427","427",24,"GW",10,46,84,"Daily",10,2003-09-26,"427",NA,3,"CentreWest",3939917,4296062,6488471,NA,3.95,NA,NA,"Routes 207/N207 427 and 607 awarded on the basis of a joint bid totalling POUNDS14296875 per annum.","First",4,"14296875",0
"55","607","607",20,"G",12.3333333333333,56,85,"Daily",13,2003-09-26,"607",NA,4,"CentreWest",2915778,3193748,3344000,NA,4.17,NA,NA,"Routes 207/N207 427 and 607 awarded on the basis of a joint bid totalling POUNDS14296875 per annum.","First",4,"14296875",0
"56","207/N207","N207",29,"GW",7.33333333333333,38,82,"Daily",9,2003-09-26,"207","N207",2,"CentreWest",7441180,7821858,8367081,"Articulated buses",6.46,NA,NA,"Routes 207/N207 427 and 607 awarded on the basis of a joint bid totalling POUNDS14296875 per annum.","First",4,"14296875",0
"57","U9","U9",3,"WS",40,17,24,"Daily",6,2003-09-26,"U9",NA,3,"Arriva (The Shires)",413000,401706,465000,NA,2.79,"Higher quality expected from award.","Higher quality expected from other bid",NA,"Arriva",4,NA,0
"58","147","147",21,"RR",10,36,68,"Daily",7,2003-10-24,"147",NA,3,"Stagecoach East London",3594740,3623828,4040101,NA,5.39,NA,NA,"Routes 69/N69 147 241 and 330 awarded on the basis of a joint bid totaling POUNDS10672869 per annum.","Stagecoach",10,"10672869",0
"59","187","187",12,"WJ",14,40,69,"Daily",8,2003-10-24,"187",NA,3,"CentreWest",1783513,1823573,2406742,"Articulated buses",2.98,NA,NA,"Routes 187 & 487 awarded on the basis of a joint bid totaling POUNDS3171264 per annum.","First",10,"3171264",0
"60","241","241",10,"WH",16.6666666666667,26,43,"Daily",5,2003-10-24,"241",NA,4,"Stagecoach East London",1769406,1839093,2117751,NA,5.5,NA,NA,"Routes 69/N69 147 241 and 330 awarded on the basis of a joint bid totaling POUNDS10672869 per annum.","Stagecoach",10,"10672869",0
"61","28/N28","28",18,"X",12,37,94,"Daily",7,2003-10-24,"28","N28",2,"CentreWest",4319459,4524374,4578287,"Option 1",5.32,NA,NA,"Routes 28/N28 31/N31 and 328 awarded on the basis of a joint bid totalling POUNDS12719732 per annum.","First",10,"12719732",0
"62","31/N31","31",15,"PA",10,34,68,"Daily",6,2003-10-24,"31","N31",1,"CentreWest",3840303,4376941,NA,NA,5.05,NA,NA,"Routes 28/N28 31/N31 and 328 awarded on the basis of a joint bid totalling POUNDS12719732 per annum.","First",10,"12719732",0
"63","328","328",18,"X",11.6666666666667,36,95,"Daily",8,2003-10-24,"328",NA,2,"CentreWest",4559970,5082684,5102807,NA,5.3,NA,NA,"Routes 28/N28 31/N31 and 328 awarded on the basis of a joint bid totalling POUNDS12719732 per annum.","First",10,"12719732",0
"64","330","330",8,"WH",17.3333333333333,17,39,"Daily",4,2003-10-24,"330",NA,2,"Stagecoach East London",2114315,2331360,2498999,NA,5.3,NA,NA,"Routes 69/N69 147 241 and 330 awarded on the basis of a joint bid totaling POUNDS10672869 per annum.","Stagecoach",10,"10672869",0
"65","474","474",9,"WH",20.4,36,55.5,NA,5,2003-10-24,"474",NA,4,"Blue Triangle",2707622,3054051,3390059,NA,4.07,NA,NA,NA,"GoAhead",10,NA,0
"66","487","487",11,"ON",16.6666666666667,35,69,"Daily",9,2003-10-24,"487",NA,4,"CentreWest",1387751,1428691,1705000,NA,2.93,NA,NA,"Routes 187 & 487 awarded on the basis of a joint bid totaling POUNDS3171264 per annum.","First",10,"3171264",0
"67","69/N69","69",9,"LI",18.6,30.5,56.5,NA,9,2003-10-24,"69","N69",2,"Stagecoach East London",3194408,4226306,4330669,NA,4.33,NA,NA,"Routes 69/N69 147 241 and 330 awarded on the basis of a joint bid totaling POUNDS10672869 per annum.","Stagecoach",10,"10672869",0
"68","28/N28","N28",18,"X",12,37,94,"Daily",7,2003-10-24,"28","N28",2,"CentreWest",4319459,4524374,4578287,"Option 1",5.32,NA,NA,"Routes 28/N28 31/N31 and 328 awarded on the basis of a joint bid totalling POUNDS12719732 per annum.","First",10,"12719732",0
"69","31/N31","N31",15,"PA",10,34,68,"Daily",6,2003-10-24,"31","N31",1,"CentreWest",3840303,4376941,NA,NA,5.05,NA,NA,"Routes 28/N28 31/N31 and 328 awarded on the basis of a joint bid totalling POUNDS12719732 per annum.","First",10,"12719732",0
"70","73/N73","73",34,"SF",7,37,70,"Daily",6,2003-11-21,"73","N73",1,"Arriva London North",10592000,11836000,NA,"Articulated buses",6.78,NA,NA,NA,"Arriva",1,NA,0
"71","73/N73","N73",34,"SF",7,37,70,"Daily",6,2003-11-21,"73","N73",1,"Arriva London North",10592000,11836000,NA,"Articulated buses",6.78,NA,NA,NA,"Arriva",1,NA,0
"72","12/N12","12",16,"Q",17,37,70,NA,7,2003-12-18,"12","N12",2,"London Central",7055000,6952000,7294863,"Double Deck Buses",5.83,NA,NA,NA,"GoAhead",5,NA,0
"73","25/N25","25",31,"BW",8,54,100,"Daily",11,2003-12-18,"25","N25",3,"Stagecoach East London",10298062,11026247,12135928,"Double Deck Buses",6.01,NA,NA,"Routes 8/N8 25/N25 and 30 awarded on the basis of a joint bid totalling POUNDS21641387 per annum.","Stagecoach",5,"21641387",0
"74","30","30",23,"KC",14,42,79,"Daily",8,2003-12-18,"30",NA,2,"Stagecoach East London",4123962,4331072,4984865,NA,5.5,NA,NA,"Routes 8/N8 25/N25 and 30 awarded on the basis of a joint bid totalling POUNDS21641387 per annum.","Stagecoach",5,"21641387",0
"75","603","603",2,"SM",NA,NA,NA,"Monday to Friday",6,2003-12-18,"603",NA,2,"Metroline",153950,153950,181000,NA,16.01,NA,NA,NA,"Metroline",5,NA,0
"76","8/N8","8",28,"BW",9,33,73,"Daily",7,2003-12-18,"8","N8",1,"Stagecoach East London",7219363,7879646,NA,NA,5.58,NA,NA,"Routes 8/N8 25/N25 and 30 awarded on the basis of a joint bid totalling POUNDS21641387 per annum.","Stagecoach",5,"21641387",0
"77","25/N25","N25",31,"BW",8,54,100,"Daily",11,2003-12-18,"25","N25",3,"Stagecoach East London",10298062,11026247,12135928,"Double Deck Buses",6.01,NA,NA,"Routes 8/N8 25/N25 and 30 awarded on the basis of a joint bid totalling POUNDS21641387 per annum.","Stagecoach",5,"21641387",0
"78","8/N8","N8",28,"BW",9,33,73,"Daily",7,2003-12-18,"8","N8",1,"Stagecoach East London",7219363,7879646,NA,NA,5.58,NA,NA,"Routes 8/N8 25/N25 and 30 awarded on the basis of a joint bid totalling POUNDS21641387 per annum.","Stagecoach",5,"21641387",0
"79","137/N137","137",22,"N",8.33333333333333,30,62,"Daily",7,2004-02-02,"137","N137",2,"Arriva London South",5998480,5848893,6713000,NA,5.53,"1) Higher quality expected from award 2) Combinat","Lower joint bid","Routes 137/N137 and 417 awarded on the basis of a joint bid totalling POUNDS8019960 per annum","Arriva",8,"8019960",0
"80","209","209",5,"AF",9.33333333333333,6,13,"Daily",3,2004-02-02,"209",NA,3,"Armchair",1691199,1429195,1945000,NA,4.56,"Higher quality expected from award","Higher quality expected from other bid",NA,"Metroline",8,NA,1
"81","337","337",11,"AF",14.6666666666667,25,67,"Daily",7,2004-02-02,"337",NA,4,"Arriva Wandsworth",2119474,2126474,2444000,NA,4.73,NA,NA,NA,"Arriva",8,NA,0
"82","344","344",15,"QB",19.5,37,60,NA,6,2004-02-02,"344",NA,3,"Connex ",2872072,3116413,3947000,NA,4.91,NA,NA,NA,"Connex ",8,NA,0
"83","417","417",12,"N",13.3333333333333,23,49,"Daily",5,2004-02-02,"417",NA,3,"Arriva London South",2021480,2193209,2430157,NA,4.47,NA,NA,"Routes 137/N137 and 417 awarded on the basis of a joint bid totalling POUNDS8019960 per annum","Arriva",8,"8019960",0
"84","49","49",20,"QB",10,29,64,"Daily",6,2004-02-02,"49",NA,4,"London United",3283090,3378288,3749419,NA,5.59,NA,NA,"Routes 9/N9 49 and 72/N72 awarded on the basis of a joint bid totalling POUNDS10370000 per annum","RATP",8,"10370000",0
"85","72/N72","72",17,"S",10.6666666666667,16,39,"Daily",4,2004-02-02,"72","N72",4,"London United",2826829,2673560,3305810,NA,3.7,"1) Higher quality expected from award 2) Combinat","Higher quality expected from other bid","Routes 9/N9 49 and 72/N72 awarded on the basis of a joint bid totalling POUNDS10370000 per annum","RATP",8,"10370000",0
"86","9/N9","9",18,"V",9,27,56,"Daily",5,2004-02-02,"9","N9",1,"London United",4260081,4467000,NA,NA,5.63,NA,NA,"Routes 9/N9 49 and 72/N72 awarded on the basis of a joint bid totalling POUNDS10370000 per annum","RATP",8,"10370000",0
"87","137/N137","N137",22,"N",8.33333333333333,30,62,"Daily",7,2004-02-02,"137","N137",2,"Arriva London South",5998480,5848893,6713000,NA,5.53,"1) Higher quality expected from award 2) Combinat","Lower joint bid","Routes 137/N137 and 417 awarded on the basis of a joint bid totalling POUNDS8019960 per annum","Arriva",8,"8019960",0
"88","72/N72","N72",17,"S",10.6666666666667,16,39,"Daily",4,2004-02-02,"72","N72",4,"London United",2826829,2673560,3305810,NA,3.7,"1) Higher quality expected from award 2) Combinat","Higher quality expected from other bid","Routes 9/N9 49 and 72/N72 awarded on the basis of a joint bid totalling POUNDS10370000 per annum","RATP",8,"10370000",0
"89","9/N9","N9",18,"V",9,27,56,"Daily",5,2004-02-02,"9","N9",1,"London United",4260081,4467000,NA,NA,5.63,NA,NA,"Routes 9/N9 49 and 72/N72 awarded on the basis of a joint bid totalling POUNDS10370000 per annum","RATP",8,"10370000",0
"90","112","112",11,"W",15,25,54,"Daily",7,2004-02-12,"112",NA,5,"Tellings Golden Miller",905910,905910,1230753,NA,3.26,NA,NA,NA,"Arriva",4,NA,0
"91","232","232",16,"NP",17.6666666666667,47,101,"Daily",13,2004-02-12,"232",NA,3,"Metroline",1566502,1687714,1880000,NA,3.22,NA,NA,NA,"Metroline",4,NA,0
"92","390/N390","390",17,"HT",17.2,35.5,59.5,NA,7,2004-02-12,"390","N390",1,"Metroline",4019112,4207112,NA,NA,3.83,NA,NA,NA,"Metroline",4,NA,0
"93","611","611",1,"PA",NA,NA,NA,"Monday to Friday",7,2004-02-12,"611",NA,1,"Metroline",66000,66000,NA,NA,24.18,NA,NA,NA,"Metroline",4,NA,0
"94","100","100",9,"Q",14,19,46,"Daily",3,2004-03-15,"100",NA,4,"Travel London",2642310,2669000,3330833,NA,4.89,NA,NA,"Routes 100 381/N381 and P13 awarded on the basis of a joint bid totalling POUNDS7284212 per annum","Abellio",21,"7284212",0
"95","107","107",11,"EW",21.6666666666667,38,78,"Daily",11,2004-03-15,"107",NA,4,"Metroline",1547981,1608000,1809992,NA,2.88,NA,NA,NA,"Metroline",21,NA,0
"96","114","114",11,"UX",17.5,42,63.5,NA,12,2004-03-15,"114",NA,2,"Sovereign",3092749,3611006,3667000,NA,3.52,NA,NA,"Routes 114 183 398 and H10/11/13/14/17 awarded on the basis of a joint bid totalling POUNDS11769243 per annum","RATP",21,"11769243",0
"97","140/N140","140",21,"HD",10.6666666666667,38,73,"Daily",10,2004-03-15,"140","N140",2,"Metroline",4027867,4400276,5300000,NA,3.09,NA,NA,"Routes 140/N140 182 640 and H12 awarded on the basis of a joint bid totalling POUNDS9922239 per annum","Metroline",21,"9922239",0
"98","182","182",23,"HD",10.6666666666667,47,88,"Daily",11,2004-03-15,"182",NA,2,"Metroline",3755687,4118365,4749081,NA,3.65,NA,NA,"Routes 140/N140 182 640 and H12 awarded on the basis of a joint bid totalling POUNDS9922239 per annum","Metroline",21,"9922239",0
"99","183","183",13,"SO",14.5,36.5,61.5,NA,11,2004-03-15,"183",NA,2,"Sovereign",2669644,2939274,2990000,NA,3.95,NA,NA,"Routes 114 183 398 and H10/11/13/14/17 awarded on the basis of a joint bid totalling POUNDS11769243 per annum","RATP",21,"11769243",0
"100","199","199",12,"TL",15,29,60,"Daily",7,2004-03-15,"199",NA,2,"Stagecoach Selkent",3443197,3600460,4003290,NA,4.41,NA,NA,NA,"Stagecoach",21,NA,0
"101","340","340",9,"AD",17.3333333333333,24,50,"Daily",6,2004-03-15,"340",NA,4,"Arriva (The Shires)",1347319,1496060,1693207,NA,3.55,NA,NA,NA,"Arriva",21,NA,0
"102","381/N381","381",19,"WL",12.3333333333333,40,92,"Daily",8,2004-03-15,"381","N381",2,"Travel London",3260332,3293265,3769401,NA,4.21,NA,NA,"Routes 100 381/N381 and P13 awarded on the basis of a joint bid totalling POUNDS7284212 per annum","Abellio",21,"7284212",0
"103","398","398",3,"RP",30,22,47,"Daily",6,2004-03-15,"398",NA,7,"Sovereign",559504,689554,893552,NA,3.38,NA,NA,"Routes 114 183 398 and H10/11/13/14/17 awarded on the basis of a joint bid totalling POUNDS11769243 per annum","RATP",21,"11769243",0
"104","640","640",2,"SM",NA,NA,NA,"Monday to Friday",5,2004-03-15,"640",NA,4,"Metroline",134982,140000,168262,NA,32.96,NA,NA,"Routes 140/N140 182 640 and H12 awarded on the basis of a joint bid totalling POUNDS9922239 per annum","Metroline",21,"9922239",0
"105","H10","H10",9,"SO",13.3333333333333,36,80,NA,10,2004-03-15,"H10",NA,4,"Sovereign",1847515,2177000,2435000,NA,3.07,NA,NA,"Routes 114 183 398 and H10/11/13/14/17 awarded on the basis of a joint bid totalling POUNDS11769243 per annum","RATP",21,"11769243",1
"106","H11","H11",7,"SO",20,21,46,"Daily",7,2004-03-15,"H11",NA,5,"Sovereign",965664,1051889,1269893,NA,3.05,NA,NA,"Routes 114 183 398 and H10/11/13/14/17 awarded on the basis of a joint bid totalling POUNDS11769243 per annum","RATP",21,"11769243",0
"107","H12","H12",9,"BT",13.3333333333333,31,60,"Daily",9,2004-03-15,"H12",NA,4,"Metroline ",2003703,1914911,2352968,"Double Deck Buses",3.26,NA,NA,"Routes 140/N140 182 640 and H12 awarded on the basis of a joint bid totalling POUNDS9922239 per annum","Metroline",21,"9922239",0
"108","H13","H13",6,"UX",28,22,45,"Daily",8,2004-03-15,"H13",NA,4,"Sovereign",833568,922329,1072708,NA,3.13,NA,NA,"Routes 140/N140 182 640 and H12 awarded on the basis of a joint bid totalling POUNDS9922239 per annum","RATP",21,"9922239",0
"109","H14","H14",8,"SO",13.3333333333333,14,30,"Daily",4,2004-03-15,"H14",NA,5,"Sovereign",982062,1128000,1246637,NA,3.34,NA,NA,"Routes 140/N140 182 640 and H12 awarded on the basis of a joint bid totalling POUNDS9922239 per annum","RATP",21,"9922239",0
"110","H17","H17",7,"RP",18.3333333333333,17,34,"Daily",5,2004-03-15,"H17",NA,6,"Sovereign",818537,755057,950873,NA,4.04,NA,NA,"Routes 140/N140 182 640 and H12 awarded on the basis of a joint bid totalling POUNDS9922239 per annum","RATP",21,"9922239",0
"111","140/N140","N140",21,"HD",10.6666666666667,38,73,"Daily",10,2004-03-15,"140","N140",2,"Metroline",4027867,4400276,5300000,NA,3.09,NA,NA,"Routes 140/N140 182 640 and H12 awarded on the basis of a joint bid totalling POUNDS9922239 per annum","Metroline",21,"9922239",0
"112","381/N381","N381",19,"WL",12.3333333333333,40,92,"Daily",8,2004-03-15,"381","N381",2,"Travel London",3260332,3293265,3769401,NA,4.21,NA,NA,"Routes 100 381/N381 and P13 awarded on the basis of a joint bid totalling POUNDS7284212 per annum","Abellio",21,"7284212",0
"113","P12","P12",14,"PM",17.3333333333333,35,74,"Daily",8,2004-03-15,"P12",NA,1,"London Central",2279869,2588260,NA,NA,4.19,NA,NA,NA,"GoAhead",21,NA,0
"114","P13","P13",12,"WL",18.3333333333333,43,80,"Daily",10,2004-03-15,"P13",NA,3,"Travel London",1381570,1409765,1713683,NA,3.85,NA,NA,"Routes 100 381/N381 and P13 awarded on the basis of a joint bid totalling POUNDS7284212 per annum","Abellio",21,"7284212",0
"115","672",NA,NA,NA,NA,NA,NA,NA,NA,2004-03-15,"672",NA,1,"Stagecoach Selkent",100669,100669,NA,NA,43.02,NA,NA,NA,"Stagecoach",21,NA,0
"116","606",NA,NA,NA,NA,NA,NA,NA,NA,2004-03-15,"606",NA,4,"Sullivan Buses ",58957,58957,84324,NA,15.76,NA,NA,NA,"SullivanBuses",21,NA,0
"117","144","144",16,"WN",10.3333333333333,27,64,"Daily",6,2004-03-24,"144",NA,2,"Arriva London North",2892540,3115578,3457000,NA,4.56,NA,NA,"Routes 144 279/N279 and W3 awarded on the basis of a joint bid totalling POUNDS11162261 per annum","Arriva",4,"11162261",0
"118","279/N279","279",29,"E",10,42,93,"Daily",9,2004-03-24,"279","N279",1,"Arriva London North",5073563,5931000,NA,NA,4.62,NA,NA,"Routes 144 279/N279 and W3 awarded on the basis of a joint bid totalling POUNDS11162261 per annum","Arriva",4,"11162261",0
"119","279/N279","N279",29,"E",10,42,93,"Daily",9,2004-03-24,"279","N279",1,"Arriva London North",5073563,5931000,NA,NA,4.62,NA,NA,"Routes 144 279/N279 and W3 awarded on the basis of a joint bid totalling POUNDS11162261 per annum","Arriva",4,"11162261",0
"120","W3","W3",13,"WN",14.75,34,53,NA,8,2004-03-24,"W3",NA,2,"Arriva London North",3196158,3347394,3894000,NA,4.14,NA,NA,"Routes 144 279/N279 and W3 awarded on the basis of a joint bid totalling POUNDS11162261 per annum","Arriva",4,"11162261",0
"121","W9","W9",7,"SM",25,28,44,"Daily",7,2004-03-24,"W9",NA,3,"Metroline",1123673,1187673,1273282,NA,3.48,NA,NA,NA,"Metroline",4,NA,0
"122","276","276",17,"SI",15.6666666666667,46,91,"Daily",9,2004-03-25,"276",NA,4,"Stagecoach East London",2584543,2633000,3041204,"Revised Spec",4.09,NA,NA,"Routes 276 376 and D3 awarded on the basis of a joint bid totalling POUNDS6320344 per annum","Stagecoach",6,"6320344",0
"123","376","376",8,"SI",21.6666666666667,26,53,"Daily",6,2004-03-25,"376",NA,3,"Stagecoach East London",1284258,1361000,1539107,NA,4.37,NA,NA,"Routes 276 376 and D3 awarded on the basis of a joint bid totalling POUNDS6320344 per annum","Stagecoach",6,"6320344",0
"124","D3","D3",14,"WH",15,30,59,"Daily",7,2004-03-25,"D3",NA,4,"Stagecoach East London",2451543,2577432,3088200,NA,3.76,NA,NA,"Routes 276 376 and D3 awarded on the basis of a joint bid totalling POUNDS6320344 per annum","Stagecoach",6,"6320344",0
"125","D6","D6",14,"HK",13.6666666666667,20,45,"Daily",5,2004-03-25,"D6",NA,5,"First Capital",2322039,3310802,2935486,"Revised Spec",4.55,NA,NA,"Routes D6 D7 and D8 awarded on the basis of a joint bid totalling POUNDS5359662 per annum","First",6,"5359662",0
"126","D7","D7",15,"SI",10.3333333333333,22,45,"Daily",5,2004-03-25,"D7",NA,3,"First Capital",1677022,1745605,2235994,"Revised Spec",4.13,NA,NA,"Routes D6 D7 and D8 awarded on the basis of a joint bid totalling POUNDS5359662 per annum","First",6,"5359662",0
"127","D8","D8",9,"LI",17.3333333333333,20,46,"Daily",5,2004-03-25,"D8",NA,3,"First Capital",1360601,1422008,1426854,"Revised Spec",4.39,NA,NA,"Routes D6 D7 and D8 awarded on the basis of a joint bid totalling POUNDS5359662 per annum","First",6,"5359662",0
"128","403","403",7,"C",15.6666666666667,22,38,"Daily",7,2004-04-26,"403",NA,4,"Arriva London South",1485120,1413077,1758151,NA,3.73,"1) Higher quality expected from award ","Higher quality expected from other bid","Routes 403 407 and 627 awarded on the basis of a joint bid totalling POUNDS3701376 per annum","Arriva",3,"3701376",0
"129","407","407",15,"BC",15.6666666666667,47,97,"Daily",13,2004-04-26,"407",NA,4,"Arriva London South",2180080,2231617,2743272,NA,3.4,NA,NA,"Routes 403 407 and 627 awarded on the basis of a joint bid totalling POUNDS3701376 per annum","Arriva",3,"3701376",0
"130","627","627",2,"TC",NA,NA,NA,"Monday to Friday",6,2004-04-26,"627",NA,3,"Arriva London South",36176,59727,95825,NA,14.27,NA,NA,"Routes 403 407 and 627 awarded on the basis of a joint bid totalling POUNDS3701376 per annum","Arriva",3,"3701376",0
"131","134/N134","134",15,"PB",17.6,36,53,NA,8,2004-05-21,"134","N134",1,"Metroline",5808005,6311428,NA,"Double Deck Buses",4.85,NA,NA,"Routes 43/N43 and 134/N134 awarded on the basis of a joint bid totalling POUNDS11229495 per annum","Metroline",3,"11229495",0
"132","43/N43","43",19,"HT",18.2,42.5,80.5,NA,9,2004-05-21,"43","N43",1,"Metroline",5421490,5830467,NA,NA,5.22,NA,NA,"Routes 43/N43 and 134/N134 awarded on the basis of a joint bid totalling POUNDS11229495 per annum","Metroline",3,"11229495",0
"133","89/N89","89",15,"BX",17.3333333333333,41,80,"Daily",11,2004-05-21,"89","N89",2,"London Central",3274652,3410139,3650001,NA,3.52,NA,NA,NA,"GoAhead",3,NA,0
"134","89/N89","N89",15,"BX",17.3333333333333,41,80,"Daily",11,2004-05-21,"89","N89",2,"London Central",3274652,3410139,3650001,NA,3.52,NA,NA,NA,"GoAhead",3,NA,0
"135","H20","H20",6,"TF",17.3333333333333,20,29,"Daily",4,2004-06-17,"H20",NA,4,"TGM",725017,800882,1226000,NA,3.47,NA,NA,"Routes H20 and H26 awarded on the basis of a joint bid totalling POUNDS1376152 per annum","TGM",2,"1376152",0
"136","H26","H26",5,"TF",30,26,47,"Daily",6,2004-06-17,"H26",NA,5,"TGM",651135,675000,870000,NA,2.93,NA,NA,"Routes H20 and H26 awarded on the basis of a joint bid totalling POUNDS1376152 per annum","TGM",2,"1376152",0
"137","101","101",12,"RR",14,31,55,"Daily",7,2004-07-13,"101",NA,5,"Stagecoach East London",1780318,2024906,3724158,"Option 2",4.34,NA,NA,"Routes 101 104 238 300 and 325 (Tranche 189) together with routes 97 and 158 (Tranche 188) awarded on the basis of a joint bid totalling POUNDS12793580 per annum","Stagecoach",22,"12793580",0
"138","104","104",18,"RR",14.3333333333333,30,61,"Daily",6,2004-07-13,"104",NA,3,"Stagecoach East London",2136100,2335022,4391762,NA,4.71,NA,NA,"Routes 101 104 238 300 and 325 (Tranche 189) together with routes 97 and 158 (Tranche 188) awarded on the basis of a joint bid totalling POUNDS12793580 per annum","Stagecoach",22,"12793580",0
"139","123","123",12,"AR",17.5,44,71,NA,12,2004-07-13,"123",NA,3,"Arriva London North",3050000,3845000,4015600,NA,3.58,NA,NA,"Routes 123 212D 275 444 657 W15 and W16 awarded on the basis of a joint bid totalling POUNDS10587815 per annum","Arriva",22,"10587815",0
"140","158","158",14,"EC",14.5,29,50,NA,7,2004-07-13,"158",NA,3,"Stagecoach East London",1828232,2211559,2320882,NA,4.01,NA,NA,"Routes 97 and 158 (Tranche 188) together with routes 101 104 238 300 and 325 (Tranche 189) awarded on the basis of a joint bid totalling POUNDS12793580 per annum","Stagecoach",22,"12793580",0
"141","212","212",12,"NP",13,25,48,"Daily",6,2004-07-13,"212",NA,2,"First Capital",1678841,1980000,1994380,"Single Deck Buses",4.13,NA,NA,"Routes 212 215 357 W11 and W12 awarded on the basis of a joint bid totalling POUNDS6046635 per annum","First",22,"6046635",0
"142","212D","212",12,"NP",13,25,48,"Daily",6,2004-07-13,"212D",NA,2,"Arriva London North",28950,60000,85619,NA,15.38,NA,NA,"Routes 123 212D 275 444 657 W15 and W16 awarded on the basis of a joint bid totalling POUNDS10587815 per annum","Arriva",22,"10587815",1
"143","215","215",5,"T",26.6666666666667,22,43,"Daily",5,2004-07-13,"215",NA,3,"First Capital",832515,908954,993618,NA,4.68,NA,NA,"Routes 212 215 357 W11 and W12 awarded on the basis of a joint bid totalling POUNDS6046635 per annum","First",22,"6046635",0
"144","238","238",12,"BK",20,26,50,NA,5,2004-07-13,"238",NA,3,"Stagecoach East London",1680810,1981877,3793010,NA,4.99,NA,NA,"Routes 101 104 238 300 and 325 (Tranche 189) together with routes 97 and 158 (Tranche 188) awarded on the basis of a joint bid totalling POUNDS12793580 per annum","Stagecoach",22,"12793580",0
"145","275","275",13,"T",17.3333333333333,35,80,"Daily",9,2004-07-13,"275",NA,3,"Arriva London North",1920000,2250719,2380000,NA,3.48,NA,NA,"Routes 123 212D 275 444 657 W15 and W16 awarded on the basis of a joint bid totalling POUNDS10587815 per annum","Arriva",22,"10587815",0
"146","300","300",10,"SI",18.3333333333333,30,69,"Daily",7,2004-07-13,"300",NA,5,"Stagecoach East London",1695335,1617208,3245958,"Option 1",4.19,"1) Higher quality expected from award ","Higher quality expected from other bid","Routes 101 104 238 300 and 325 (Tranche 189) together with routes 97 and 158 (Tranche 188) awarded on the basis of a joint bid totalling POUNDS12793580 per annum","Stagecoach",22,"12793580",0
"147","308","308",13,"LI",17.3333333333333,40,66,"Daily",8,2004-07-13,"308",NA,3,"First Capital",1188762,1272028,3109148,NA,3.67,NA,NA,"Routes 58 308 and 309 awarded on the basis of a joint bid totalling POUNDS4955507 per annum","First",22,"4955507",0
"148","309","309",8,"HK",15.6666666666667,24,51,"Daily",5,2004-07-13,"309",NA,4,"First Capital",1461640,1329560,3033705,NA,4.64,"1) Higher quality expected from award ","Higher quality expected from other bid","Routes 58 308 and 309 awarded on the basis of a joint bid totalling POUNDS4955507 per annum","First",22,"4955507",0
"149","325","325",12,"DX",17.3333333333333,35,60,"Daily",8,2004-07-13,"325",NA,4,"Stagecoach East London",1669992,1656641,3337413,NA,4.32,"1) Higher quality expected from award ","Higher quality expected from other bid","Routes routes 101 104 238 300 and 325 (Tranche 189) together with routes 97 and 158 (Tranche 188) awarded on the basis of a joint bid totalling POUNDS12793580 per annum","Stagecoach",22,"12793580",0
"150","357","357",7,"NP",25,19,49,"Daily",5,2004-07-13,"357",NA,2,"First Capital",1267861,1459000,1543508,NA,4.4,NA,NA,"Routes 212 215 357 W11 and W12 awarded on the basis of a joint bid totalling POUNDS6046635 per annum","First",22,"6046635",0
"151","444","444",11,"NP",14,28,62,"Daily",8,2004-07-13,"444",NA,3,"Arriva London North",1346000,1402564,1820267,NA,3.5,NA,NA,"Routes 123 212D 275 444 657 W15 and W16 awarded on the basis of a joint bid totalling POUNDS10587815 per annum","Arriva",22,"10587815",0
"152","58","58",15,"LI",14,34,92,"Daily",8,2004-07-13,"58",NA,3,"First Capital",2305105,2445855,4290913,NA,4.5,NA,NA,"Routes 58 308 and 309 awarded on the basis of a joint bid totalling POUNDS4955507 per annum","First",22,"4955507",0
"153","657","657",1,"NP",NA,NA,NA,"Monday to Saturday",4,2004-07-13,"657",NA,2,"Arriva London North",58865,61000,92800,NA,39.1,NA,NA,"Routes 123 212D 275 444 657 W15 and W16 awarded on the basis of a joint bid totalling POUNDS10587815 per annum","Arriva",22,"10587815",0
"154","97","97",21,"WH",11.6666666666667,33,81,"Daily",7,2004-07-13,"97",NA,2,"Stagecoach East London",2002783,2503479,2574219,NA,3.94,NA,NA,"Routes 97 and 158 (Tranche 188) together with routes 101 104 238 300 and 325 (Tranche 189) awarded on the basis of a joint bid totalling POUNDS12793580 per annum","Stagecoach",22,"12793580",0
"155","W11","W11",9,"AW",14,28,45,"Daily",5,2004-07-13,"W11",NA,1,"First Capital",1287915,1630268,NA,"Option 1",2.53,NA,NA,"Routes 212 215 357 W11 and W12 awarded on the basis of a joint bid totalling POUNDS6046635 per annum","First",22,"6046635",0
"156","W12","W12",5,"AW",30,35,64,"Daily",8,2004-07-13,"W12",NA,2,"First Capital",979503,1043006,1102644,NA,3.62,NA,NA,"Routes 212 215 357 W11 and W12 awarded on the basis of a joint bid totalling POUNDS6046635 per annum","First",22,"6046635",0
"157","W15","W15",21,"LI",11.6666666666667,44,79,"Daily",9,2004-07-13,"W15",NA,3,"Arriva London North",2785000,3351167,3928811,NA,3.41,NA,NA,"Routes 123 212D 275 444 657 W15 and W16 awarded on the basis of a joint bid totalling POUNDS10587815 per annum","Arriva",22,"10587815",0
"158","W16","W16",9,"AW",17.6666666666667,25,54,"Daily",6,2004-07-13,"W16",NA,4,"Arriva London North",1399000,1425067,1763906,NA,3.9,NA,NA,"Routes 123 212D 275 444 657 W15 and W16 awarded on the basis of a joint bid totalling POUNDS10587815 per annum","Arriva",22,"10587815",0
"159","124","124",14,"TL",13.3333333333333,34,62,"Daily",8,2004-08-26,"124",NA,2,"Stagecoach Selkent",1824688,2027431,2038237,NA,3.59,NA,NA,"Routes 124 136 208 & 227 awarded on the basis of a joint bid of POUNDS9185880 per annum.","Stagecoach",4,"9185880",0
"160","136","136",20,"TL",13.3333333333333,47,92,"Daily",10,2004-08-26,"136",NA,3,"Stagecoach Selkent",2636188,2677557,2929098,NA,4.53,NA,NA,"Routes 124 136 208 & 227 awarded on the basis of a joint bid of POUNDS9185880 per annum.","Stagecoach",4,"9185880",0
"161","208","208",16,"MB",14,46,90,"Daily",11,2004-08-26,"208",NA,2,"Stagecoach Selkent",2616503,2710995,2907226,NA,3.89,NA,NA,"Routes 124 136 208 & 227 awarded on the basis of a joint bid of POUNDS9185880 per annum.","Stagecoach",4,"9185880",0
"162","227","227",12,"MB",10.6666666666667,18,40,"Daily",6,2004-08-26,"227",NA,3,"Stagecoach Selkent",2108501,2060947,2381668,NA,4.37,"Combination discount ","Lower joint bid","Routes 124 136 208 & 227 awarded on the basis of a joint bid of POUNDS9185880 per annum.","Stagecoach",4,"9185880",0
"163","113","113",28,"EW",10.6666666666667,48,87,"Daily",12,2004-09-23,"113",NA,1,"Metroline",3193886,3453005,NA,NA,3.92,NA,NA,"Routes 46 82 113 240 266/N266 and C2 awarded on the basis of a joint bid totalling POUNDS18281152 per annum","Metroline",20,"18281152",0
"164","19/N19","19",26,"AR",9.33333333333333,44,92,"Daily",8,2004-09-23,"19","N19",2,"Arriva London South",5675496,5786616,6489606,NA,5.72,NA,NA,"Routes 2/N2 19/N19 249 and 432 awarded on the basis of a joint bid totalling POUNDS13963178 per annum","Arriva",20,"13963178",0
"165","2/N2","2",24,"N",10,41,84,"Daily",8,2004-09-23,"2","N2",1,"Arriva London South",4110497,4545576,NA,NA,4.68,NA,NA,"Routes 2/N2 19/N19 249 and 432 awarded on the basis of a joint bid totalling POUNDS13963178 per annum","Arriva",20,"13963178",0
"166","236/N236","236",14,"LI",13.6666666666667,33,59,"Daily",7,2004-09-23,"236","N236",5,"First Capital",2480000,2543657,3686946,"Including N236",3.81,NA,NA,NA,"First",20,NA,0
"167","240","240",8,"EW",18.3333333333333,30,57,"Daily",8,2004-09-23,"240",NA,3,"Metroline",1650938,1579000,1778848,NA,3.75,"Combination bid.","Lower joint bid","Routes 46 82 113 240 266/N266 and C2 awarded on the basis of a joint bid totalling POUNDS18281152 per annum","Metroline",20,"18281152",0
"168","249","249",15,"N",13.3333333333333,30,72,"Daily",8,2004-09-23,"249",NA,2,"Arriva London South",1991827,2139389,2193736,NA,4.51,NA,NA,"Routes 2/N2 19/N19 249 and 432 awarded on the basis of a joint bid totalling POUNDS13963178 per annum","Arriva",20,"13963178",0
"169","266/N266","266",23,"RP",11.3333333333333,36,76,"Daily",7,2004-09-23,"266","N266",2,"Metroline",4351667,3884283,5072362,NA,4.67,"Higher quality expected from award ","Higher quality expected from other bid","Routes 46 82 113 240 266/N266 and C2 awarded on the basis of a joint bid totalling POUNDS18281152 per annum","Metroline",20,"18281152",0
"170","322","322",10,"SW",16.3333333333333,29,65,"Daily",6,2004-09-23,"322",NA,2,"London General",1488823,1490551,1960785,NA,4.19,NA,NA,NA,"GoAhead",20,NA,0
"171","353","353",7,"MB",26.6666666666667,30,63,"Daily",10,2004-09-23,"353",NA,4,"Metrobus",1063962,1116438,1475761,NA,2.79,NA,NA,"Routes 353 464 654 and T33 awarded on the basis of a joint bid totalling POUNDS3237869 per annum","GoAhead",20,"3237869",0
"172","432","432",12,"SW",14,18,57,"Daily",4,2004-09-23,"432",NA,3,"Arriva London South",2185358,2290449,2530653,NA,4.71,NA,NA,"Routes 2/N2 19/N19 249 and 432 awarded on the basis of a joint bid totalling POUNDS13963178 per annum","Arriva",20,"13963178",0
"173","46","46",19,"HT",13.3333333333333,44,94,"Daily",9,2004-09-23,"46",NA,3,"Metroline",2607692,2311180,3296494,NA,5.15,"1) Higher quality expected from award ","Higher quality expected from other bid","Routes 46 82 113 240 266/N266 and C2 awarded on the basis of a joint bid totalling POUNDS18281152 per annum","Metroline",20,"18281152",0
"174","464","464",3,"BC",51.3333333333333,17,24,"Daily",6,2004-09-23,"464",NA,2,"Metrobus",543090,570230,592577,NA,3.21,NA,NA,"Routes 353 464 654 and T33 awarded on the basis of a joint bid totalling POUNDS3237869 per annum","GoAhead",20,"3237869",0
"175","654","654",1,"MB",NA,NA,NA,"Monday to Friday",10,2004-09-23,"654",NA,1,"Metrobus",153628,177390,NA,NA,19.59,NA,NA,"Routes 353 464 654 and T33 awarded on the basis of a joint bid totalling POUNDS3237869 per annum","GoAhead",20,"3237869",0
"176","82","82",24,"PB",NA,NA,NA,"Daily",10,2004-09-23,"82",NA,2,"Metroline",4117226,4490021,4495814,NA,4.56,NA,NA,"Routes 46 82 113 240 266/N266 and C2 awarded on the basis of a joint bid totalling POUNDS18281152 per annum","Metroline",20,"18281152",0
"177","G1","G1",13,"SW",21.6666666666667,45,99,NA,10,2004-09-23,"G1",NA,2,"Travel London",1629000,1629549,1685601,NA,4.54,NA,NA,NA,"Abellio",20,NA,0
"178","K50","K50",8,"TV",16,17,25,NA,5,2004-09-23,"K50",NA,5,"London United",196983,196983,303892,"5 year",3.74,NA,NA,NA,"RATP",20,NA,0
"179","K50","K50",8,"TV",16,17,25,NA,5,2004-09-23,"K50",NA,5,"London United ",196983,196983,303892,"5 year",3.74,NA,NA,NA,"RATP",20,NA,0
"180","19/N19","N19",26,"AR",9.33333333333333,44,92,"Daily",8,2004-09-23,"19","N19",2,"Arriva London South",5675496,5786616,6489606,NA,5.72,NA,NA,"Routes 2/N2 19/N19 249 and 432 awarded on the basis of a joint bid totalling POUNDS13963178 per annum","Arriva",20,"13963178",0
"181","2/N2","N2",24,"N",10,41,84,"Daily",8,2004-09-23,"2","N2",1,"Arriva London South",4110497,4545576,NA,NA,4.68,NA,NA,"Routes 2/N2 19/N19 249 and 432 awarded on the basis of a joint bid totalling POUNDS13963178 per annum","Arriva",20,"13963178",0
"182","266/N266","N266",23,"RP",11.3333333333333,36,76,"Daily",7,2004-09-23,"266","N266",2,"Metroline",4351667,3884283,5072362,NA,4.67,"Higher quality expected from award ","Higher quality expected from other bid","Routes 46 82 113 240 266/N266 and C2 awarded on the basis of a joint bid totalling POUNDS18281152 per annum","Metroline",20,"18281152",0
"183","S3","S3",8,"EB",20,56,80,"Monday to Saturday",12,2004-09-23,"S3",NA,3,"Quality Line",977314,977314,1294101,"Option 2",3.34,NA,NA,NA,"RATP",20,NA,0
"184","C2",NA,NA,NA,NA,NA,NA,NA,NA,2004-09-23,"C2",NA,1,"Metroline",2359743,2574422,NA,NA,6.28,NA,NA,"Routes 46 82 113 240 266/N266 and C2 awarded on the basis of a joint bid totalling POUNDS18281152 per annum","Metroline",20,"18281152",1
"185","T33",NA,NA,NA,NA,NA,NA,NA,NA,2004-09-23,"T33",NA,2,"Metrobus",1477189,1497591,1798790,NA,3.68,NA,NA,"Routes 353 464 654 and T33 awarded on the basis of a joint bid totalling POUNDS3237869 per annum","GoAhead",20,"3237869",0
"186","211","211",16,"V",13.3333333333333,30,71,"Daily",7,2004-11-08,"211",NA,3,"Travel London",3333980,3839000,3921408,NA,5.73,NA,NA,"Routes 211 & C1 awarded on the basis of a joint bid of POUNDS4830000 per annum.","Abellio",5,"4830000",0
"187","C1","C1",13,"S",13,27,66,"Daily",6,2004-11-08,"C1",NA,2,"Travel London",1496020,1676478,1708420,NA,5.91,NA,NA,"Routes 211 & C1 awarded on the basis of a joint bid of POUNDS4830000 per annum.","Abellio",5,"4830000",0
"188","X26","X26",10,"C",30,76,144,"Daily",24,2004-11-08,"X26",NA,6,"Metrobus",836815,849680,1226169,"Single Deck Buses",2.92,NA,NA,NA,"GoAhead",5,NA,0
"189","X26","X26",10,"C",30,76,144,"Daily",24,2004-11-08,"X26",NA,6,"Metrobus",836815,849680,1226169,"Option 1",2.92,NA,NA,NA,"GoAhead",5,NA,0
"190","B99",NA,NA,NA,NA,NA,NA,NA,NA,2004-11-08,"B99",NA,1,"Stagecoach Selkent",52136,52136,NA,NA,9.94,NA,NA,NA,"Stagecoach",5,NA,0
"191","70","70",19,"S",14.3333333333333,38,98,"Daily",10,2004-11-22,"70",NA,5,"Metroline (Thorpes)",2525000,2552955,3035438,NA,4.48,NA,NA,NA,"Metroline",1,NA,0
"192","120","120",17,"PA",12.3333333333333,30,65,"Daily",8,2004-12-20,"120",NA,6,"London United",2108000,2244721,2530000,NA,3.91,NA,NA,"Routes 81 120 and 222 awarded on the basis of a joint bid totalling POUNDS7037000 per annum","RATP",16,"7037000",0
"193","186","186",16,"HD",17.3333333333333,54,97,"Daily",11,2004-12-20,"186",NA,4,"Metroline",2495859,1660434,2619558,"Double Deck Buses",4.41,"Higher quality expected from award ","Higher quality expected from other bid","Routes 186 214/N214 and W7 awarded on the basis of a joint bid totalling POUNDS8146275 per annum","Metroline",16,"8146275",0
"194","197","197",15,"C",17.3333333333333,40,82,"Daily",10,2004-12-20,"197",NA,3,"Arriva London South",2580836,2677855,2868371,NA,3.94,NA,NA,"Routes 197 289 and 312 awarded on the basis of a joint bid of POUNDS5276944 per annum.","Arriva",16,"5276944",0
"195","214/N214","214",14,"NP",14.4,31,51.5,NA,6,2004-12-20,"214","N214",2,"Metroline",3412074,3478925,3741787,NA,5.18,NA,NA,"Routes 186 214/N214 and W7 awarded on the basis of a joint bid totalling POUNDS8146275 per annum","Metroline",16,"8146275",0
"196","222","222",9,"UX",18.8,35,55.5,NA,11,2004-12-20,"222",NA,5,"London United ",3132000,2936158,3709301,"Single Deck Buses",3.2,"1) Higher quality expected from award ","Higher quality expected from other bid","Routes 81 120 and 222 awarded on the basis of a joint bid totalling POUNDS7037000 per annum","RATP",16,"7037000",0
"197","243/N243","243",22,"AR",15.2,48,88.5,NA,10.5,2004-12-20,"243","N243",1,"Arriva London North",5435252,5724252,NA,NA,4.65,NA,NA,NA,"Arriva",16,NA,0
"198","271/N271","271",8,"HT",19,22,40.5,NA,5.5,2004-12-20,"271","N271",2,"Metroline",2444268,2138626,2623687,NA,5.56,"Higher quality expected from award ","Higher quality expected from other bid","Routes 4 and 271/N271 awarded on the basis of a joint bid totalling POUNDS5633699 per annum","Metroline",16,"5633699",0
"199","280","280",14,"AL",14,30,73,"Daily",7,2004-12-20,"280",NA,2,"London General",2435107,2195525,2804326,NA,4.2,"Higher quality expected from award","Higher quality expected from other bid",NA,"GoAhead",16,NA,0
"200","289","289",15,"TH",17.3333333333333,41,82,"Daily",9,2004-12-20,"289",NA,4,"Arriva London South",1565396,1567780,1867758,NA,3.67,NA,NA,"Routes 197 289 and 312 awarded on the basis of a joint bid of POUNDS5276944 per annum.","Arriva",16,"5276944",0
"201","312","312",7,"TC",17.3333333333333,18,41,"Daily",4,2004-12-20,"312",NA,4,"Arriva London South",1130712,1197416,1359475,NA,3.94,"N/A ",NA,"Routes 197 289 and 312 awarded on the basis of a joint bid of POUNDS5276944 per annum.","Arriva",16,"5276944",0
"202","4","4",17,"HT",14,38,69,"Daily",7,2004-12-20,"4",NA,2,"Metroline",3189431,3424012,3616736,"Option 1",5.51,NA,NA,"Routes 4 and 271/N271 awarded on the basis of a joint bid totalling POUNDS5633699 per annum","Metroline",16,"5633699",0
"203","549","549",1,"WH",70,18,33,"Monday to Saturday",5,2004-12-20,"549",NA,2,"Docklands Minibus",149432,149432,182735,"Option 1",2.96,NA,NA,NA,"GoAhead",16,NA,0
"204","81","81",16,"SG",15.6666666666667,42,79,"Daily",12,2004-12-20,"81",NA,8,"London United",1797000,1616186,2198000,"Single Deck Buses",3.1,"1) Higher quality expected from award ","Higher quality expected from other bid","Routes 81 120 and 222 awarded on the basis of a joint bid totalling POUNDS7037000 per annum","RATP",16,"7037000",0
"205","R68","R68",10,"TF",16.6666666666667,35,70,"Daily",9,2004-12-20,"R68",NA,4,"TGM",1615448,1677258,1858000,NA,3.45,NA,NA,"Routes R68 and R70 awarded on the basis of a joint bid totalling POUNDS3297624 per annum","TGM",16,"3297624",0
"206","R70","R70",11,"TF",15,27,50,"Daily",8,2004-12-20,"R70",NA,3,"TGM",1682176,1739520,1957000,NA,3.39,NA,NA,"Routes R68 and R70 awarded on the basis of a joint bid totalling POUNDS3297624 per annum","TGM",16,"3297624",0
"207","W7","W7",10,"HT",11,12,18,NA,3,2004-12-20,"W7",NA,2,"Metroline",2238342,2366880,2412034,NA,7.06,NA,NA,"Routes 186 214/N214 and W7 awarded on the basis of a joint bid totalling POUNDS8146275 per annum","Metroline",16,"8146275",0
"208","103","103",14,"GY",16.6666666666667,32,60,"Daily",10,2005-01-31,"103",NA,5,"Stagecoach East London",1892577,2189840,2252422,NA,3.67,NA,NA,"Routes 103 174 175 257 296 496 and 674 awarded on the basis of a joint bid totalling POUNDS12025549 per annum","Stagecoach",16,"12025549",0
"209","128","128",10,"NS",22.4,43.5,63,NA,11,2005-01-31,"128",NA,5,"Arriva London North",2614776,2628670,2849640,NA,4.05,NA,NA,"Route 128 (Tranche 203A) together with routes 173 673 and 675 (tranche 198) awarded on the basis of a joint bid totalling POUNDS4217780 per annum","Arriva",16,"4217780",0
"210","150","150",15,"DX",17.3333333333333,37,70,"Daily",9,2005-01-31,"150",NA,4,"First Capital",2389520,2358032,2918196,NA,4.15,"Higher quality expected from award","Higher quality expected from other bid",NA,"First",16,NA,0
"211","159/N159","159",19,"QB",14.2,42,70.5,NA,9,2005-01-31,"159","N159",2,"Arriva London South",6502789,6941010,7049789,NA,5.06,NA,NA,NA,"Arriva",16,NA,0
"212","173","173",15,"DX",13.6666666666667,33,73,"Daily",9,2005-01-31,"173",NA,5,"Arriva London North",1516918,1601300,2003295,NA,3.21,NA,NA,"Routes 173 673 and 675 (Tranche 198) together with route 128 (Tranche 203A) awarded on the basis of a joint bid totalling POUNDS4217780 per annum","Arriva",16,"4217780",0
"213","174","174",23,"RM",12.6666666666667,38,83,"Daily",10,2005-01-31,"174",NA,2,"Stagecoach East London",3369968,3699755,4106359,"Option 1",3.61,NA,NA,"Routes 103 174 175 257 296 496 and 674 awarded on the basis of a joint bid totalling POUNDS12025549 per annum","Stagecoach",16,"12025549",0
"214","175","175",14,"DX",16.6666666666667,33,63,"Daily",9,2005-01-31,"175",NA,2,"Stagecoach East London",1834803,2169190,2292449,NA,3.53,NA,NA,"Routes 103 174 175 257 296 496 and 674 awarded on the basis of a joint bid totalling POUNDS12025549 per annum","Stagecoach",16,"12025549",0
"215","257","257",16,"T",10.6666666666667,24,55,"Daily",5,2005-01-31,"257",NA,4,"Stagecoach East London",2658646,2813934,3219298,NA,3.53,NA,NA,"Routes 103 174 175 257 296 496 and 674 awarded on the basis of a joint bid totalling POUNDS12025549 per annum","Stagecoach",16,"12025549",0
"216","296","296",6,"NS",23.75,28.5,41.5,NA,8,2005-01-31,"296",NA,3,"Stagecoach East London",1029094,1162425,1246185,NA,3.47,NA,NA,"Routes 103 174 175 257 296 496 and 674 awarded on the basis of a joint bid totalling POUNDS12025549 per annum","Stagecoach",16,"12025549",0
"217","339","339",12,"LI",18.3333333333333,38,76,"Daily",8,2005-01-31,"339",NA,2,"First Capital",604137,641432,721498,NA,4.36,"Higher quality expected from award","Higher quality expected from other bid",NA,"First",16,NA,0
"218","347","347",1,"GY",12,45,53,"Monday to Saturday",12,2005-01-31,"347",NA,2,"Blue Triangle",110584,110584,158572,NA,3.61,NA,NA,NA,"GoAhead",16,NA,0
"219","496","496",8,"RM",18.3333333333333,28,53,"Daily",8,2005-01-31,"496",NA,3,"Stagecoach East London",1201482,1413508,1453641,NA,3.26,NA,NA,"Routes 103 174 175 257 296 496 and 674 awarded on the basis of a joint bid totalling POUNDS12025549 per annum","Stagecoach",16,"12025549",0
"220","673","673",1,"DX",NA,NA,NA,"Monday to Friday",7,2005-01-31,"673",NA,3,"Arriva London North",21218,44078,67874,NA,12.09,NA,NA,"Routes 173 673 and 675 (Tranche 198) together with route 128 (Tranche 203A) awarded on the basis of a joint bid totalling POUNDS4217780 per annum","Arriva",16,"4217780",0
"221","674","674",1,"RR",NA,NA,NA,"Monday to Friday",6,2005-01-31,"674",NA,3,"Stagecoach East London",38979,45858,80737,NA,18.17,NA,NA,"Routes 103 174 175 257 296 496 and 674 awarded on the basis of a joint bid totalling POUNDS12025549 per annum","Stagecoach",16,"12025549",0
"222","675",NA,NA,NA,NA,NA,NA,NA,NA,2005-01-31,"675",NA,1,"Arriva London North",64868,66874,NA,NA,27.72,NA,NA,"Routes 173 673 and 675 (Tranche 198) together with route 128 (Tranche 203A) awarded on the basis of a joint bid totalling POUNDS4217780 per annum","Arriva",16,"4217780",0
"223","900 series",NA,NA,NA,NA,NA,NA,NA,NA,2005-01-31,"900 series",NA,1,"First Capital",103858,104407,NA,NA,4.15,NA,NA,NA,"First",16,NA,1
"224","131","131",21,"AL",10.6666666666667,28,74,"Daily",8,2005-03-01,"131",NA,3,"London United",1875000,1904536,2188178,NA,4.53,NA,NA,"Routes 131 411 and 641 awarded on the basis of a joint bid totalling POUNDS2585000 per annum.","RATP",9,"2585000",0
"225","220/N220","220",14,"RP",18,30,59.5,NA,8,2005-03-01,"220","N220",2,"London United",3887,4124809,4363000,NA,5.19,NA,NA,NA,"RATP",9,NA,0
"226","267","267",17,"TF",13.6666666666667,32,74,"Daily",9,2005-03-01,"267",NA,4,"London United",2258000,2232074,2407000,NA,4.47,"IncumbentâÃÃ´s good performance on this route","Good performance incumbent",NA,"RATP",9,NA,0
"227","267","267",17,"TF",13.6666666666667,32,74,"Daily",9,2005-03-01,"267",NA,4,"London United",2258000,2232074,2407000,NA,4.47,"Incumbent's good performance on this route","Good performance incumbent",NA,"RATP",9,NA,0
"228","295","295",12,"WJ",18.6,41,60.5,NA,7,2005-03-01,"295",NA,4,"First CentreWest",3334557,3817425,4415210,NA,4.82,NA,NA,NA,"First",9,NA,0
"229","33","33",22,"FW",13.6666666666667,31,68,"Daily",8,2005-03-01,"33",NA,4,"National Car Parks",2692468,2692468,3203000,NA,3.58,NA,NA,"Routes 33 and 419 awarded on the basis of a joint bid totalling POUNDS3832137 per annum","NCP",9,"3832137",0
"230","411","411",6,"FW",40.6666666666667,16,34,"Daily",5,2005-03-01,"411",NA,5,"London United",643708,641413,741911,NA,5.06,"Higher quality expected from award","Higher quality expected from other bid","Routes 131 411 and 641 awarded on the basis of a joint bid totalling POUNDS2585000 per annum.","RATP",9,"2585000",0
"231","419","419",13,"FW",17.3333333333333,27,68,"Daily",8,2005-03-01,"419",NA,4,"National Car Parks",1139669,1028718,1109727,NA,5,"Joint bid discount with route 33","Lower joint bid","Routes 33 and 419 awarded on the basis of a joint bid totalling POUNDS3832137 per annum","NCP",9,"3832137",0
"232","641","641",1,"EB",NA,NA,NA,"Monday to Friday",5,2005-03-01,"641",NA,4,"London United",66292,56353,72500,NA,5.06,"Higher quality expected from award","Higher quality expected from other bid","Routes 131 411 and 641 awarded on the basis of a joint bid totalling POUNDS2585000 per annum.","RATP",9,"2585000",1
"233","188","188",16,"Q",18.4,47,88,NA,10,2005-03-09,"188",NA,2,"Travel London",4241565,4419672,4997376,NA,4.53,NA,NA,"Routes 188 and 343/N343 awarded on the basis of a joint bid totalling POUNDS8362000 per annum","Abellio",4,"8362000",0
"234","343/N343","343",24,"NX",9.66666666666667,40,82,"Daily",8,2005-03-09,"343","N343",2,"Travel London",4120435,4304471,4456688,NA,4.88,NA,NA,"Routes 188 and 343/N343 awarded on the basis of a joint bid totalling POUNDS8362000 per annum","Abellio",4,"8362000",0
"235","47/N47","47",11,"TL",21.6,47.5,78.5,NA,9,2005-03-09,"47","N47",2,"Stagecoach Selkent",3929538,4136576,4169326,NA,4.32,NA,NA,NA,"Stagecoach",4,NA,0
"236","B14","B14",5,"TB",35,38,67,"Daily",12,2005-03-09,"B14",NA,3,"Metrobus",778680,808680,1002086,NA,2.72,NA,NA,NA,"GoAhead",4,NA,0
"237","343/N343","N343",24,"NX",9.66666666666667,40,82,"Daily",8,2005-03-09,"343","N343",2,"Travel London",4120435,4304471,4456688,NA,4.88,NA,NA,"Routes 188 and 343/N343 awarded on the basis of a joint bid totalling POUNDS8362000 per annum","Abellio",4,"8362000",0
"238","27/N27","27",22,"QB",10.6666666666667,35,81,"Daily",8,2005-04-11,"27","N27",2,"London United ",3670000,4010000,4649513,"Option 1",4.87,NA,NA,NA,"RATP",2,NA,0
"239","27/N27","N27",22,"QB",10.6666666666667,35,81,"Daily",8,2005-04-11,"27","N27",2,"London United ",3670000,4010000,4649513,"Option 1",4.87,NA,NA,NA,"RATP",2,NA,0
"240","435",NA,NA,NA,NA,NA,NA,NA,NA,2005-04-11,"435",NA,9,"CentreWest",645878,686975,1102000,"Double Deck Buses",3,NA,NA,NA,"First",2,NA,1
"241","121","121",21,"E",14.3333333333333,47,105,"Daily",12,2005-05-09,"121",NA,1,"Arriva London North",3556149,3881460,NA,NA,4.2,NA,NA,"Routes 29/N29 41/N41 121 141 329 and W4 awarded on the basis of a joint bid totalling POUNDS24471627 per annum","Arriva",14,"24471627",0
"242","141","141",26,"AD",10.3333333333333,36,80,"Daily",8,2005-05-09,"141",NA,4,"Arriva London North",4207993,4362329,4735637,"Option 1",5.68,NA,NA,"Routes 29/N29 41/N41 121 141 329 and W4 awarded on the basis of a joint bid totalling POUNDS24471627 per annum","Arriva",14,"24471627",0
"243","153","153",11,"NP",14.6666666666667,25,53,"Daily",6,2005-05-09,"153",NA,1,"CT Plus",1528287,1580325,NA,NA,4.68,NA,NA,NA,"HCT",14,NA,0
"244","29/N29","29",36,"WN",7.33333333333333,36,78,"Daily",7,2005-05-09,"29","N29",1,"Arriva London North",8643857,8997791,NA,"Articulated buses",6.15,NA,NA,"Routes 29/N29 41/N41 121 141 329 and W4 awarded on the basis of a joint bid totalling POUNDS24471627 per annum","Arriva",14,"24471627",0
"245","299","299",7,"SM",21.6666666666667,22,53,"Daily",6,2005-05-09,"299",NA,4,"First Capital",1063076,993038,1240565,NA,3.89,"Combination Bid","Lower joint bid","Routes 299 616 699 W6 and W10 awarded on the basis of a joint bid totalling POUNDS2587992 per annum","First",14,"2587992",0
"246","329","329",16,"AD",8.66666666666667,24,48,"Daily",6,2005-05-09,"329",NA,1,"Arriva London North",2840023,3102931,NA,"Option 1",4.76,NA,NA,"Routes 29/N29 41/N41 121 141 329 and W4 awarded on the basis of a joint bid totalling POUNDS24471627 per annum","Arriva",14,"24471627",0
"247","41/N41","41",12,"AR",8.66666666666667,24,54,"Daily",5,2005-05-09,"41","N41",2,"Arriva London North",3446772,3380607,4196113,NA,4.37,"Combination Bid","Lower joint bid","Routes 29/N29 41/N41 121 141 329 and W4 awarded on the basis of a joint bid totalling POUNDS24471627 per annum ","Arriva",14,"24471627",0
"248","52/N52","52",11,"AC",18.6,34.5,54,NA,7,2005-05-09,"52","N52",2,"Metroline",5708533,6138268,6311533,"Option 1",5.51,NA,NA,NA,"Metroline",14,NA,0
"249","616","616",2,"NP",NA,NA,NA,"Monday to Friday",7,2005-05-09,"616",NA,3,"First Capital",55750,67441,81441,NA,20.42,NA,NA,"Routes 299 616 699 W6 and W10 awarded on the basis of a joint bid totalling POUNDS2587992 per annum","First",14,"2587992",0
"250","699","699",3,"SM",NA,NA,NA,"Monday to Friday",9,2005-05-09,"699",NA,4,"First Capital",175776,195436,253331,NA,18.4,NA,NA,"Routes 299 616 699 W6 and W10 awarded on the basis of a joint bid totalling POUNDS2587992 per annum","First",14,"2587992",1
"251","29/N29","N29",36,"WN",7.33333333333333,36,78,"Daily",7,2005-05-09,"29","N29",1,"Arriva London North",8643857,8997791,NA,"Articulated buses",6.15,NA,NA,"Routes 29/N29 41/N41 121 141 329 and W4 awarded on the basis of a joint bid totalling POUNDS24471627 per annum","Arriva",14,"24471627",0
"252","41/N41","N41",12,"AR",8.66666666666667,24,54,"Daily",5,2005-05-09,"41","N41",2,"Arriva London North",3446772,3380607,4196113,NA,4.37,"Combination Bid","Lower joint bid","Routes 29/N29 41/N41 121 141 329 and W4 awarded on the basis of a joint bid totalling POUNDS24471627 per annum ","Arriva",14,"24471627",0
"253","W10","W10",1,"NP",60,15,19,"Monday to Saturday",4,2005-05-09,"W10",NA,3,"First Capital",76518,71797,97261,NA,5.95,"Combination Bid","Lower joint bid","Routes 299 616 699 W6 and W10 awarded on the basis of a joint bid totalling POUNDS2587992 per annum","First",14,"2587992",0
"254","W4","W4",14,"WN",13.3333333333333,32,60,"Daily",6,2005-05-09,"W4",NA,3,"Arriva London North",1776833,1912206,2090024,NA,4.35,NA,NA,"Routes 29/N29 41/N41 121 141 329 and W4 awarded on the basis of a joint bid totalling POUNDS24471627 per annum","Arriva",14,"24471627",0
"255","W5","W5",7,"HK",17.3333333333333,18,34,"Daily",4,2005-05-09,"W5",NA,2,"Metroline",1213331,1258331,1261456,NA,5.32,NA,NA,NA,"Metroline",14,NA,0
"256","W6","W6",9,"E",16.6666666666667,20,34,"Daily",5,2005-05-09,"W6",NA,4,"First Capital",1216872,1158805,1415131,NA,4.99,"Combination Bid","Lower joint bid","Routes 299 616 699 W6 and W10 awarded on the basis of a joint bid totalling POUNDS2587992 per annum","First",14,"2587992",0
"257","118","118",13,"SW",17.3333333333333,32,71,"Daily",9,2005-06-22,"118",NA,4,"London General",2300000,2492786,2673500,NA,4.34,NA,NA,NA,"GoAhead",6,NA,0
"258","258","258",11,"BT",25,36,73,"Daily",8,2005-06-22,"258",NA,3,"Arriva The Shires",1580561,1611000,1957195,NA,3.44,NA,NA,NA,"Arriva",6,NA,0
"259","649","649",2,"RR",NA,NA,NA,"Monday to Friday",5,2005-06-22,"649",NA,3,"First Capital",234703,264703,381519,NA,26.92,NA,NA,NA,"First",6,NA,1
"260","651","651",2,"RR",NA,NA,NA,"Monday to Friday",6,2005-06-22,"651",NA,2,"Arriva London North",115747,129747,160962,NA,24.73,NA,NA,NA,"Arriva",6,NA,1
"261","H28","H28",9,"TF",26.6666666666667,45,92,"Daily",11,2005-06-22,"H28",NA,5,"Travel London West",1309290,1224210,1499216,NA,3.35,"Higher quality expected from award","Higher quality expected from other bid",NA,"Abellio",6,NA,0
"262","H50",NA,NA,NA,NA,NA,NA,NA,NA,2005-06-22,"H50",NA,7,"Travel London Middlesex",464902,464902,644738,"Double Deck Buses",4.65,NA,NA,NA,"Abellio",6,NA,1
"263","138","138",3,"MB",26.6666666666667,17,32,"Daily",5,2005-07-29,"138",NA,3,"Metrobus",622957,629667,720922,NA,3.49,NA,NA,"Routes 138 161 181 284 and 367 awarded on the basis of a joint bid totalling POUNDS8485798 per annum.","GoAhead",21,"8485798",0
"264","145","145",11,"BK",18,49,72.5,NA,12,2005-07-29,"145",NA,4,"Stagecoach East London",2804832,2689419,3240522,NA,3.74,"Combination bid","Lower joint bid","Routes 62 145 169 287 287D 366 and 387 awarded on the basis of a joint bid totalling POUNDS12226120 per annum ","Stagecoach",21,"12226120",0
"265","161","161",16,"PD",11.3333333333333,37,75,"Daily",11,2005-07-29,"161",NA,2,"Metrobus",2778927,2844017,3702122,NA,3.44,NA,NA,"Routes 138 161 181 284 and 367 awarded on the basis of a joint bid totalling POUNDS8485798 per annum.","GoAhead",21,"8485798",0
"266","162","162",8,"MB",18.3333333333333,42,80,"Daily",12,2005-07-29,"162",NA,3,"Arriva Kent Thameside",1399456,1399456,1733832,NA,3,NA,NA,NA,"Arriva",21,NA,0
"267","169","169",14,"BK",15,24,59,"Daily",6,2005-07-29,"169",NA,3,"Stagecoach East London",1782523,2061004,2195634,NA,4.33,NA,NA,"Routes 62 145 169 287 287D 366 and 387 awarded on the basis of a joint bid totalling POUNDS12226120 per annum ","Stagecoach",21,"12226120",0
"268","172","172",15,"NX",14.3333333333333,32,78,"Daily",7,2005-07-29,"172",NA,2,"London Central",2462262,2771616,2775249,NA,4.35,NA,NA,"Routes 172 225 484 and C10 awarded on the basis of a joint bid totalling POUNDS7930057 per annum.","GoAhead",21,"7930057",0
"269","181","181",13,"KB",14,32,71,"Daily",7,2005-07-29,"181",NA,2,"Metrobus",1981413,1715013,1825191,"Option 1",3.98,NA,NA,"Routes 138 161 181 284 and 367 awarded on the basis of a joint bid totalling POUNDS8485798 per annum.","GoAhead",21,"8485798",0
"270","225","225",6,"MG",21.3333333333333,21,66,"Daily",5,2005-07-29,"225",NA,2,"London Central",1400755,1471410,1661091,NA,5,NA,NA,"Routes 172 225 484 and C10 awarded on the basis of a joint bid totalling POUNDS7930057 per annum.","GoAhead",21,"7930057",0
"271","284","284",12,"KB",17.3333333333333,25,52,"Daily",6,2005-07-29,"284",NA,2,"Metrobus",1636816,1673580,1768652,NA,4.23,NA,NA,"Routes 138 161 181 284 and 367 awarded on the basis of a joint bid totalling POUNDS8485798 per annum.","GoAhead",21,"8485798",0
"272","287","287",7,"RM",18.3333333333333,28,49,"Daily",8,2005-07-29,"287",NA,5,"Stagecoach East London",1275533,1186008,1546100,NA,3.05,"Combination bid","Lower joint bid","Routes 62 145 169 287 287D 366 and 387 awarded on the basis of a joint bid totalling POUNDS12226120 per annum ","Stagecoach",21,"12226120",0
"273","287D","287",7,"RM",18.3333333333333,28,49,"Daily",8,2005-07-29,"287D",NA,3,"STagecoach East London",32924,39908,5725,NA,42.21,NA,NA,"Routes 62 145 169 287 287D 366 and 387 awarded on the basis of a joint bid totalling POUNDS12226120 per annum ","Stagecoach",21,"12226120",1
"274","366","366",18,"BK",13.3333333333333,52,84,"Daily",11,2005-07-29,"366",NA,4,"Stagecoach East London",2478517,2046204,3004263,NA,3.3,"Combination bid","Lower joint bid","Routes 62 145 169 287 287D 366 and 387 awarded on the basis of a joint bid totalling POUNDS12226120 per annum ","Stagecoach",21,"12226120",0
"275","367","367",10,"BC",28.3333333333333,41,82,"Daily",11,2005-07-29,"367",NA,5,"Metrobus",1465685,1321175,1845364,NA,3.4,"Combination bid","Lower joint bid","Routes 138 161 181 284 and 367 awarded on the basis of a joint bid totalling POUNDS8485798 per annum. ","GoAhead",21,"8485798",0
"276","368","368",10,"DX",17,23,49,"Daily",6,2005-07-29,"368",NA,5,"Docklands Minibuses",1092895,1092895,1535622,NA,3.15,NA,NA,NA,"GoAhead",21,NA,0
"277","389/399","389",0,"SM",60,10,12,"Daily",2,2005-07-29,"389/399",NA,3,"First Capital",54280,78938,97091,NA,3.56,NA,NA,NA,"First",21,NA,0
"278","389/399","399",0,"SM",60,10,12,"Daily",2,2005-07-29,"389/399",NA,3,"First Capital",54280,78938,97091,NA,3.56,NA,NA,NA,"First",21,NA,0
"279","484","484",11,"WL",14,27,53,"Daily",7,2005-07-29,"484",NA,2,"London Central",2026685,2196632,2254835,NA,4.12,"Combination bid","Lower joint bid","Routes 172 225 484 and C10 awarded on the basis of a joint bid totalling POUNDS7930057 per annum.","GoAhead",21,"7930057",0
"280","62","62",16,"BK",13.3333333333333,34,81,"Daily",9,2005-07-29,"62",NA,4,"Stagecoach East London",2210268,2287165,2679113,NA,3.71,NA,NA,"Routes 62 145 169 287 287D 366 and 387 awarded on the basis of a joint bid totalling POUNDS12226120 per annum ","Stagecoach",21,"12226120",0
"281","67","67",12,"NP",12.6666666666667,24,48,"Daily",5,2005-07-29,"67",NA,4,"First Capital",2767128,2960603,3630034,NA,5.15,NA,NA,"Routes 67 95 and 105/N105 awarded on the basis of a joint bid totalling POUNDS7450305 per annum","First",21,"7450305",0
"282","C10","C10",22,"WL",10.6666666666667,39,80,"Daily",8,2005-07-29,"C10",NA,2,"London Central",2040355,1936181,2194770,NA,4.05,"Combination bid","Lower joint bid","Routes 172 225 484 and C10 awarded on the basis of a joint bid totalling POUNDS7930057 per annum.","GoAhead",21,"7930057",0
"283","N97","N97",4,"X",25,28,47,"Nights",6,2005-07-29,NA,"N97",4,"London United",399900,373049,566195,NA,4.28,"Higher quality expected from award","Higher quality expected from other bid",NA,"RATP",21,NA,0
"284","387",NA,NA,NA,NA,NA,NA,NA,NA,2005-07-29,"387",NA,3,"Stagecoach East London",1641523,1846442,2079725,NA,3.83,NA,NA,"Routes 62 145 169 287 287D 366 and 387 awarded on the basis of a joint bid totalling POUNDS12226120 per annum ","Stagecoach",21,"12226120",0
"285","105/N105","105",9,"HH",20.4,38.5,61,NA,9,2005-08-12,"105","N105",4,"First CentreWest",2934602,3133614,3995726,NA,3.38,NA,NA,"Routes 67 95 and 105/N105 awarded on the basis of a joint bid totalling POUNDS7450305 per annum","First",10,"7450305",0
"286","171/N171","171",21,"NX",11.6666666666667,38,97,"Daily",8,2005-08-12,"171","N171",3,"London Central",4379412,4697978,5135407,NA,4.28,"Combination bid","Lower joint bid","Routes 68/N68 171/N171 196 315 468 P5 and X68 awarded on the basis of a joint bid totalling POUNDS18101092 per annum","GoAhead",10,"18101092",0
"287","196","196",16,"WL",17.3333333333333,43,85,"Daily",9,2005-08-12,"196",NA,3,"London General",2209081,2445999,2634154,NA,4.09,NA,NA,"Routes 68/N68 171/N171 196 315 468 P5 and X68 awarded on the basis of a joint bid totalling POUNDS18101092 per annum","GoAhead",10,"18101092",0
"288","315","315",4,"SW",26.6666666666667,16,38,"Daily",4,2005-08-12,"315",NA,3,"London General",736944,736047,813029,NA,5.09,"Combination bid",NA,"Routes 68/N68 171/N171 196 315 468 P5 and X68 awarded on the basis of a joint bid totalling POUNDS18101092 per annum","GoAhead",10,"18101092",0
"289","468","468",24,"N",13,48,97,"Daily",12,2005-08-12,"468",NA,3,"London Central",4482068,4796260,4940141,NA,4.26,"Combination Bid","Lower joint bid","Routes 68/N68 171/N171 196 315 468 P5 and X68 awarded on the basis of a joint bid totalling POUNDS18101092 per annum","GoAhead",10,"18101092",0
"290","68/N68","68",23,"WL",11,35,82,"Daily",8,2005-08-12,"68","N68",3,"London Central",3995415,4392725,4611011,NA,4.48,NA,NA,"Routes 68/N68 171/N171 196 315 468 P5 and X68 awarded on the basis of a joint bid totalling POUNDS18101092 per annum","GoAhead",10,"18101092",0
"291","95","95",14,"G",17.3333333333333,36,89,"Daily",10,2005-08-12,"95",NA,5,"First CentreWest",1748575,1878379,2244715,"Option 1",3.31,NA,NA,"Routes 67 95 and 105/N105 awarded on the basis of a joint bid totalling POUNDS7450305 per annum","First",10,"7450305",0
"292","171/N171","N171",21,"NX",11.6666666666667,38,97,"Daily",8,2005-08-12,"171","N171",3,"London Central",4379412,4697978,5135407,NA,4.28,"Combination bid","Lower joint bid","Routes 68/N68 171/N171 196 315 468 P5 and X68 awarded on the basis of a joint bid totalling POUNDS18101092 per annum","GoAhead",10,"18101092",0
"293","68/N68","N68",23,"WL",11,35,82,"Daily",8,2005-08-12,"68","N68",3,"London Central",3995415,4392725,4611011,NA,4.48,NA,NA,"Routes 68/N68 171/N171 196 315 468 P5 and X68 awarded on the basis of a joint bid totalling POUNDS18101092 per annum","GoAhead",10,"18101092",0
"294","P5","P5",9,"WL",18.3333333333333,34,59,"Daily",6,2005-08-12,"P5",NA,2,"London Central",1374375,1522141,1597956,NA,4.23,"Combination bid","Lower joint bid","Routes 68/N68 171/N171 196 315 468 P5 and X68 awarded on the basis of a joint bid totalling POUNDS18101092 per annum","GoAhead",10,"18101092",0
"295","X68","X68",8,"Q",31,54,88,"Monday to Friday",12,2005-08-12,"X68",NA,3,"London Central",923797,969849,1030211,NA,12.06,"Combination bid","Lower joint bid","Routes 68/N68 171/N171 196 315 468 P5 and X68 awarded on the basis of a joint bid totalling POUNDS18101092 per annum","GoAhead",10,"18101092",0
"296","604",NA,NA,NA,NA,NA,NA,NA,NA,2005-08-12,"604",NA,1,"Arriva London South",121747,135747,NA,NA,28.4,NA,NA,NA,"Arriva",10,NA,1
"297","15H","15",23,"RR",8.66666666666667,31,74,"Daily",6,2005-09-09,"15H",NA,6,"Stagecoach East London",895000,823756,1070925,NA,10.69,"Higher quality expected from award","Higher quality expected from other bid",NA,"Stagecoach",2,NA,0
"298","9H","9",18,"V",9,27,56,"Daily",5,2005-09-09,"9H",NA,6,"First CentreWest",919673,834151,1077427,NA,12.57,"Higher quality expected from award","Higher quality expected from other bid",NA,"First",2,NA,0
"299","230","230",11,"NP",15,35,71,"Daily",8,2005-10-07,"230",NA,4,"Stagecoach East London",2250000,2399413,2721670,NA,4.36,NA,NA,NA,"Stagecoach",7,NA,0
"300","26/N26","26",21,"HK",10.6666666666667,28,73,"Daily",7,2005-10-07,"26","N26",5,"Stagecoach East London",3175000,3502160,3964180,NA,4.44,NA,NA,NA,"Stagecoach",7,NA,0
"301","268","268",6,"W",18.3333333333333,16,43,"Daily",3,2005-10-07,"268",NA,3,"Arriva The Shires",1157431,1150885,1313226,NA,5.2,"Combination bid","Lower joint bid","Routes 268 H1/H3 and H2 awarded on the basis of a joint bid discount totalling POUNDS1909000 per annum ","Arriva",7,"1909000",0
"302","274","274",13,"KC",11.3333333333333,33,67,"Daily",6,2005-10-07,"274",NA,2,"Metroline",2793500,3017576,3129531,NA,4.37,NA,NA,NA,"Metroline",7,NA,0
"303","H2","H2",3,"W",17.3333333333333,10,15,"Daily",2,2005-10-07,"H2",NA,2,"Arriva The Shires",605506,638847,668314,NA,4.39,NA,NA,"Routes 268 H1/H3 and H2 awarded on the basis of a joint bid totalling POUNDS1909000 per annum","Arriva",7,"1909000",0
"304","H1/H3","H3",1,"W",60,22,28,"Monday to Saturday",6,2005-10-07,"H1/H3",NA,2,"Arriva The Shires",146063,156623,204055,NA,5.4,NA,NA,"Routes 268 H1/H3 and H2 awarded on the basis of a joint bid discount totalling POUNDS1909000 per annum ","Arriva",7,"1909000",0
"305","26/N26","N26",21,"HK",10.6666666666667,28,73,"Daily",7,2005-10-07,"26","N26",5,"Stagecoach East London",3175000,3502160,3964180,NA,4.44,NA,NA,NA,"Stagecoach",7,NA,0
"306","B99",NA,NA,NA,NA,NA,NA,NA,NA,2005-10-07,"B99",NA,1,"Stagecoach Selkent",60776,60776,NA,NA,11.73,NA,NA,NA,"Stagecoach",7,NA,0
"307","127","127",17,"C",13.3333333333333,36,78,"Daily",9,2005-10-20,"127",NA,5,"Metrobus",1485623,1485623,2210651,"Double Deck Buses",3.52,NA,NA,NA,"GoAhead",9,NA,0
"308","219","219",11,"AL",15,27,60,"Daily",6,2005-10-20,"219",NA,2,"London General",1853689,2022500,2031022,NA,5.13,NA,NA,"Routes 37/N37 44/N44 77 87/N87 219 270 and 670 awarded on the basis of a joint bid totalling POUNDS18836100 per annum.","GoAhead",9,"18836100",0
"309","270","270",13,"BC",11.3333333333333,24,58,"Daily",6,2005-10-20,"270",NA,3,"London General",2327435,2419505,2550564,NA,5.01,NA,NA,"Routes 37/N37 44/N44 77 87/N87 219 270 and 670 awarded on the basis of a joint bid totalling POUNDS18836100 per annum.","GoAhead",9,"18836100",0
"310","37/N37","37",12,"PM",19.4,40,69,NA,10,2005-10-20,"37","N37",2,"London Central",3730012,4081690,4110366,NA,4.66,NA,NA,"Routes 37/N37 44/N44 77 87/N87 219 270 and 670 awarded on the basis of a joint bid totalling POUNDS18836100 per annum.","GoAhead",9,"18836100",0
"311","424","424",5,"AF",33,38,84,"Monday to Saturday",7,2005-10-20,"424",NA,1,"London General",604472,716957,NA,NA,5.04,NA,NA,NA,"GoAhead",9,NA,0
"312","44/N44","44",20,"AL",13.3333333333333,31,71,"Daily",7,2005-10-20,"44","N44",2,"London General",3366399,3480491,3672765,NA,5.09,NA,NA,"Routes 37/N37 44/N44 77 87/N87 219 270 and 670 awarded on the basis of a joint bid totalling POUNDS18836100 per annum.","GoAhead",9,"18836100",0
"313","670","670",1,"AF",NA,NA,NA,"Monday to Friday",6,2005-10-20,"670",NA,3,"London General",35693,139476,19869,NA,13.76,NA,NA,"Routes 37/N37 44/N44 77 87/N87 219 270 and 670 awarded on the basis of a joint bid totalling POUNDS18836100 per annum.","GoAhead",9,"18836100",1
"314","77","77",18,"SW",13,38,81,"Daily",8,2005-10-20,"77",NA,1,"London General",3049435,3335542,NA,NA,4.74,NA,NA,"Routes 37/N37 44/N44 77 87/N87 219 270 and 670 awarded on the basis of a joint bid totalling POUNDS18836100 per annum.","GoAhead",9,"18836100",0
"315","87/N87","87",22,"SW",10,29,63,"Daily",6,2005-10-20,"87","N87",1,"London General",4473437,4847767,NA,NA,4.7,NA,NA,"Routes 37/N37 44/N44 77 87/N87 219 270 and 670 awarded on the basis of a joint bid totalling POUNDS18836100 per annum.","GoAhead",9,"18836100",0
"316","44/N44","N44",20,"AL",13.3333333333333,31,71,"Daily",7,2005-10-20,"44","N44",2,"London General",3366399,3480491,3672765,NA,5.09,NA,NA,"Routes 37/N37 44/N44 77 87/N87 219 270 and 670 awarded on the basis of a joint bid totalling POUNDS18836100 per annum.","GoAhead",9,"18836100",0
"317","87/N87","N87",22,"SW",10,29,63,"Daily",6,2005-10-20,"87","N87",1,"London General",4473437,4847767,NA,NA,4.7,NA,NA,"Routes 37/N37 44/N44 77 87/N87 219 270 and 670 awarded on the basis of a joint bid totalling POUNDS18836100 per annum.","GoAhead",9,"18836100",0
"318","498","498",6,"NS",29.6666666666667,24,49,"Daily",7,2005-11-16,"498",NA,2,"Arriva Kent Thameside",482653,449009,673301,NA,3.16,"N/A (See note below)","Other or no reason given",NA,"Arriva",2,NA,0
"319","53/N53","53",29,"PD",10.6666666666667,49,120,"Daily",11,2005-11-16,"53","N53",2,"Stagecoach Selkent",6049125,6403495,6735900,NA,4.09,NA,NA,NA,"Stagecoach",2,NA,0
"320","53/N53","N53",29,"PD",10.6666666666667,49,120,"Daily",11,2005-11-16,"53","N53",2,"Stagecoach Selkent",6049125,6403495,6735900,NA,4.09,NA,NA,NA,"Stagecoach",2,NA,0
"321","129","129",7,"MG",16.6666666666667,11,26,"Daily",2,2005-11-30,"129",NA,3,"Travel London",1843595,1843595,1990929,"Option 1",4.3,NA,NA,NA,"Abellio",3,NA,0
"322","481","481",4,"TF",45,39,69,"Daily",8,2005-11-30,"481",NA,4,"Travel London West",298789,299207,333775,NA,4.36,NA,NA,NA,"Abellio",3,NA,0
"323","485","485",4,"PL",30,14,34,"Monday to Saturday",4,2005-11-30,"485",NA,3,"London General",372716,372716,450000,NA,4.66,NA,NA,NA,"GoAhead",3,NA,0
"324","146","146",1,"TB",62,22,28,"Daily",6,2006-01-13,"146",NA,1,"Metrobus",186743,186743,NA,NA,2.86,NA,NA,NA,"GoAhead",14,NA,0
"325","251","251",13,"BT",17.3333333333333,29,57,"Daily",9,2006-01-13,"251",NA,3,"Metroline",1742036,1641909,1867000,NA,3.32,"Higher quality expected from award","Higher quality expected from other bid",NA,"Metroline",14,NA,0
"326","288","288",3,"BT",15,15,33,"Daily",4,2006-01-13,"288",NA,3,"Arriva The Shires",1059030,1042120,1188514,NA,4.04,"Combination Bid","Lower joint bid","Routes 288 303 and 305 awarded on the basis of a joint bid totalling 2838066 per annum","Arriva",14,"2838066",0
"327","303","303",7,"BT",21.6666666666667,26,52,"Daily",7,2006-01-13,"303",NA,2,"Arriva The Shires",1030478,1091167,1169341,NA,4.14,NA,NA,"Routes 288 303 and 305 awarded on the basis of a joint bid totalling 2838066 per annum","Arriva",14,"2838066",0
"328","305","305",4,"GR",NA,NA,NA,"Daily",4,2006-01-13,"305",NA,2,"Arriva The Shires",748558,792643,848725,NA,4.44,NA,NA,"Routes 288 303 and 305 awarded on the basis of a joint bid totalling 2838066 per annum","Arriva",14,"2838066",0
"329","336","336",10,"TB",18.3333333333333,33,69,"Daily",11,2006-01-13,"336",NA,1,"Metrobus",1308743,1308743,NA,NA,3.46,NA,NA,NA,"GoAhead",14,NA,0
"330","377","377",4,"E",45.5,24,41,"Monday to Saturday",6,2006-01-13,"377",NA,3,"Arriva London North",469232,484232,707261,"Existing structure",4.05,NA,NA,NA,"Arriva",14,NA,0
"331","377","377",4,"E",45.5,24,41,"Monday to Saturday",6,2006-01-13,"377",NA,3,"Arriva London North",469232,509925,564604,NA,4.05,NA,NA,NA,"Arriva",14,NA,0
"332","605","605",2,"SM",NA,NA,NA,"Monday to Friday",3,2006-01-13,"605",NA,1,"London United",73000,73000,NA,NA,24.96,NA,NA,NA,"RATP",14,NA,0
"333","697","697",4,"AV",NA,NA,NA,"Monday to Friday",8,2006-01-13,"697",NA,4,"London United",122000,122000,208323,NA,21.28,NA,NA,NA,"RATP",14,NA,0
"334","698","698",4,"HH",NA,NA,NA,"Monday to Friday",10,2006-01-13,"698",NA,4,"London United",176500,176500,319511,NA,17.14,NA,NA,NA,"RATP",14,NA,0
"335","K4","K4",4,"TV",45,27,52,"Monday to Saturday",7,2006-01-13,"K4",NA,3,"London United",672000,794126,931000,NA,4.71,NA,NA,NA,"RATP",14,NA,0
"336","K5","K5",6,"TV",35,54,92,"Monday to Saturday",12,2006-01-13,"K5",NA,4,"London United",348000,337501,535060,NA,3.94,"Higher quality expected from award","Higher quality expected from other bid",NA,"RATP",14,NA,0
"337","R9","R9",3,"MB",25.6666666666667,18,31,"Daily",2,2006-01-13,"R9",NA,3,"First CentreWest",463279,512220,549745,NA,3.45,NA,NA,NA,"First",14,NA,0
"338","117","117",10,"AH",27.6666666666667,48,91,"Daily",10,2006-02-09,"117",NA,4,"Armchair",1419222,1459722,1642873,NA,3.75,NA,NA,NA,"Metroline",16,NA,0
"339","152","152",15,"AL",17.3333333333333,33,85,"Daily",8,2006-02-09,"152",NA,6,"Travel London",2012123,1799776,2413000,NA,4.41,"Higher quality expected from award and joint bid ","Higher quality expected from other bid","Routes 152 and 157 awarded on the basis of a joint bid totalling 5159109 per annum","Abellio",16,"5159109",0
"340","157","157",18,"N",17.3333333333333,41,95,"Daily",12,2006-02-09,"157",NA,3,"Travel London",3146986,3193551,3356000,NA,4.32,NA,NA,"Routes 152 and 157 awarded on the basis of a joint bid totalling 5159109 per annum","Abellio",16,"5159109",0
"341","160","160",12,"DT",20,39,93,"Daily",10,2006-02-09,"160",NA,3,"Arriva Kent Thameside",1922730,2132457,2415528,NA,3.78,NA,NA,"Routes 60 160 319 and 450 awarded on the basis of a joint bid totalling 10257710 per annum","Arriva",16,"10257710",0
"342","203","203",7,"AV",26.6666666666667,34,63,"Daily",10,2006-02-09,"203",NA,4,"London United",1198000,1171138,1367000,NA,3.26,"Combination Bid","Lower joint bid","Routes 203 and 290 awarded on the basis of a joint bid totalling 2395000 per annum","RATP",16,"2395000",0
"343","290","290",7,"TF",23.3333333333333,33,64,"Daily",10,2006-02-09,"290",NA,2,"London United",1197000,1272000,1277255,NA,3.015,NA,NA,"Routes 203 and 290 awarded on the basis of a joint bid totalling 2395000 per annum","RATP",16,"2395000",0
"344","319","319",12,"BN",15.75,33.5,60,NA,8,2006-02-09,"319",NA,3,"Arriva London South",3532530,3905000,4406091,NA,4.94,NA,NA,"Routes 60 160 319 and 450 awarded on the basis of a joint bid totalling 10257710 per annum","Arriva",16,"10257710",0
"345","359","359",3,"C",30,20,37,"Daily",6,2006-02-09,"359",NA,2,"Metrobus",74520,91355,102546,NA,3.52,NA,NA,NA,"GoAhead",16,NA,0
"346","413","413",8,"EB",25,21,58,"Daily",6,2006-02-09,"413",NA,3,"London General",1205369,883141,1278398,NA,4.05,"Higher quality expected from award","Higher quality expected from other bid",NA,"GoAhead",16,NA,0
"347","450","450",19,"N",12.6666666666667,37,70,"Daily",9,2006-02-09,"450",NA,4,"Arriva London South",2083980,2137000,2313150,NA,4.28,NA,NA,"Routes 60 160 319 and 450 awarded on the basis of a joint bid totalling 10257710 per annum","Arriva",16,"10257710",0
"348","60","60",20,"TC",12.3333333333333,47,90,"Daily",12,2006-02-09,"60",NA,3,"Arriva London South",2718480,3004000,3268119,NA,3.94,NA,NA,"Routes 60 160 319 and 450 awarded on the basis of a joint bid totalling 10257710 per annum","Arriva",16,"10257710",0
"349","655","655",1,"AL",NA,NA,NA,"Monday to Friday",5,2006-02-09,"655",NA,3,"London General",66497,71657,86647,NA,37.27,NA,NA,NA,"GoAhead",16,NA,0
"350","660","660",1,"DT",NA,NA,NA,"Monday to Friday",5,2006-02-09,"660",NA,2,"Stagecoach Selkent",61514,64752,95232,NA,26.29,NA,NA,NA,"Stagecoach",16,NA,0
"351","689","689",1,"TH",NA,NA,NA,"Monday to Friday",4,2006-02-09,"689",NA,1,"Arriva London South",71680,78680,NA,NA,20.42,NA,NA,NA,"Arriva",16,NA,0
"352","S1","S1",11,"EB",18.3333333333333,44,80,"Daily",9,2006-02-09,"S1",NA,3,"Quality Line",1496180,1434817,1537368,NA,3.89,"Higher quality expected from award","Higher quality expected from other bid",NA,"RATP",16,NA,0
"353","690",NA,NA,NA,NA,NA,NA,NA,NA,2006-02-09,"690",NA,1,"Arriva London South",67200,74200,NA,NA,24.62,NA,NA,NA,"Arriva",16,NA,0
"354","193","193",11,"NS",16.6666666666667,25,49,"Daily",7,2006-03-23,"193",NA,2,"First Capital",1759841,1921841,2048575,NA,3.29,NA,NA,NA,"First",10,NA,0
"355","256","256",11,"RM",16.6666666666667,23,42,"Daily",7,2006-03-23,"256",NA,3,"Arriva Kent Thameside",1521459,1603891,1648671,NA,3.34,NA,NA,"Routes 256 and 346 awarded on the basis of a joint bid totaling 1885745 per annum","Arriva",10,"1885745",0
"356","346","346",3,"RR",22.5,7,17,"Monday to Saturday",3,2006-03-23,"346",NA,3,"Arriva Kent Thameside",364286,377650,445882,NA,4.37,NA,NA,"Routes 256 and 346 awarded on the basis of a joint bid totaling 1885745 per annum","Arriva",10,"1885745",0
"357","370D","370",11,"BT",25,40,70,"Daily",12,2006-03-23,"370D",NA,3,"First Capital",58300,59718,102009,NA,25.12,NA,NA,"Routes 370D 646 656 679 and 686 awarded on the basis of a joint bid totaling 583000 per annum","First",10,"583000",0
"358","646","646",3,"RR",NA,NA,NA,"Monday to Friday",8,2006-03-23,"646",NA,2,"First Capital",174900,170176,225209,NA,17.25,"Combination bid","Lower joint bid","Routes 370D 646 656 679 and 686 awarded on the basis of a joint bid totaling 583000 per annum","First",10,"583000",0
"359","648","648",2,"RR",NA,NA,NA,"Monday to Friday",5,2006-03-23,"648",NA,3,"Blue Triangle",112354,112354,150526,NA,25.12,NA,NA,NA,"GoAhead",10,NA,0
"360","652","652",2,"RR",NA,NA,NA,"Monday to Friday",8,2006-03-23,"652",NA,3,"First Capital",80919,92919,139030,NA,18.86,NA,NA,"Routes 370D 646 656 679 and 686 awarded on the basis of a joint bid totaling 583000 per annum","First",10,"583000",0
"361","656","656",2,"RR",NA,NA,NA,"Monday to Friday",8,2006-03-23,"656",NA,3,"First Capital",116600,118286,166519,NA,27.18,NA,NA,"Routes 370D 646 656 679 and 686 awarded on the basis of a joint bid totaling 583000 per annum","First",10,"583000",0
"362","679","679",4,"RR",NA,NA,NA,"Monday to Friday",10,2006-03-23,"679",NA,2,"First Capital",116600,136131,156180,NA,18.12,NA,NA,"Routes 370D 646 656 679 and 686 awarded on the basis of a joint bid totaling 583000 per annum","First",10,"583000",0
"363","686","686",2,"RR",NA,NA,NA,"Monday to Friday",2,2006-03-23,"686",NA,3,"First Capital",116600,117528,154310,NA,40.12,NA,NA,"Routes 370D 646 656 679 and 686 awarded on the basis of a joint bid totaling 583000 per annum","First",10,"583000",0
"364","313","313",7,"E",25,34,73,"Daily",11,2006-04-06,"313",NA,3,"Arriva London North",1316140,1260842,1383000,NA,3.22,"Higher quality expected from award","Higher quality expected from other bid","Routes 313 and 318 awarded on the basis of a joint bid totaling 2170000 per annum","Arriva",4,"2170000",0
"365","318","318",9,"BT",15.6666666666667,29,53,"Daily",5,2006-04-06,"318",NA,2,"Arriva London North",854560,897000,999979,NA,3.94,NA,NA,"Routes 313 and 318 awarded on the basis of a joint bid totaling 2170000 per annum","Arriva",4,"2170000",0
"366","W19","W19",18,"AW",16.6666666666667,43,81,"Daily",7,2006-04-06,"W19",NA,5,"Docklands",1299480,1299480,1528201,NA,4.01,NA,NA,NA,"GoAhead",4,NA,0
"367","ELS",NA,NA,NA,NA,NA,NA,NA,NA,2006-04-06,"ELS",NA,5,"Travel London",472088,416504,574000,NA,8.54,"Higher quality expected from award","Higher quality expected from other bid",NA,"Abellio",4,NA,1
"368","200","200",14,"AL",11,29,55,"Daily",7,2006-05-03,"200",NA,3,"London General",2772076,2772076,2791517,NA,4.59,NA,NA,NA,"GoAhead",12,NA,0
"369","223","223",6,"RP",26.6666666666667,27,56,"Daily",7,2006-05-03,"223",NA,3,"First CentreWest",1102707,1251214,2840900,NA,3.74,NA,NA,"Routes 79 223 and 224 awarded on the basis of a joint bid totaling 4550092 per annum","First",12,"4550092",0
"370","224","224",7,"RP",26.6666666666667,32,65,"Daily",6,2006-05-03,"224",NA,2,"Fisrt CentreWest",1394685,1527299,3147872,NA,4.83,NA,NA,"Routes 79 223 and 224 awarded on the basis of a joint bid totaling 4550092 per annum","First",12,"4550092",0
"371","3/N3","3",19,"WL",10.6666666666667,31,76,"Daily",9,2006-05-03,"3","N3",3,"Travel London",4540739,4607736,4876448,NA,4.7,NA,NA,NA,"Abellio",12,NA,0
"372","452","452",19,"X",11.3333333333333,37,92,"Daily",9,2006-05-03,"452",NA,5,"Travel London",3578314,3602285,4288000,NA,5.41,NA,NA,NA,"Abellio",12,NA,0
"373","486","486",9,"BX",17.5,30.5,45.5,NA,9,2006-05-03,"486",NA,1,"London Central",3204577,3204577,NA,NA,3.98,NA,NA,NA,"GoAhead",12,NA,0
"374","493","493",17,"PL",17.3333333333333,48,112,"Daily",13,2006-05-03,"493",NA,4,"Armchair",2513286,2497857,2911000,NA,3.93,"Short period between contract award and start","Bid withdrawn",NA,"Metroline",12,NA,0
"375","79","79",11,"BT",14,28,62,"Daily",7,2006-05-03,"79",NA,5,"First CentreWest",2052700,1762268,2327573,NA,4.2,"Lowest cost bid deficient","Other or no reason given","Routes 79 223 and 224 awarded on the basis of a joint bid totaling 4550092 per annum","First",12,"4550092",0
"376","H18/H19","H18",4,"SO",31.6666666666667,30,66,NA,8,2006-05-03,"H18/H19",NA,4,"Arriva The Shires",756598,750033,858000,"Restructured",3.12,"Higher quality expected from award","Higher quality expected from other bid",NA,"Arriva",12,NA,0
"377","H18/H19","H19",4,"SO",31.6666666666667,30,66,NA,8,2006-05-03,"H18/H19",NA,4,"Arriva The Shires",756598,750033,858000,"Restructured",3.12,"Higher quality expected from award","Higher quality expected from other bid",NA,"Arriva",12,NA,0
"378","H25","H25",9,"TF",20.6666666666667,30,59,"Daily",8,2006-05-03,"H25",NA,3,"Travel London",1348590,1391000,1440810,NA,3.76,NA,NA,"Routes H25 and U7 awarded on the basis of a joint bid totaling 1927966 per annum","Abellio",12,"1927966",0
"379","3/N3","N3",19,"WL",10.6666666666667,31,76,"Daily",9,2006-05-03,"3","N3",3,"Travel London",4540739,4607736,4876448,NA,4.7,NA,NA,NA,"Abellio",12,NA,0
"380","U7","U7",5,"WS",32,32,45,"Daily",6,2006-05-03,"U7",NA,5,"Travel London",579376,577265,787784,NA,3.37,"Combination bid","Lower joint bid","Routes H25 and U7 awarded on the basis of a joint bid totaling 1927966 per annum","Abellio",12,"1927966",0
"381","U9","U9",3,"WS",40,17,24,"Daily",6,2006-05-03,"U9",NA,1,"Arriva The Shires",460225,478225,NA,NA,3.11,NA,NA,NA,"Arriva",12,NA,0
"382","122","122",17,"PD",14,42,90,"Daily",12,2006-05-18,"122",NA,3,"Selkent",2852756,3157000,3353361,NA,3.62,NA,NA,"Routes 122 and 273 awarded on the basis of a joint bid totalling 4103133 per annum","Stagecoach",15,"4103133",0
"383","261","261",13,"TB",15.6666666666667,33,65,"Daily",9,2006-05-18,"261",NA,3,"Metrobus",2234776,2216970,2532000,NA,3.99,"Good performance by incumbent ","Good performance incumbent",NA,"GoAhead",15,NA,0
"384","273","273",8,"TL",26.6666666666667,43,84,"Daily",11,2006-05-18,"273",NA,3,"Selkent",1250377,1214402,1337938,NA,3.63,"Combination bid","Lower joint bid","Routes 122 and 273 awarded on the basis of a joint bid totalling 4103133 per annum","Stagecoach",15,"4103133",0
"385","455","455",11,"C",29,53,92,"Daily",13,2006-05-18,"455",NA,4,"Arriva London South",1659000,1634590,1899866,NA,3.4,"Good performance by incumbent.","Good performance incumbent",NA,"Arriva",15,NA,0
"386","61","61",9,"TB",18.3333333333333,35,66,"Daily",12,2006-05-18,"61",NA,4,"Selkent",1764305,1764305,2009816,NA,3.49,NA,NA,NA,"Stagecoach",15,NA,0
"387","624","624",1,"Q",NA,NA,NA,"Monday to Friday",4,2006-05-18,"624",NA,1,"Selkent",206403,229337,NA,NA,30.64,NA,NA,"Routes 624 625 and 658 awarded on the basis of a joint bid totalling 518544 per annum","Stagecoach",15,"518544",0
"388","625","625",2,"BX",NA,NA,NA,"Monday to Friday",7,2006-05-18,"625",NA,2,"Selkent",136083,151203,151774,NA,24.06,NA,NA,"Routes 624 625 and 658 awarded on the basis of a joint bid totalling 518544 per annum","Stagecoach",15,"518544",0
"389","658","658",3,"BX",NA,NA,NA,"Monday to Friday",5,2006-05-18,"658",NA,1,"Selkent",176083,195620,NA,NA,32.13,NA,NA,"Routes 624 625 and 658 awarded on the basis of a joint bid totalling 518544 per annum","Stagecoach",15,"518544",0
"390","R1","R1",6,"MB",25,28,53,"Daily",8,2006-05-18,"R1",NA,3,"First CentreWest",1234419,1306846,1403663,NA,3.2,NA,NA,"Routes R1 and R11 awarded on the basis of a joint bid totalling 2596706 per annum","First",15,"2596706",0
"391","R11","R11",9,"MB",17.3333333333333,24,49,"Daily",9,2006-05-18,"R11",NA,3,"First CentreWest",1362287,1364768,1480271,NA,3.26,NA,NA,"Routes R1 and R11 awarded on the basis of a joint bid totalling 2596706 per annum","First",15,"2596706",0
"392","R2","R2",3,"MB",30,23,42,"Monday to Saturday",9,2006-05-18,"R2",NA,2,"Metrobus",713840,713840,807115,NA,3.16,NA,NA,NA,"GoAhead",15,NA,0
"393","R3","R3",6,"MB",26.6666666666667,34,55,"Daily",9,2006-05-18,"R3",NA,3,"First CentreWest",799235,730087,907265,NA,3.09,"Combination bid","Lower joint bid","Routes R3 and R4 awarded on the basis of a joint bid totalling 1610661 per annum ","First",15,"1610661",0
"394","R4","R4",6,"MB",46.6666666666667,30,53,"Daily",8,2006-05-18,"R4",NA,3,"First CentreWest",811426,910201,1041007,NA,3.04,NA,NA,"Routes R3 and R4 awarded on the basis of a joint bid totalling 1610661 per annum ","First",15,"1610661",0
"395","R6","R6",2,"MB",50,14,30,"Daily",4,2006-05-18,"R6",NA,2,"First CentreWest",376591,388591,426585,NA,4.15,NA,NA,NA,"First",15,NA,0
"396","R8","R8",1,"MB",85,27,43,"Monday to Saturday",8,2006-05-18,"R8",NA,2,"Metrobus",236906,236906,254494,NA,3.07,NA,NA,NA,"GoAhead",15,NA,0
"397","167","167",7,"BK",26.6666666666667,28,56,"Daily",8,2006-07-06,"167",NA,4,"Docklands Minibuses",1605000,1536689,2175364,NA,3.64,"Good performance by incumbent","Good performance incumbent",NA,"GoAhead",12,NA,0
"398","20","20",10,"AW",25,33,75,"Daily",10,2006-07-06,"20",NA,4,"Arriva London North",1691950,1719905,2059290,NA,3.67,NA,NA,"Routes 20 379 397 462 617 629 & 667 awarded on the basis of a joint bid totalling 4588054 per annum","Arriva",12,"4588054",0
"399","298","298",5,"SM",26.6666666666667,24,52,"Daily",7,2006-07-06,"298",NA,2,"Arriva London North",998000,1028000,1046787,NA,3.21,NA,NA,NA,"Arriva",12,NA,0
"400","362","362",3,"BK",31.6666666666667,24,45,"Daily",7,2006-07-06,"362",NA,4,"Blue Triangle",639582,699207,951945,NA,3.16,NA,NA,NA,"GoAhead",12,NA,0
"401","379","379",2,"NP",25,9,12,"Daily",2,2006-07-06,"379",NA,3,"Arriva London North",433200,429156,517948,NA,4.35,"Combination bid","Lower joint bid","Routes 20 379 397 462 617 629 & 667 awarded on the basis of a joint bid totalling 4588054 per annum","Arriva",12,"4588054",0
"402","397","397",5,"AW",31,36,66,"Daily",9,2006-07-06,"397",NA,3,"Arriva London North",838850,903630,972433,NA,4.48,NA,NA,"Routes 20 379 397 462 617 629 & 667 awarded on the basis of a joint bid totalling 4588054 per annum","Arriva",12,"4588054",0
"403","462","462",8,"BK",25,30,54,"Daily",7,2006-07-06,"462",NA,4,"Arriva London North",1283450,1299480,1827680,NA,3.79,NA,NA,"Routes 20 379 397 462 617 629 & 667 awarded on the basis of a joint bid totalling 4588054 per annum","Arriva",12,"4588054",0
"404","549","549",1,"WH",70,18,33,"Monday to Saturday",5,2006-07-06,"549",NA,4,"Docklands Minibuses",180726,180726,282974,NA,3.59,NA,NA,NA,"GoAhead",12,NA,0
"405","617","617",1,"SM",NA,NA,NA,"Monday to Friday",7,2006-07-06,"617",NA,2,"Arriva London North",112395,132310,142459,NA,21.35,NA,NA,"Routes 20 379 397 462 617 629 & 667 awarded on the basis of a joint bid totalling 4588054 per annum","Arriva",12,"4588054",0
"406","629","629",2,"SM",NA,NA,NA,"Monday to Friday",6,2006-07-06,"629",NA,2,"Arriva London North",113506,133480,142552,NA,19.4,NA,NA,"Routes 20 379 397 462 617 629 & 667 awarded on the basis of a joint bid totalling 4588054 per annum ","Arriva",12,"4588054",0
"407","667","667",2,"RR",NA,NA,NA,"Monday to Friday",7,2006-07-06,"667",NA,3,"Arriva London North",114703,134740,138848,NA,24.51,NA,NA,"Routes 20 379 397 462 617 629 & 667 awarded on the basis of a joint bid totalling 4588054 per annum ","Arriva",12,"4588054",0
"408","PR2",NA,NA,NA,NA,NA,NA,NA,NA,2006-07-06,"PR2",NA,4,"First CentreWest",748649,641414,903201,"Option 1",3.46,"Lowest cost bid inadequately resourced. ","Other or no reason given",NA,"First",12,NA,1
"409","608","608",3,"RR",NA,NA,NA,"Monday to Friday",7,2006-08-09,"608",NA,1,"East London",78677,78677,NA,NA,27.26,NA,NA,NA,"Stagecoach",1,NA,0
"410","200","200",14,"AL",11,29,55,"Daily",7,2006-09-08,"200",NA,4,"London General",2761692,2761692,2997000,NA,4.33,NA,NA,NA,"GoAhead",12,NA,0
"411","204","204",15,"ON",13.3333333333333,37,68,"Daily",9,2006-09-08,"204",NA,3,"Metroline",2585873,2648970,3166062,NA,4.12,NA,NA,"Routes 204 and 206 awarded on the basis of a joint bid totalling 4098220 per annum","Metroline",12,"4098220",0
"412","206","206",12,"WJ",17.3333333333333,38,78,"Daily",9,2006-09-08,"206",NA,4,"Metroline",1512347,1549250,1734540,NA,4.29,NA,NA,"Routes 204 and 206 awarded on the basis of a joint bid totalling 4098220 per annum","Metroline",12,"4098220",0
"413","393","393",14,"HT",15.6666666666667,39,76,"Daily",8,2006-09-08,"393",NA,4,"Arriva London North",2262000,2262000,3018827,"Option 2",4.3,NA,NA,NA,"Arriva",12,NA,0
"414","493","493",17,"PL",17.3333333333333,48,112,"Daily",13,2006-09-08,"493",NA,4,"NCP",2791754,2867226,3516190,NA,3.63,NA,NA,NA,"NCP",12,NA,0
"415","678","678",4,"WH",NA,NA,NA,"Monday to Friday",7,2006-09-08,"678",NA,2,"East London",166928,200313,203210,NA,19.49,NA,NA,NA,"Stagecoach",12,NA,0
"416","W13","W13",5,"HK",25,19,36,"Daily",5,2006-09-08,"W13",NA,4,"CT Plus",1025452,1021108,1226544,NA,5.23,"N/A.Accepted bid incorporates reliability measures","Higher quality expected from other bid","Routes W13 and W13D awarded as a single contract totalling 1087016 per annum","HCT",12,"1087016",0
"417","W13D","W13",5,"HK",25,19,36,"Daily",5,2006-09-08,"W13D",NA,3,"CT Plus",61564,61564,73172,NA,35.2,NA,NA,"Routes W13 and W13D awarded as a single contract totalling 1087016 per annum","HCT",12,"1087016",1
"418","W14","W14",10,"LI",18.3333333333333,33,70,"Daily",7,2006-09-08,"W14",NA,4,"Arriva London North",1797000,1740139,1980404,NA,4.51,"Volume of work considerations.","Volume additional work",NA,"Arriva",12,NA,0
"419","B99",NA,NA,NA,NA,NA,NA,NA,NA,2006-09-08,"B99",NA,2,"Metrobus",57753,57753,65334,NA,11.3,NA,NA,NA,"GoAhead",12,NA,0
"420","647",NA,NA,NA,NA,NA,NA,NA,NA,2006-09-08,"647",NA,2,"East London",47135,56562,67120,NA,23.82,NA,NA,NA,"Stagecoach",12,NA,0
"421","T32",NA,NA,NA,NA,NA,NA,NA,NA,2006-09-08,"T32",NA,5,"Arriva London South",1620000,1620000,2002660,NA,3.16,NA,NA,NA,"Arriva",12,NA,0
"422","406","406",7,"TV",26.6666666666667,27,64,"Daily",8,2006-10-19,"406",NA,5,"Quality Line",892910,872653,1051000,NA,4.4,NA,NA,"Routes 406 and 418 awarded on the basis of a joint bid totalling 1788266 per annum which also includes additional resource that is expected to deliver a Higher quality of service","RATP",7,"1788266",0
"423","418","418",6,"TV",26.6666666666667,29,65,"Daily",8,2006-10-19,"418",NA,5,"Quality Line",895356,899651,1039000,NA,4.37,NA,NA,"Routes 406 and 418 awarded on the basis of a joint bid totalling 1788266 per annum which also includes additional resource that is expected to deliver a Higher quality of service","RATP",7,"1788266",0
"424","465","465",7,"TV",45,47,93,"Daily",15,2006-10-19,"465",NA,6,"Arriva Kent Thameside",1024950,1084435,1329000,NA,2.62,NA,NA,NA,"Arriva",7,NA,0
"425","613","613",1,"TV",NA,NA,NA,"Monday to Friday",8,2006-10-19,"613",NA,3,"London United",66000,74000,95222,NA,30.77,NA,NA,NA,"RATP",7,NA,0
"426","665","665",1,"TV",NA,NA,NA,"Monday to Friday",5,2006-10-19,"665",NA,3,"London United",54200,65600,90726,NA,24.59,NA,NA,NA,"RATP",7,NA,0
"427","671","671",1,"TV",NA,NA,NA,"Monday to Friday",7,2006-10-19,"671",NA,3,"London United",66400,74200,97394,NA,25.22,NA,NA,NA,"RATP",7,NA,0
"428","691",NA,NA,NA,NA,NA,NA,NA,NA,2006-10-19,"691",NA,3,"London United",65700,74000,96559,NA,49.92,NA,NA,NA,"RATP",7,NA,0
"429","696","696",2,"AV",NA,NA,NA,"Monday to Friday",10,2006-11-02,"696",NA,2,"London United",65000,72000,80668,NA,16.03,NA,NA,NA,"RATP",3,NA,0
"430","7/N7","7",19,"PV",10.6666666666667,32,61,"Daily",7,2006-11-02,"7","N7",2,"Metroline",4796826,4896826,5211689,NA,5.64,NA,NA,NA,"Metroline",3,NA,0
"431","7/N7","N7",19,"PV",10.6666666666667,32,61,"Daily",7,2006-11-02,"7","N7",2,"Metroline",4796826,4896826,5211689,NA,5.64,NA,NA,NA,"Metroline",3,NA,0
"432","606D",NA,NA,NA,NA,NA,NA,NA,NA,2006-11-02,"606D",NA,4,"Metroline",63866,63866,78200,NA,16.97,NA,NA,NA,"Metroline",3,NA,1
"433","126","126",11,"MB",16.6666666666667,24,52,"Daily",7,2006-12-15,"126",NA,3,"Arriva Kent Thameside",1696070,1835000,1983679,NA,3.91,NA,NA,"Routes 126 and 286 are awarded on the basis of a joint bid totalling 3999000 per annum","Arriva",12,"3999000",0
"434","272","272",8,"V",20,24,59,"Daily",6,2006-12-15,"272",NA,4,"NCP",1353645,1305053,1672342,NA,4.65,"Joint Bid","Lower joint bid","Routes 272 440 and E11 awarded on the basis of a joint bid totalling 3555446 per annum","NCP",12,"3555446",0
"435","286","286",14,"MG",16.6666666666667,31,68,"Daily",9,2006-12-15,"286",NA,3,"Arriva Kent Thameside",2302930,2349000,2867984,NA,3.53,NA,NA,"Routes 126 and 286 are awarded on the basis of a joint bid totalling 3999000 per annum","Arriva",12,"3999000",0
"436","314","314",15,"TB",20.6666666666667,48,88,"Daily",14,2006-12-15,"314",NA,4,"Selkent",2264757,2298716,2573587,NA,3.47,NA,NA,"Routes 314 636/7/8 and 664 awarded on the basis of a joint bid totalling 2876778 per annum","Stagecoach",12,"2876778",0
"437","440","440",11,"RP",21.6666666666667,40,71,"Daily",8,2006-12-15,"440",NA,5,"NCP",1345547,1477000,1681971,NA,3.96,NA,NA,"Routes 272 440 and E11 awarded on the basis of a joint bid totalling 3555446 per annum","NCP",12,"3555446",0
"438","621","621",1,"TL",NA,NA,NA,"Monday to Friday",5,2006-12-15,"621",NA,2,"London Central",124270,131881,137594,NA,30.94,NA,NA,NA,"GoAhead",12,NA,0
"439","636/637/638","636",7,"TB",NA,NA,NA,"Monday to Friday",11,2006-12-15,"636/637/638",NA,2,"Selkent",548492,623287,667933,NA,21.31,NA,NA,"Routes 314 636/7/8 and 664 awarded on the basis of a joint bid totalling 2876778 per annum","Stagecoach",12,"2876778",0
"440","636/637/638","637",7,"TB",NA,NA,NA,"Monday to Friday",11,2006-12-15,"636/637/638",NA,2,"Selkent",548492,623287,667933,NA,21.31,NA,NA,"Routes 314 636/7/8 and 664 awarded on the basis of a joint bid totalling 2876778 per annum","Stagecoach",12,"2876778",0
"441","664","664",2,"TB",NA,NA,NA,"Monday to Friday",11,2006-12-15,"664",NA,3,"Selkent",63529,72192,90481,NA,13.03,NA,NA,"Routes 314 636/7/8 and 664 awarded on the basis of a joint bid totalling 2876778 per annum","Stagecoach",12,"2876778",0
"442","683","683",2,"SM",NA,NA,NA,"Monday to Friday",7,2006-12-15,"683",NA,3,"Arriva London North",238320,265332,308000,NA,22.49,NA,NA,NA,"Arriva",12,NA,1
"443","688","688",6,"SM",NA,NA,NA,"Monday to Friday",11,2006-12-15,"688",NA,3,"Arriva London North",245720,267102,308000,NA,14.49,NA,NA,NA,"Arriva",12,NA,1
"444","E11","E11",5,"GW",26.6666666666667,22,40,"Daily",5,2006-12-15,"E11",NA,6,"NCP",856254,857272,1130337,NA,4.72,NA,NA,"Routes 272 440 and E11 awarded on the basis of a joint bid totalling 3555446 per annum","NCP",12,"3555446",0
"445","E6","E6",11,"G",14,35,61,"Daily",8,2006-12-15,"E6",NA,6,"Metroline",1966255,1991255,2630000,NA,3.29,NA,NA,NA,"Metroline",12,NA,0
"446","142","142",16,"BT",15.6666666666667,45,96,"Daily",12,2007-02-09,"142",NA,2,"Arriva The Shires",2805188,2919515,2994717,NA,3.69,NA,NA,"Routes 142 and 642 awarded on the basis of a joint bid totalling 2950434 per annum.","Arriva",6,"2950434",0
"447","22/N22","22",22,"AF",11,30,99,"Daily",6,2007-02-09,"22","N22",2,"London General",4470144,4540938,4840637,NA,6.2,NA,NA,NA,"GoAhead",6,NA,0
"448","24/N24","24",12,"QB",18.4,38,58.5,NA,7,2007-02-09,"24","N24",4,"London General",5422551,5432751,6399000,NA,5.48,NA,NA,NA,"GoAhead",6,NA,0
"449","332","332",15,"W",11.3333333333333,37,71,"Daily",7,2007-02-09,"332",NA,3,"Metroline",2691341,2673661,3328467,NA,4.64,NA,NA,NA,"Metroline",6,NA,0
"450","642","642",3,"BT",NA,NA,NA,"Monday to Friday",6,2007-02-09,"642",NA,2,"Arriva The Shires",145246,121025,147049,NA,32.96,"Joint Bid","Lower joint bid","Routes 142 and 642 awarded on the basis of a joint bid totalling 2950434 per annum.","Arriva",6,"2950434",0
"451","22/N22","N22",22,"AF",11,30,99,"Daily",6,2007-02-09,"22","N22",2,"London General",4470144,4540938,4840637,NA,6.2,NA,NA,NA,"GoAhead",6,NA,0
"452","632",NA,NA,NA,NA,NA,NA,NA,NA,2007-02-09,"632",NA,2,"Metroline",183106,179986,216926,NA,29.43,NA,NA,NA,"Metroline",6,NA,0
"453","364","364",14,"RR",13.3333333333333,29,63,"Daily",8,2007-03-12,"364",NA,5,"Blue Triangle",2117220,2040562,2967298,NA,3.83,NA,NA,NA,"GoAhead",4,NA,0
"454","490","490",16,"TF",17.3333333333333,40,82,"Daily",12,2007-03-12,"490",NA,4,"Travel London",2671479,2493446,3189556,NA,3.13,"Higher quality expected from award.","Higher quality expected from other bid",NA,"Abellio",4,NA,0
"455","605","605",2,"SM",NA,NA,NA,"Monday to Friday",3,2007-03-12,"605",NA,3,"Metroline",58952,60916,71000,NA,36.87,NA,NA,NA,"Metroline",4,NA,0
"456","90","90",16,"PA",14,41,76,"Daily",11,2007-03-12,"90",NA,4,"Metroline",2595000,2595000,3324779,NA,3.24,NA,NA,NA,"Metroline",4,NA,0
"457","470","470",7,"EB",30,55,83,"Monday to Saturday",8,2007-04-19,"470",NA,3,"Quality Line",720570,1081797,1181927,NA,3.7,NA,NA,"Routes 470 and S4 awarded on the basis of a joint bid totalling 1644272 per annum. ","RATP",5,"1644272",0
"458","498","498",6,"NS",29.6666666666667,24,49,"Daily",7,2007-04-19,"498",NA,5,"First Capital",1307823,1267136,1584400,NA,3.53,"Higher quality expected from award.","Higher quality expected from other bid",NA,"First",5,NA,0
"459","499","499",7,"RM",26.6666666666667,40,63,"Daily",8,2007-04-19,"499",NA,5,"Arriva Kent Thameside",1024950,1043500,1221117,NA,3.16,NA,NA,NA,"Arriva",5,NA,0
"460","634","634",1,"PB",NA,NA,NA,"Monday to Friday",6,2007-04-19,"634",NA,3,"Arriva London North",30000,62245,95000,NA,13.03,NA,NA,NA,"Arriva",5,NA,0
"461","S4","S4",6,"BC",33.5,50,74,"Monday to Saturday",11,2007-04-19,"S4",NA,3,"Quality Line",923702,1180256,1227568,NA,3.63,NA,NA,"Routes 470 and S4 awarded on the basis of a joint bid totalling 1644272 per annum.","RATP",5,"1644272",0
"462","102/N102","102",15,"AD",18.4,42.5,71.5,NA,10.5,2007-05-03,"102","N102",3,"Arriva London North",4846100,4998000,5154706,NA,4.04,"Higher quality expected from award.","Higher quality expected from other bid","Routes 102/N102 & 192 awarded on the basis of a joint bid totalling 7206920 per annum.","Arriva",2,"7206920",0
"463","192","192",15,"E",13.3333333333333,31,63,"Daily",8,2007-05-03,"192",NA,3,"Arriva London North",2360820,2370000,2786333,NA,3.7,NA,NA,"Routes 102/N102 & 192 awarded on the basis of a joint bid totalling 7206920 per annum.","Arriva",2,"7206920",0
"464","36/N36","36",23,"NX",18,49.5,78,NA,9,2007-06-01,"36","N36",4,"London Central",6550984,6375462,7123394,NA,5.3,"Joint Bid","Lower joint bid","Routes 36/N36 436 & 453/N453 awarded on the basis of a joint bid totalling 19028328 per annum.","GoAhead",5,"19028328",0
"465","415","415",9,"WL",17.3333333333333,22,45,"Daily",5,2007-06-01,"415",NA,3,"Arriva London South",1249000,1334000,1555608,NA,4.92,NA,NA,NA,"Arriva",5,NA,0
"466","436","436",21,"NX",11.3333333333333,41,89,"Daily",7,2007-06-01,"436",NA,1,"London Central",6206761,6661908,NA,NA,6.08,NA,NA,"Routes 36/N36 436 & 453/N453 awarded on the basis of a joint bid totalling 19028328 per annum","GoAhead",5,"19028328",0
"467","453/N453","453",23,"NX",14.8,44,83.5,NA,8,2007-06-01,"453","N453",3,"London General",6270583,6295583,7995000,NA,6.6,NA,NA,"Routes 36/N36 436 & 453/N453 awarded on the basis of a joint bid totalling 19028328 per annum.","GoAhead",5,"19028328",0
"468","N136","N136",8,"NX",30,73,105,"Nights",17,2007-06-01,NA,"N136",3,"Selkent",469867,469867,537301,NA,3.66,NA,NA,NA,"Stagecoach",5,NA,0
"469","635","635",3,"HH",NA,NA,NA,"Monday to Friday",NA,2007-06-29,"635",NA,3,"Metroline",61495,64495,79000,NA,20.75,NA,NA,NA,"Metroline",4,NA,0
"470","ELC",NA,NA,NA,NA,NA,NA,NA,NA,2007-06-29,"ELC",NA,4,"Travel London",1739399,1985838,2395000,NA,6.48,NA,NA,"Routes ELC and ELP awarded on the basis of a joint bid totalling 2014577.","Abellio",4,"2014577",1
"471","ELP",NA,NA,NA,NA,NA,NA,NA,NA,2007-06-29,"ELP",NA,4,"Travel London",275178,287598,361075,NA,3.06,NA,NA,"Routes ELC and ELP awarded on the basis of a joint bid totalling 2014577.","Abellio",4,"2014577",1
"472","ELW",NA,NA,NA,NA,NA,NA,NA,NA,2007-06-29,"ELW",NA,5,"First Capital",893023,1039275,1195000,NA,8.36,NA,NA,NA,"First",4,NA,1
"473","233","233",6,"MB",27.3333333333333,28,53,"Daily",9,2007-07-11,"233",NA,4,"Arriva Kent Thameside",1047500,1047500,1306843,NA,3.08,NA,NA,NA,"Arriva",1,NA,0
"474","350","350",5,"WS",20,30,44,"Daily",8,2007-08-10,"350",NA,5,"Travel London West",1604136,1628340,2106913,NA,3.52,"Higher quality expected from award.","Higher quality expected from other bid",NA,"Abellio",3,NA,0
"475","482","482",8,"WS",26.6666666666667,37,68,"Daily",10,2007-08-10,"482",NA,5,"London United",1730000,1687036,1969189,NA,4.07,"Higher quality expected from award.","Higher quality expected from other bid",NA,"RATP",3,NA,0
"476","T32",NA,NA,NA,NA,NA,NA,NA,NA,2007-08-10,"T32",NA,5,"Metrobus",562358,562358,734761,NA,3.63,NA,NA,NA,"GoAhead",3,NA,1
"477","331","331",8,"UX",27.6666666666667,43,74,"Daily",14,2007-08-23,"331",NA,4,"First CentreWest",1294878,1343778,1497073,NA,2.93,NA,NA,"Routes 331 A10 & U10 awarded on the basis of a joint bid totalling 2731809.","First",4,"2731809",0
"478","370","370",11,"GY",25,40,70,"Daily",12,2007-08-23,"370",NA,4,"Arriva Kent Thameside",1558950,1558950,1920866,NA,2.81,NA,NA,NA,"Arriva",4,NA,0
"479","A10","A10",5,"UX",21.6666666666667,24,33,"Daily",8,2007-08-23,"A10",NA,4,"First CentreWest",1127190,1136545,1318000,NA,2.88,NA,NA,"Routes 331 A10 & U10 awarded on the basis of a joint bid totalling 2731809.","First",4,"2731809",0
"480","U10","U10",2,"UX",60,28,42,"Monday to Saturday",6,2007-08-23,"U10",NA,3,"First CentreWest",309741,290245,380234,NA,4.71,"Joint Bid","Lower joint bid","Routes 331 A10 & U10 awarded on the basis of a joint bid totalling 2731809.","First",4,"2731809",0
"481","116","116",7,"AV",17.3333333333333,17,36,"Daily",6,2007-10-04,"116",NA,4,"London United",1121759,1182399,1355627,NA,3.35,NA,NA,"Routes 116 216 285/N285 K1/618 K2 & K3 awarded on the basis of a joint bid discount totalling 11554600 per annum.","RATP",8,"11554600",0
"482","216","216",9,"FW",27,41,83,"Daily",13,2007-10-04,"216",NA,3,"London United",1540024,1586938,1639468,"Single Deck",3.4,NA,NA,"Routes 116 216 285/N285 K1/618 K2 & K3 awarded on the basis of a joint bid discount totalling 11554600 per annum.","RATP",8,"11554600",0
"483","285/N285","285",10,"TF",20.2,43.5,72.5,NA,12,2007-10-04,"285","N285",4,"London United",3793162,3625773,4225000,"Single Deck",3.68,"Joint bid",NA,"Routes 116 216 285/N285 K1/618 K2 & K3 awarded on the basis of a joint bid discount totalling 11554600 per annum.","RATP",8,"11554600",0
"484","425","425",21,"LI",11.3333333333333,47,96,"Daily",9,2007-10-04,"425",NA,5,"Docklands Buses",1618736,1620394,2050000,NA,4.43,NA,NA,NA,"GoAhead",8,NA,0
"485","K1/618","618",15,"TV",13.3333333333333,32,60,"Daily",9,2007-10-04,"K1/618",NA,2,"London United",1642221,1676194,1788000,NA,3.81,NA,NA,"Routes 116 216 285/N285 K1/618 K2 & K3 awarded on the basis of a joint bid discount totalling 11554600 per annum.","RATP",8,"11554600",0
"486","K1/618","K1",15,"TV",13.3333333333333,32,60,"Daily",9,2007-10-04,"K1/618",NA,2,"London United",1642221,1676194,1788000,NA,3.81,NA,NA,"Routes 116 216 285/N285 K1/618 K2 & K3 awarded on the basis of a joint bid discount totalling 11554600 per annum.","RATP",8,"11554600",1
"487","K2","K2",10,"TV",15,27,54,"Daily",7,2007-10-04,"K2",NA,3,"London United",1704055,1790911,2112014,NA,3.46,NA,NA,"Routes 116 216 285/N285 K1/618 K2 & K3 awarded on the basis of a joint bid discount totalling 11554600 per annum.","RATP",8,"11554600",0
"488","K3","K3",11,"FW",21.6666666666667,42,72,"Daily",11,2007-10-04,"K3",NA,2,"London United",1753379,1793488,1980000,NA,3.41,NA,NA,"Routes 116 216 285/N285 K1/618 K2 & K3 awarded on the basis of a joint bid discount totalling 11554600 per annum.","RATP",8,"11554600",0
"489","B99",NA,NA,NA,NA,NA,NA,NA,NA,2007-10-04,"B99",NA,3,"Metrobus",57750,56895,69361,NA,11.3,"Timetable did not meet specified requirements.","Higher quality expected from other bid",NA,"GoAhead",8,NA,0
"490","106","106",14,"NP",11.3333333333333,29,63,"Daily",6,2007-11-01,"106",NA,3,"East London",3602750,3613100,4291517,NA,5.17,NA,NA,"Routes 106 177 and 386 (from Tranche 252) awarded on the basis of a joint bid totalling 9754750 per annum.","Stagecoach",8,"9754750",0
"491","135","135",16,"SI",14,37,80,"Daily",8,2007-11-01,"135",NA,5,"Arriva London North",2514000,2514000,2898772,NA,4.64,NA,NA,NA,"Arriva",8,NA,0
"492","177","177",19,"PD",12.6666666666667,47,98,"Daily",12,2007-11-01,"177",NA,5,"Selkent",3952000,3964261,4628433,NA,4.08,NA,NA,"Routes 177 386 and 106 (from Tranche 250) awarded on the basis of a joint bid totalling 9754750 per annum.","Stagecoach",8,"9754750",0
"493","191","191",19,"E",15,37,85,"Daily",10,2007-11-01,"191",NA,2,"First Capital",2927161,2861000,3079584,NA,4.49,"Not best overall value when joints bids considered","Lower joint bid","Routes 191 and 231 awarded on the basis of a joint bid totalling 4242262 per annum.","First",8,"4242262",0
"494","231","231",7,"PB",18.3333333333333,22,42,"Daily",6,2007-11-01,"231",NA,3,"First Capital",1315101,1365503,1591000,NA,4.12,NA,NA,"Routes 191 and 231 awarded on the basis of a joint bid totalling 4242262 per annum.","First",8,"4242262",0
"495","327","327",1,"SM",40,10,17,"Monday to Saturday",2,2007-11-01,"327",NA,1,"Arriva The Shires",168684,150170,150170,NA,4.65,NA,NA,NA,"Arriva",8,NA,0
"496","386","386",11,"MG",18.3333333333333,37,78,"Daily",9,2007-11-01,"386",NA,4,"Selkent",2200000,2011114,2382975,NA,4.23,"Joint bid discount","Lower joint bid","Routes 177 386 and 106 (from Tranche 250) awarded on the basis of a joint bid totalling 9754750 per annum.","Stagecoach",8,"9754750",0
"497","491","491",9,"PB",23.3333333333333,34,85,"Daily",9,2007-11-01,"491",NA,2,"Arriva London North",1695000,1695000,1811727,"Option 2",3.81,NA,NA,NA,"Arriva",8,NA,0
"498","13/N13","13",18,"X",17.2,42,67.5,"24-hour service",10,2007-12-20,"13","N13",5,"London Sovereign",4455000,4586296,4756296,NA,5.67,NA,NA,NA,"Stagecoach",26,NA,0
"499","143D","143",12,"W",14,33,60,"Daily",8,2007-12-20,"143D",NA,1,"Metroline",74833,77833,77833,NA,28.49,NA,NA,NA,"Metroline",26,NA,0
"500","166","166",8,"TC",26.6666666666667,33,60,"Daily",9,2007-12-20,"166",NA,4,"Arriva London South",1418880,1492000,1721715,NA,3.36,NA,NA,"Routes 166 412 466 and 685 awarded on the basis of a joint bid totalling 5641920 per annum.","Arriva",26,"5641920",0
"501","245","245",21,"PV",10.6666666666667,45,77,"Daily",9,2007-12-20,"245",NA,5,"First CentreWest",3557585,3532100,3953000,NA,4.17,"Higher quality expected from award.","Higher quality expected from other bid",NA,"First",26,NA,0
"502","246","246",4,"MB",50,36,54,"Daily",15,2007-12-20,"246",NA,3,"Selkent",856496,856496,921543,NA,2.96,NA,NA,NA,"Stagecoach",26,NA,0
"503","293","293",6,"EB",25,26,59,"Daily",8,2007-12-20,"293",NA,4,"Metrobus",1079564,1079564,1326000,"Double Deck Buses",3.83,NA,NA,NA,"GoAhead",26,NA,0
"504","326","326",15,"BT",14,37,81,"Daily",10,2007-12-20,"326",NA,2,"Metroline",3006353,2534863,3064000,NA,4.35,"10der proposal not considered sustainable","Higher quality expected from other bid","Routes 326 and 383 awarded on the basis of a joint bid totalling 3558050 per annum.","Metroline",26,"3558050",0
"505","352","352",6,"MB",28,24,47,"Daily",9,2007-12-20,"352",NA,3,"Metrobus",945551,978042,999950,"Option 2",3.49,NA,NA,NA,"GoAhead",26,NA,0
"506","354","354",5,"TB",26.6666666666667,22,43,"Daily",7,2007-12-20,"354",NA,3,"Selkent",835143,835143,92095,"Option 2",3.86,NA,NA,NA,"Stagecoach",26,NA,0
"507","356","356",7,"KB",26.6666666666667,34,65,"Daily",9,2007-12-20,"356",NA,2,"Selkent",1204806,1204806,1307345,NA,3.35,NA,NA,NA,"Stagecoach",26,NA,0
"508","358","358",17,"MB",17.3333333333333,46,101,"Daily",15,2007-12-20,"358",NA,2,"Metrobus",3000305,3072999,3074378,"Option 2",3.19,NA,NA,NA,"GoAhead",26,NA,0
"509","383","383",3,"HF",30,28,40,"Monday to Saturday",7,2007-12-20,"383",NA,2,"Metroline",551697,465960,564050,NA,4.67,"10der proposal not considered sustainable","Higher quality expected from other bid","Routes 326 and 383 awarded on the basis of a joint bid totalling 3558050 per annum.","Metroline",26,"3558050",0
"510","404","404",3,"EB",30,34,41,"Monday to Saturday",6,2007-12-20,"404",NA,3,"HR Richmond (Quality Line)",163588,159003,186210,NA,3.57,"Incumbent's good performance.","Good performance incumbent",NA,"RATP",26,NA,0
"511","405","405",10,"C",25,31,66,"Daily",11,2007-12-20,"405",NA,2,"Metrobus",1727991,1751921,1891100,NA,3.53,NA,NA,NA,"GoAhead",26,NA,0
"512","412","412",7,"TC",31,22,47,"Daily",6,2007-12-20,"412",NA,3,"Arriva London South",1393920,1329329,1558414,NA,4.54,"Joint bid","Lower joint bid","Routes 166 412 466 and 685 awarded on the basis of a joint bid totalling 5641920 per annum.","Arriva",26,"5641920",0
"513","434","434",3,"C",30,25,48,"Daily",6,2007-12-20,"434",NA,3,"Travel London",442533,442533,682667,NA,3.79,NA,NA,NA,"Abellio",26,NA,0
"514","460","460",10,"AC",14,25,54,"Daily",7,2007-12-20,"460",NA,5,"Metroline",2291500,2229459,2541500,NA,5.22,"Incumbents good performance","Good performance incumbent",NA,"Metroline",26,NA,0
"515","466","466",19,"TC",11.6666666666667,37,73,"Daily",12,2007-12-20,"466",NA,3,"Arriva London South",2806080,2951980,3177517,NA,3.2,NA,NA,"Routes 166 412 466 and 685 awarded on the basis of a joint bid totalling 5641920 per annum.","Arriva",26,"5641920",0
"516","612","612",2,"TC",NA,NA,NA,"Monday to Saturday",4,2007-12-20,"612",NA,3,"Metrobus",118869,118869,201000,NA,22.92,NA,NA,NA,"GoAhead",26,NA,0
"517","626","626",4,"SM",NA,NA,NA,"Monday to Friday",11,2007-12-20,"626",NA,3,"Metroline",224000,236000,363000,NA,13.9,NA,NA,NA,"Metroline",26,NA,0
"518","643","643",2,"W",NA,NA,NA,"Monday to Friday",4,2007-12-20,"643",NA,2,"Metroline",62921,65921,71000,NA,44.8,NA,NA,NA,"Metroline",26,NA,0
"519","685","685",1,"TC",NA,NA,NA,"Monday to Friday",2,2007-12-20,"685",NA,3,"Arriva London South",23040,46178,74000,NA,51.31,NA,NA,"Routes 166 412 466 and 685 awarded on the basis of a joint bid totalling 5641920 per annum.","Arriva",26,"5641920",0
"520","13/N13","N13",18,"X",17.2,42,67.5,"24-hour service",10,2007-12-20,"13","N13",5,"London Sovereign",4455000,4586296,4756296,NA,5.67,NA,NA,NA,"Stagecoach",26,NA,0
"521","N20","N20",3,"PB",30,49,70,"Nights",13,2007-12-20,NA,"N20",4,"Metroline",573884,570456,607502,NA,3.8,"Incumbents good performance and joint bid discount","Good performance incumbent","Routes N5 and N20 awarded on the basis of a joint bid totalling 1366615 per annum.","Metroline",26,"1366615",0
"522","N5","N5",5,"HD",30,54,78,"Nights",13,2007-12-20,NA,"N5",5,"Metroline",792731,794000,1565214,NA,3.2,NA,NA,"Routes N5 and N20 awarded on the basis of a joint bid totalling 1366615 per annum.","Metroline",26,"1366615",0
"523","N550","N550",5,"HK",30,51,69,"Nights",10,2007-12-20,NA,"N550",4,"East London",352590,338755,352590,NA,3.75,"Higher quality expected from award.","Higher quality expected from other bid",NA,"Stagecoach",26,NA,0
"524","N551","N551",6,"HK",30,56,74,"Nights",10,2007-12-20,NA,"N551",4,"Docklands Buses",367603,367603,415993,NA,3.3,NA,NA,NA,"GoAhead",26,NA,0
"525","226","226",16,"WJ",17.3333333333333,45,90,"Daily",9,2008-01-17,"226",NA,4,"First CentreWest",2764135,2721181,2985000,NA,4.45,"Incumbent's good performance.","Good performance incumbent",NA,"First",2,NA,0
"526","C3","C3",9,"QB",13.3333333333333,26,37,"Daily",5,2008-01-17,"C3",NA,3,"Travel London",2571240,2553594,2674063,NA,6.62,"Incumbent's good performance.","Good performance incumbent",NA,"Abellio",2,NA,0
"527","165","165",12,"RM",17.3333333333333,41,67,NA,10,2008-03-28,"165",NA,5,"First Capital",2281709,2099709,2820120,NA,3.37,"Incumbent's good performance and joint bid","Good performance incumbent","Routes 165 179 252 & 365/N365 awarded on the basis of a joint bid discount totalling 9228668 per annum","First",13,"9228668",0
"528","179","179",12,"BK",17.3333333333333,27,67,"Daily",8,2008-03-28,"179",NA,5,"First Capital",2185148,2100778,2551447,"Option 2",4.34,"Incumbent's good performance and joint bid","Good performance incumbent","Routes 165 179 252 & 365/N365 awarded on the basis of a joint bid discount totalling 9228668 per annum","First",13,"9228668",0
"529","202","202",15,"C",13.3333333333333,29,65,"Daily",9,2008-03-28,"202",NA,2,"Metrobus",2560024,2680594,2991116,NA,4.14,NA,NA,"Routes 202 R5/R10 and R7 awarded on the basis of a joint bid totalling 2978697 per annum","GoAhead",13,"2978697",0
"530","248","248",16,"RM",12.6666666666667,23,49,"Daily",7,2008-03-28,"248",NA,4,"East London",2580254,2490124,3255543,NA,4.47,"East London's proposal for enhanced resource ","Higher quality expected from other bid",NA,"Stagecoach",13,NA,0
"531","252","252",12,"RM",14.3333333333333,28,53,"Daily",9,2008-03-28,"252",NA,4,"First Capital",2382642,2169814,3042725,NA,3.97,"Incumbent's good performance and joint bid","Good performance incumbent","Routes 165 179 252 & 365/N365 awarded on the basis of a joint bid discount totalling 9228668 per annum","First",13,"9228668",0
"532","292","292",10,"EW",21.6666666666667,26,68,"Daily",9,2008-03-28,"292",NA,3,"London Sovereign",1825000,1882003,1996750,NA,4.51,NA,NA,NA,"Stagecoach",13,NA,0
"533","297/N297","297",10,"PA",19.4,37.5,59,NA,9,2008-03-28,"297","N297",4,"Metroline",3698500,3642693,4242172,NA,4.74,"Increment to retain incumbent acceptable","Good performance incumbent",NA,"Metroline",13,NA,0
"534","307","307",9,"PB",20.25,36,53,NA,10,2008-03-28,"307",NA,1,"Arriva London North",2717000,2897000,2897000,NA,4.05,NA,NA,NA,"Arriva",13,NA,0
"535","365/N365","365",11,"RM",22.4,38,62,NA,9,2008-03-28,"365","N365",5,"First Capital",2379169,2192794,2911398,NA,3.72,"Incumbent's good performance and joint bid","Good performance incumbent","Routes 165 179 252 & 365/N365 awarded on the basis of a joint bid discount totalling 9228668 per annum","First",13,"9228668",0
"536","603","603",2,"SM",NA,NA,NA,"Monday to Friday",6,2008-03-28,"603",NA,1,"Metroline",189000,189000,189000,NA,18.27,NA,NA,NA,"Metroline",13,NA,0
"537","R5/R10","R10",1,"MB",15,56,69,"Monday to Saturday",8,2008-03-28,"R5/R10",NA,2,"Metrobus",209427,219296,249117,NA,2.66,NA,NA,"Routes 202 R5/R10 and R7 awarded on the basis of a joint bid totalling 2978697 per annum","GoAhead",13,"2978697",0
"538","R5/R10","R5",1,"MB",15,56,69,"Monday to Saturday",8,2008-03-28,"R5/R10",NA,2,"Metrobus",209427,219296,249117,NA,2.66,NA,NA,"Routes 202 R5/R10 and R7 awarded on the basis of a joint bid totalling 2978697 per annum","GoAhead",13,"2978697",0
"539","R7","R7",4,"TB",50,41,57,"Daily",10,2008-03-28,"R7",NA,3,"Metrobus",209246,199395,256575,NA,3.99,"Joint bid discount","Lower joint bid","Routes 202 R5/R10 and R7 awarded on the basis of a joint bid totalling 2978697 per annum","GoAhead",13,"2978697",0
"540","TG1/NTG1",NA,NA,NA,NA,NA,NA,NA,NA,2008-03-28,"TG1/NTG1",NA,5,"Blue Triangle",2826937,2759136,3674000,NA,4.91,"Lowest cost bid insufficiently resourced","Other or no reason given",NA,"GoAhead",13,NA,1
"541","151","151",14,"A",16.6666666666667,34,68,"Daily",9,2008-05-08,"151",NA,3,"London General",2746794,2436866,2898902,NA,4.4,"Joint bid discount","Lower joint bid","Part of package totalling 16955516 covering routes 80 93/N93 151 154 163 164","GoAhead",9,"16955516",0
"542","154","154",10,"A",17.5,35,57,NA,11,2008-05-08,"154",NA,3,"London General",2678971,2646614,2827000,NA,4.12,"Joint bid discount","Lower joint bid","Part of package totalling 16955516 covering routes 80 93/N93 151 154 163 164","GoAhead",9,"16955516",0
"543","163","163",12,"AL",11.3333333333333,17,53,"Daily",5,2008-05-08,"163",NA,2,"London General",2458550,2307391,2591435,NA,5.33,"Joint bid discount","Lower joint bid","Part of package bid totalling 16955516 covering routes 80 93/N93 151 154 163 164","GoAhead",9,"16955516",0
"544","164","164",12,"AL",13.3333333333333,25,58,"Daily",6,2008-05-08,"164",NA,3,"London General",2356817,2046667,2492505,NA,4.86,"Joint bid discount","Lower joint bid","Part of package totalling 16955516 covering routes 80 93/N93 151 154 163 164","GoAhead",9,"16955516",0
"545","190","190",10,"AH",18.3333333333333,29,65,"Daily",7,2008-05-08,"190",NA,4,"Metroline",1728000,1728000,1868000,NA,5.06,NA,NA,NA,"Metroline",9,NA,0
"546","228","228",10,"X",26.6666666666667,37,82,"Daily",8,2008-05-08,"228",NA,5,"First CentreWest",2136439,2136439,2665000,NA,4.12,NA,NA,NA,"First",9,NA,0
"547","391","391",8,"V",17.3333333333333,21,57,"Daily",6,2008-05-08,"391",NA,4,"London United",3400000,3247628,3680000,NA,4.98,"Higher quality expected from award","Higher quality expected from other bid",NA,"RATP",9,NA,0
"548","80","80",16,"A",12.6666666666667,28,63,"Daily",9,2008-05-08,"80",NA,2,"London General",2017706,1896601,2133532,NA,3.85,"Joint bid discount","Lower joint bid","Part of package totalling 16955516 covering routes 80 93/N93 151 154 163 164","GoAhead",9,"16955516",0
"549","93/N93","93",13,"A",17.6,32,59.5,NA,9,2008-05-08,"93","N93",1,"London General",4696678,4962142,4962142,NA,4.48,NA,NA,"Part of package totalling 16955516 covering routes 80 93/N93 151 154 163 164","GoAhead",9,"16955516",0
"550","184","184",19,"WN",11,38,73,"Daily",10,2008-06-19,"184",NA,2,"Arriva London North",3563000,3570000,3879509,NA,4.29,NA,NA,NA,"Arriva",18,NA,0
"551","187","187",12,"WJ",14,40,69,"Daily",8,2008-06-19,"187",NA,3,"First CentreWest",2726532,2671587,2998112,NA,4.87,"Good performance of incumbent","Good performance incumbent","Routes 187 and 487 awarded on the basis of a joint bid totalling 4621240","First",18,"4621240",0
"552","263","263",18,"PB",11.3333333333333,40,83,"Daily",11,2008-06-19,"263",NA,1,"Metroline",3439260,3637000,NA,NA,5.09,NA,NA,"Routes 91/N91 and 263 awarded on the basis of a joint bid totalling 7816500","Metroline",18,"7816500",0
"553","317","317",5,"PB",26.6666666666667,20,38,"Daily",4,2008-06-19,"317",NA,3,"Arriva London North",1082000,1089700,1187000,NA,5.6,NA,NA,NA,"Arriva",18,NA,0
"554","375","375",1,"GY",90,22,34,"Monday to Saturday",8,2008-06-19,"375",NA,4,"Blue Triangle",126700,126700,193130,NA,3.06,NA,NA,NA,"GoAhead",18,NA,0
"555","428","428",7,"DT",25,34,57,"Daily",10,2008-06-19,"428",NA,2,"Arriva Kent Thameside",1272324,1288950,1830360,NA,2.99,NA,NA,"Routes 428 492 B12 B13 & B15 awarded on the basis of a joint bid totalling 5459754 per annum","Arriva",18,"5459754",0
"556","469","469",9,"DT",18.3333333333333,34,59,"Daily",9,2008-06-19,"469",NA,2,"Selkent",1718748,1796428,2045636,NA,3.47,NA,NA,"Routes 51 96 469 472/N472 601 & 602 awarded on the basis of a joint bid totalling 14470479 per annum","Stagecoach",18,"14470479",0
"557","472/N472","472",13,"PD",17.2,30,44,NA,9,2008-06-19,"472","N472",1,"Selkent",4279420,4748176,NA,NA,3.75,NA,NA,"Routes 51 96 469 472/N472 601 & 602 awarded on the basis of a joint bid totalling 14470479 per annum","Stagecoach",18,"14470479",0
"558","487","487",11,"ON",16.6666666666667,35,69,"Daily",9,2008-06-19,"487",NA,3,"First CentreWest",1894708,1780800,2027101,NA,4.21,"Good performance of incumbent","Good performance incumbent","Routes 187 and 487 awarded on the basis of a joint bid totalling 4621240","First",18,"4621240",0
"559","492","492",6,"DT",40,50,94,"Daily",14,2008-06-19,"492",NA,2,"Arriva Kent Thameside",1192183,1249000,1478015,NA,3.41,NA,NA,"Routes 428 492 B12 B13 & B15 awarded on the basis of a joint bid totalling 5459754 per annum","Arriva",18,"5459754",0
"560","51","51",19,"BX",13.3333333333333,40,86,"Daily",12,2008-06-19,"51",NA,2,"Selkent",3620537,3784169,4036967,NA,3.96,NA,NA,"Routes 51 96 469 472/N472 601 & 602 awarded on the basis of a joint bid totalling 14470479 per annum","Stagecoach",18,"14470479",0
"561","602","602",2,"PD",NA,NA,NA,"Monday to Friday",9,2008-06-19,"602",NA,2,"Selkent",157123,170180,177222,NA,28.67,NA,NA,"Routes 51 96 469 472/N472 601 & 602 awarded on the basis of a joint bid totalling 14470479 per annum","Stagecoach",18,"14470479",0
"562","91/N91","91",23,"HT",9.33333333333333,35,70,"Daily",6,2008-06-19,"91","N91",2,"Metroline",4377240,4579500,5408331,NA,5.23,NA,NA,"Routes 91/N91 and 263 awarded on the basis of a joint bid totalling 7816500","Metroline",18,"7816500",0
"563","96","96",24,"PD",13.6666666666667,41,88,NA,13,2008-06-19,"96",NA,3,"Selkent",4445967,4324500,5084014,NA,3.78,"Joint Bid Discount","Lower joint bid","Routes 51 96 469 472/N472 601 & 602 awarded on the basis of a joint bid totalling 14470479 per annum","Stagecoach",18,"14470479",0
"564","B12","B12",7,"DT",30,35,62,"Daily",9,2008-06-19,"B12",NA,2,"Arriva Kent Thameside",1043283,1159950,1368307,"Monday to Sunday",3.38,NA,NA,"Routes 428 492 B12 B13 & B15 awarded on the basis of a joint bid totalling 5459754 per annum","Arriva",18,"5459754",0
"565","B13","B13",6,"DT",25,23,40,"Daily",6,2008-06-19,"B13",NA,2,"Arriva Kent Thameside",936292,974000,1065816,NA,3.39,NA,NA,"Routes 428 492 B12 B13 & B15 awarded on the basis of a joint bid totalling 5459754 per annum","Arriva",18,"5459754",0
"566","B15","B15",6,"DT",26.6666666666667,30,55,"Daily",8,2008-06-19,"B15",NA,3,"Arriva Kent Thameside",1015672,1030000,1326830,"Monday to Sunday",3.54,NA,NA,"Routes 428 492 B12 B13 & B15 awarded on the basis of a joint bid totalling 5459754 per annum","Arriva",18,"5459754",0
"567","91/N91","N91",23,"HT",9.33333333333333,35,70,"Daily",6,2008-06-19,"91","N91",2,"Metroline",4377240,4579500,5408331,NA,5.23,NA,NA,"Routes 91/N91 and 263 awarded on the basis of a joint bid totalling 7816500","Metroline",18,"7816500",0
"568","601",NA,NA,NA,NA,NA,NA,NA,NA,2008-06-19,"601",NA,2,"Selkent",248684,250980,269351,NA,22.37,NA,NA,"Routes 51 96 469 472/N472 601 & 602 awarded on the basis of a joint bid totalling 14470479 per annum","Stagecoach",18,"14470479",0
"569","262","262",11,"LI",13.6666666666667,31,54,"Daily",6,2008-07-17,"262",NA,3,"East London",2521935,2371447,2782528,NA,4.64,"Incumbent's good performance and joint bid","Good performance incumbent","Routes 262 372 396 and 473 awarded on the basis of a joint bid totalling 6749068 per annum.","Stagecoach",5,"6749068",0
"570","372","372",6,"RM",26.6666666666667,35,56,"Daily",11,2008-07-17,"372",NA,4,"East London",1147468,1158284,1664006,NA,2.74,NA,NA,"Routes 262 372 396 and 473 awarded on the basis of a joint bid totalling 6749068 per annum.","Stagecoach",5,"6749068",0
"571","396","396",5,"RR",23.3333333333333,15,34,"Daily",4,2008-07-17,"396",NA,4,"East London",859866,867000,1026611,NA,5.17,"Incumbent's good performance and joint bid","Good performance incumbent","Routes 262 372 396 and 473 awarded on the basis of a joint bid totalling 6749068 per annum.","Stagecoach",5,"6749068",0
"572","463","463",9,"EB",29.3333333333333,46,84,"Daily",13,2008-07-17,"463",NA,4,"Quality Line",1523919,1523919,1669232,NA,3.49,NA,NA,NA,"RATP",5,NA,0
"573","473","473",9,"LI",13.6666666666667,24,44,"Daily",5,2008-07-17,"473",NA,4,"East London",2219799,1976860,2452138,NA,4.66,"Incumbent's good performance and joint bid","Good performance incumbent","Routes 262 372 396 and 473 awarded on the basis of a joint bid totalling 6749068 per annum.","Stagecoach",5,"6749068",0
"574","156","156",15,"QB",11.3333333333333,33,67,"Daily",7,2008-08-11,"156",NA,3,"Travel London",3428788,3428788,3516926,NA,4.62,NA,NA,NA,"Abellio",4,NA,0
"575","283","283",14,"RP",10.6666666666667,17,41,"Daily",4,2008-08-11,"283",NA,4,"NCP Challenger",2592825,2592825,3460980,NA,4.69,NA,NA,NA,"NCP",4,NA,0
"576","H32","H32",7,"AV",17.5,21,38.5,NA,6,2008-08-11,"H32",NA,5,"London United",2400000,2270259,3061456,NA,6.07,"incumbent's good performance and low cost bid weak","Good performance incumbent",NA,"RATP",4,NA,0
"577","H91","H91",14,"V",13.3333333333333,26,71,"Daily",8,2008-08-11,"H91",NA,4,"London United",2772000,2774000,2852599,"Double Deck Buses",5.06,NA,NA,NA,"RATP",4,NA,0
"578","345/N345","345",24,"QB",18.8,43,93,NA,9,2008-09-15,"345","N345",3,"London General",6040504,5209054,6040504,NA,6.38,"Volume of work","Volume additional work",NA,"GoAhead",5,NA,0
"579","35/N35","35",20,"Q",16.6,44.5,80,NA,8,2008-09-15,"35","N35",4,"Travel London",3902983,3902983,4913525,NA,5.5,NA,NA,NA,"Abellio",5,NA,0
"580","40","40",20,"Q",12.6666666666667,30,67,"Daily",6,2008-09-15,"40",NA,3,"Travel London",2976084,2976084,3469076,NA,5.88,NA,NA,NA,"Abellio",5,NA,0
"581","54","54",17,"TL",13.3333333333333,39,83,"Daily",10,2008-09-15,"54",NA,2,"Metrobus",2873499,2915018,3307141,NA,4.07,NA,NA,"Routes 54 and 75 are awarded on the basis of a joint bid totalling 5525960 per annum","GoAhead",5,"5525960",0
"582","75","75",15,"TL",14.6666666666667,39,79,"Daily",9,2008-09-15,"75",NA,4,"Metrobus",2652461,2652701,3296000,NA,4.28,NA,NA,"Routes 54 and 75 are awarded on the basis of a joint bid totalling 5525960 per annum","GoAhead",5,"5525960",0
"583","B99",NA,NA,NA,NA,NA,NA,NA,NA,2008-09-25,"B99",NA,3,"Metrobus",54649,54649,58675,"31 days",12.03,NA,NA,NA,"GoAhead",1,NA,1
"584","64","64",13,"TH",19.6,39,60.5,NA,11,2008-10-09,"64",NA,4,"Metrobus",3026708,2999366,3145000,NA,4.33,"Higher quality expected from award","Higher quality expected from other bid","Joint bid discount totalling 8552668 for award of routes 54 64 and 75.","GoAhead",10,"8552668",0
"585","E1","E1",5,"GW",16.25,16,20.5,NA,3,2008-10-09,"E1",NA,5,"First CentreWest",1577739,1549846,1703574,NA,6.27,"Joint bid discount & Incumbent's good performance","Good performance incumbent","Routes E1 E3 E5 E7 E9 and E10 awarded on the basis of a joint bid totalling 15189230 per annum.","First",10,"15189230",0
"586","E10","E10",8,"GW",21.6666666666667,27,52,"Daily",6,2008-10-09,"E10",NA,7,"First CentreWest",2041958,1878500,2136062,NA,4.56,"Joint bid discount & Incumbent's good performance","Good performance incumbent","Routes E1 E3 E5 E7 E9 and E10 awarded on the basis of a joint bid totalling 15189230 per annum.","First",10,"15189230",0
"587","E2","E2",16,"AH",9.33333333333333,30,53,"Daily",6,2008-10-09,"E2",NA,5,"Metroline",3403806,3243270,3704000,NA,5.35,"Joint bid discount & Incumbent's good performance","Good performance incumbent","Routes E2 and E8 awarded on the basis of a joint bid totalling 5538000 per annum.","Metroline",10,"5538000",0
"588","E3","E3",20,"V",9.66666666666667,37,82,"Daily",9,2008-10-09,"E3",NA,4,"First CentreWest",5413367,5318021,5872844,NA,5.24,"Joint bid discount & Incumbent's good performance.","Good performance incumbent","Routes E1 E3 E5 E7 E9 and E10 awarded on the basis of a joint bid totalling 15189230 per annum.","First",10,"15189230",0
"589","E5","E5",12,"GW",17.3333333333333,37,68,"Daily",8,2008-10-09,"E5",NA,6,"First CentreWest",2288260,2204403,2393715,NA,4.94,"Joint bid discount & Incumbent's good performance.","Good performance incumbent","Routes E1 E3 E5 E7 E9 and E10 awarded on the basis of a joint bid totalling 15189230 per annum","First",10,"15189230",0
"590","E7","E7",11,"GW",20.6666666666667,30,65,"Daily",9,2008-10-09,"E7",NA,6,"First CentreWest",2138116,2100000,2236652,NA,4.33,"Joint bid discount & Incumbent's good performance.","Good performance incumbent","Routes E1 E3 E5 E7 E9 and E10 awarded on the basis of a joint bid totalling 15189230 per annum.","First",10,"15189230",0
"591","E8","E8",15,"AH",9.33333333333333,32,52,"Daily",7,2008-10-09,"E8",NA,5,"Metroline",2134194,2087365,2413855,NA,4.65,"Joint bid discount & Incumbent's good performance","Good performance incumbent","Routes E2 and E8 awarded on the basis of a joint bid totalling 5538000 per annum.","Metroline",10,"5538000",0
"592","E9","E9",8,"GW",17.3333333333333,28,45,"Daily",6,2008-10-09,"E9",NA,5,"First CentreWest",1729790,1809508,2094644,NA,4.56,NA,NA,"Routes E1 E3 E5 E7 E9 and E10 awarded on the basis of a joint bid totalling 15189230 per annum.","First",10,"15189230",0
"593","672",NA,NA,NA,NA,NA,NA,NA,NA,2008-10-09,"672",NA,1,"Selkent",83828,153337,153337,NA,35.82,NA,NA,NA,"Stagecoach",10,NA,0
"594","205/N205","205",25,"BW",12,49,103,"Daily",8,2008-11-20,"205","N205",4,"East London",5421230,4966816,5855000,NA,5.9,"Joint bid discount","Lower joint bid","Part of a joint bid for routes 8/N8 86/N86 and 205/N205 totalling 17691279 per annum.","Stagecoach",3,"17691279",0
"595","8/N8","8",28,"BW",9,33,73,"Daily",7,2008-11-20,"8","N8",2,"East London",5959738,6508047,7232197,NA,5.61,NA,NA,"Part of a joint bid for routes 8/N8 86/N86 and 205/N205 totalling 17691279 per annum.","Stagecoach",3,"17691279",0
"596","86/N86","86",31,"NS",8.66666666666667,41,80,"Daily",10,2008-11-20,"86","N86",3,"East London",6310311,5950902,6852052,NA,5.11,"Joint bid discount.","Lower joint bid","Part of a joint bid for routes 8/N8 86/N86 and 205/N205 totalling 17691279 per annum.","Stagecoach",3,"17691279",0
"597","205/N205","N205",25,"BW",12,49,103,"Daily",8,2008-11-20,"205","N205",4,"East London",5421230,4966816,5855000,NA,5.9,"Joint bid discount","Lower joint bid","Part of a joint bid for routes 8/N8 86/N86 and 205/N205 totalling 17691279 per annum.","Stagecoach",3,"17691279",0
"598","8/N8","N8",28,"BW",9,33,73,"Daily",7,2008-11-20,"8","N8",2,"East London",5959738,6508047,7232197,NA,5.61,NA,NA,"Part of a joint bid for routes 8/N8 86/N86 and 205/N205 totalling 17691279 per annum.","Stagecoach",3,"17691279",0
"599","86/N86","N86",31,"NS",8.66666666666667,41,80,"Daily",10,2008-11-20,"86","N86",3,"East London",6310311,5950902,6852052,NA,5.11,"Joint bid discount.","Lower joint bid","Part of a joint bid for routes 8/N8 86/N86 and 205/N205 totalling 17691279 per annum.","Stagecoach",3,"17691279",0
"600","38/N38","38",53,"CT",5,45,84,"Daily",7,2008-12-05,"38","N38",3,"Arriva London North",14850000,14692589,19760406,"Option 1",7.68,"Higher quality expected from award to incumbent.","Good performance incumbent",NA,"Arriva",3,NA,0
"601","507","507",15,"RA",10.6666666666667,10,26,"Daily",2,2008-12-05,"507",NA,3,"London General",2275366,1899441,2174657,NA,7.71,NA,NA,"Part of a joint bid for routes 507 and 521 totalling 5706284 per annum.","GoAhead",3,"5706284",0
"602","521","521",27,"RA",11,21,35,"Monday to Friday",3,2008-12-05,"521",NA,2,"London General",3430918,3228451,4579816,NA,9.34,NA,NA,"Part of a joint bid for routes 507 and 521 totalling 5706284 per annum.","GoAhead",3,"5706284",0
"603","38/N38","N38",53,"CT",5,45,84,"Daily",7,2008-12-05,"38","N38",3,"Arriva London North",14850000,14692589,19760406,"Option 1",7.68,"Higher quality expected from award to incumbent.","Good performance incumbent",NA,"Arriva",3,NA,0
"604","112","112",11,"W",15,25,54,"Daily",7,2008-12-18,"112",NA,4,"Travel London West",1422000,1457500,1654400,NA,4.29,NA,NA,NA,"Abellio",11,NA,0
"605","213/N213","213",10,"A",19.4,30.5,56.5,NA,9,2008-12-18,"213","N213",3,"London General",3855463,3900040,4335000,NA,4.65,"Incumbent's good performance.","Good performance incumbent",NA,"GoAhead",11,NA,0
"606","232","232",16,"NP",17.6666666666667,47,101,"Daily",13,2008-12-18,"232",NA,3,"Metroline",2226000,2165000,2363510,NA,4.15,"Incumbent's good performance","Good performance incumbent",NA,"Metroline",11,NA,0
"607","265","265",12,"TV",14,33,69,"Daily",11,2008-12-18,"265",NA,3,"London United",2107786,2207221,2546864,NA,3.37,"Incumbent's good performance and joint bid.","Good performance incumbent","Routes 57/N57 65/N65 71 265 281/N281/681 and 371 awarded on the basis of a joint bid discount totalling 22755599 per annum.","RATP",11,"22755599",0
"608","281/N281/681","281",12,"FW",18.8,42.5,66.5,NA,11,2008-12-18,"281","N281",3,"London United",4839013,4635608,4947000,NA,4.4,"Incumbent's good performance and joint bid.","Good performance incumbent","Routes 57/N57 65/N65 71 265 281/N281/681 and 371 awarded on the basis of a joint bid discount totalling 22755599 per annum.","RATP",11,"22755599",0
"609","371","371",11,"FW",12.3333333333333,30,58,"Daily",8,2008-12-18,"371",NA,3,"London United",2945003,2685170,3022000,NA,4.66,"Incumbent's good performance and joint bid.","Good performance incumbent","Routes 57/N57 65/N65 71 265 281/N281/681 and 371 awarded on the basis of a joint bid discount totalling 22755599 per annum.","RATP",11,"22755599",0
"610","57/N57","57",14,"AL",18.8,44.5,77.5,NA,11,2008-12-18,"57","N57",3,"London United",5600477,5588006,5977000,NA,5.14,"Incumbent's good performance and joint bid.","Good performance incumbent","Routes 57/N57 65/N65 71 265 281/N281/681 and 371 awarded on the basis of a joint bid discount totalling 22755599 per annum.","RATP",11,"22755599",0
"611","611","611",1,"PA",NA,NA,NA,"Monday to Friday",7,2008-12-18,"611",NA,1,"Metroline",68855,68855,NA,NA,25.59,NA,NA,NA,"Metroline",11,NA,0
"612","65/N65","65",27,"FW",8.66666666666667,33,75,"Daily",10,2008-12-18,"65","N65",3,"London United",4722998,4477766,4775000,NA,4.92,"Incumbent's good performance and joint bid.","Good performance incumbent","Routes 57/N57 65/N65 71 265 281/N281/681 and 371 awarded on the basis of a joint bid discount totalling 22755599 per annum.","RATP",11,"22755599",0
"613","281/N281/681","681",12,"FW",18.8,42.5,66.5,NA,11,2008-12-18,"281","N281",3,"London United",4839013,4635608,4947000,NA,4.4,"Incumbent's good performance and joint bid.","Good performance incumbent","Routes 57/N57 65/N65 71 265 281/N281/681 and 371 awarded on the basis of a joint bid discount totalling 22755599 per annum.","RATP",11,"22755599",0
"614","71","71",12,"FW",10.6666666666667,20,47,"Daily",6,2008-12-18,"71",NA,3,"London United",2540322,2664500,2998243,NA,4.59,"Incumbent's good performance and joint bid.","Good performance incumbent","Routes 57/N57 65/N65 71 265 281/N281/681 and 371 awarded on the basis of a joint bid discount totalling 22755599 per annum.","RATP",11,"22755599",0
"615","85/N85","85",9,"TV",17.6,26,41.5,NA,7,2008-12-18,"85","N85",3,"London General",3501470,3475724,3702000,NA,4.69,"Incumbent's good performance.","Good performance incumbent",NA,"GoAhead",11,NA,0
"616","65/N65","N65",27,"FW",8.66666666666667,33,75,"Daily",10,2008-12-18,"65","N65",3,"London United",4722998,4477766,4775000,NA,4.92,"Incumbent's good performance and joint bid.","Good performance incumbent","Routes 57/N57 65/N65 71 265 281/N281/681 and 371 awarded on the basis of a joint bid discount totalling 22755599 per annum.","RATP",11,"22755599",0
"617","344/N344","344",15,"QB",19.5,37,60,NA,6,2009-01-16,"344","N344",4,"Travel London",4580350,4304461,5455346,NA,5.91,"Incumbent's good performance and resource levels.","Good performance incumbent",NA,"Abellio",1,NA,0
"618","49","49",20,"QB",10,29,64,"Daily",6,2009-01-28,"49",NA,4,"London United",3832862,3799549,4587990,NA,6.29,"Incumbent's good performance & joint bid discount.","Good performance incumbent","Routes 49 and 72/N72 awarded on the basis of a joint bid discount totalling 7207000.","RATP",2,"7207000",0
"619","72/N72","72",17,"S",10.6666666666667,16,39,"Daily",4,2009-01-28,"72","N72",4,"London United",3374138,3114724,3567000,NA,4.85,"Incumbent's good performance & joint bid discount.","Good performance incumbent",NA,"RATP",2,NA,0
"620","72/N72","N72",17,"S",10.6666666666667,16,39,"Daily",4,2009-01-28,"72","N72",4,"London United",3374138,3114724,3567000,NA,4.85,"Incumbent's good performance & joint bid discount.","Good performance incumbent",NA,"RATP",2,NA,0
"621","114","114",11,"UX",17.5,42,63.5,NA,12,2009-02-16,"114",NA,3,"London Sovereign",3592400,3744271,3968000,NA,3.85,NA,NA,"Part of joint bid with routes 183 and 324 totalling 8491000","Stagecoach",9,"8491000",0
"622","183","183",13,"SO",14.5,36.5,61.5,NA,11,2009-02-16,"183",NA,3,"London Sovereign",3553600,3601388,3854081,NA,4.56,NA,NA,"Part of joint bid with routes 114 and 324 totalling 8491000","Stagecoach",9,"8491000",0
"623","324","324",6,"W",24.6666666666667,29,60,"Daily",8,2009-02-16,"324",NA,4,"London Sovereign",1345000,1237006,1481645,NA,4.31,"Higher quality expected from award","Higher quality expected from other bid","Part of joint bids with routes 114 and 183 totalling 8491000","Stagecoach",9,"8491000",0
"624","340","340",9,"AD",17.3333333333333,24,50,"Daily",6,2009-02-16,"340",NA,3,"Arriva The Shires",1699397,1769132,1833000,NA,4.64,NA,NA,NA,"Arriva",9,NA,0
"625","395","395",5,"SO",26.6666666666667,23,41,"Daily",5,2009-02-16,"395",NA,7,"Metroline",835189,835189,1045952,NA,4.42,NA,NA,NA,"Metroline",9,NA,0
"626","398","398",3,"RP",30,22,47,"Daily",6,2009-02-16,"398",NA,6,"London Sovereign",495550,538974,861695,NA,4.81,NA,NA,"Part of joint bid with route H13 totalling 1457000","Stagecoach",9,"1457000",0
"627","640","640",2,"SM",NA,NA,NA,"Monday to Friday",5,2009-02-16,"640",NA,3,"Arriva The Shires",144470,144470,159000,NA,33.67,NA,NA,NA,"Arriva",9,NA,0
"628","83/N83","83",19,"ON",10,34,71,"Daily",8,2009-02-16,"83","N83",3,"First London West",6399976,5999676,7069958,NA,5.01,"Higher quality expected from award","Higher quality expected from other bid",NA,"First",9,NA,0
"629","H13","H13",6,"UX",28,22,45,"Daily",8,2009-02-16,"H13",NA,2,"London Sovereign",96195,1012145,1059000,NA,3.64,NA,NA,"Part of joint bid with route 398 totalling 1457000","Stagecoach",9,"1457000",0
"630","83/N83","N83",19,"ON",10,34,71,"Daily",8,2009-02-16,"83","N83",3,"First London West",6399976,5999676,7069958,NA,5.01,"Higher quality expected from award","Higher quality expected from other bid",NA,"First",9,NA,0
"631","107","107",11,"EW",21.6666666666667,38,78,"Daily",11,2009-03-19,"107",NA,3,"Metroline",1996819,1926000,2111700,NA,3.7,"Lowest cost bid withdrawn","Bid withdrawn","Part of a joint bid totalling 23762650 for award of routes 16/N16 32 107 139/N139 189/N189 316 and 606","Metroline",12,"23762650",0
"632","139/N139","139",15,"BT",18.4,37.5,65.5,NA,8,2009-03-19,"139","N139",2,"Metroline",4469070,4346716,4685000,NA,7.22,"Joint bid","Lower joint bid","Part of a joint bid totalling 23762650 for award of routes 16/N16 32 107 139/N139 189/N189 316 and 606","Metroline",12,"23762650",1
"633","148/N148","148",15,"S",15.6,37.5,64.5,NA,9,2009-03-19,"148","N148",4,"London United",5453000,5327521,5583889,NA,5.52,"Higher quality of service expected from award","Higher quality expected from other bid",NA,"RATP",12,NA,0
"634","16/N16","16",18,"W",9.33333333333333,31,58,"Daily",6,2009-03-19,"16","N16",1,"Metroline",5277306,5826000,5826000,NA,6.88,NA,NA,"Part of a joint bid totalling 23762650 for award of routes 16/N16 32 107 139/N139 189/N189 316 and 606","Metroline",12,"23762650",0
"635","189/N189","189",10,"W",18.8,30,48.5,"24-hour service",6,2009-03-19,"189","N189",1,"Metroline",4397755,4612000,4612000,NA,6.54,NA,NA,"Part of a joint bid totalling 23762650 for award of routes 16/N16 32 107 139/N139 189/N189 316 and 606","Metroline",12,"23762650",0
"636","21/N21","21",27,"NX",11,42,95,"Daily",9,2009-03-19,"21","N21",2,"London Central",5740486,5386789,5800941,NA,5.85,"Joint bid discount","Lower joint bid","Part of a joint bid with routes 63/N63 321/N321 and 363 totalling 18724178","GoAhead",12,"18724178",0
"637","316","316",17,"W",10.6666666666667,37,61,"Daily",7,2009-03-19,"316",NA,3,"Metroline",3684606,3498000,4241500,NA,6.14,"Joint bid","Lower joint bid","Part of a joint bid totalling 23762650 for award of routes 16/N16 32 107 139/N139 189/N189 316 and 606","Metroline",12,"23762650",0
"638","32","32",17,"EW",10.6666666666667,34,68,"Daily",7,2009-03-19,"32",NA,3,"Metroline",3755921,3425000,3955500,NA,6.13,"Lowest cost bid is withdrawn","Bid withdrawn","Part of a joint bid totalling 23762650 for award of routes 16/N16 32 107 139/N139 189/N189 316 and 606","Metroline",12,"23762650",0
"639","321/N321","321",17,"BX",19.2,34,80,NA,10,2009-03-19,"321","N321",2,"London Central",4172065,4327161,4361412,NA,4.34,NA,NA,"Part of a joint bid with routes 21/N21 63/N63 and 363 totalling 18724178","GoAhead",12,"18724178",0
"640","363","363",14,"PM",11.3333333333333,32,55,"Daily",7,2009-03-19,"363",NA,4,"London Central",2697147,2788761,3083416,NA,5.18,NA,NA,"Part of a joint bid with routes 21/N21 63/N63 and 321/N321 totalling 18724178","GoAhead",12,"18724178",0
"641","63/N63","63",26,"PM",9.33333333333333,37,71,"Daily",7,2009-03-19,"63","N63",3,"London Central",6114480,6259317,6502386,NA,5.96,NA,NA,"Part of a joint bid with routes 21/N21 321/N321 and 363 totalling 18724178","GoAhead",12,"18724178",0
"642","16/N16","N16",18,"W",9.33333333333333,31,58,"Daily",6,2009-03-19,"16","N16",1,"Metroline",5277306,5826000,5826000,NA,6.88,NA,NA,"Part of a joint bid totalling 23762650 for award of routes 16/N16 32 107 139/N139 189/N189 316 and 606","Metroline",12,"23762650",0
"643","21/N21","N21",27,"NX",11,42,95,"Daily",9,2009-03-19,"21","N21",2,"London Central",5740486,5386789,5800941,NA,5.85,"Joint bid discount","Lower joint bid","Part of a joint bid with routes 63/N63 321/N321 and 363 totalling 18724178","GoAhead",12,"18724178",0
"644","63/N63","N63",26,"PM",9.33333333333333,37,71,"Daily",7,2009-03-19,"63","N63",3,"London Central",6114480,6259317,6502386,NA,5.96,NA,NA,"Part of a joint bid with routes 21/N21 321/N321 and 363 totalling 18724178","GoAhead",12,"18724178",0
"645","606",NA,NA,NA,NA,NA,NA,NA,NA,2009-03-19,"606",NA,3,"Metroline",181173,204950,237465,NA,19.11,NA,NA,"Part of a joint bid totalling 23762650 for award of routes 16/N16 32 107 139/N139 189/N189 316 and 606","Metroline",12,"23762650",0
"646","221","221",23,"WN",10.6666666666667,41,84,"Daily",11,2009-04-06,"221",NA,1,"Arriva London North",5037200,5420000,5420000,NA,5.36,NA,NA,"Part of a joint bid totalling 14594160 for award of routes 34 76/N76 and 221","Arriva",6,"14594160",0
"647","259","259",19,"EC",9.66666666666667,33,73,"Daily",8,2009-04-06,"259",NA,2,"First Capital",4927125,5026703,5133000,NA,6.14,NA,NA,"Part of a joint bid totalling 9510982 for award of routes 259 and 476.","First",6,"9510982",0
"648","34","34",7,"AD",15.5,38,60,NA,12,2009-04-06,"34",NA,4,"Arriva London North",4740260,4562499,5518576,NA,4.46,"Joint bid discount","Lower joint bid","Part of a joint bid totalling 14594160 for award of routes 34 76/N76 and 221.","Arriva",6,"14594160",0
"649","375","375",1,"GY",90,22,34,"Monday to Saturday",8,2009-04-06,"375",NA,4,"Arriva Kent Thameside",138500,154501,175430,NA,3.32,NA,NA,NA,"Arriva",6,NA,0
"650","476","476",15,"NP",11.3333333333333,33,72,"Daily",7,2009-04-06,"476",NA,2,"First Capital",4583857,4673328,4972000,NA,6.77,NA,NA,"Part of a joint bid totalling 9510982 for award of routes 259 and 476.","First",6,"9510982",0
"651","76/N76","76",15,"NP",18.8,41.5,77.5,NA,8,2009-04-06,"76","N76",2,"Arriva London North",4816700,5170469,5.413,NA,5.97,NA,NA,"Part of a joint bid totalling 14594160 for award of routes 34 76/N76 and 221","Arriva",6,"14594160",0
"652","10/N10","10",23,"V",NA,NA,NA,"24-hour service",7,2009-05-13,"10","N10",3,"London United",5409000,5503000,6683196,NA,6.97,NA,NA,NA,"RATP",13,NA,0
"653","100","100",9,"Q",14,19,46,"Daily",3,2009-05-13,"100",NA,3,"Travel London",2898965,2864274,3576473,NA,5.1,"Higher level of resource in awarded bid &joint bid","Higher quality expected from other bid","Routes 100 381/N381 and P13 awarded on the basis of a joint bid totalling 8007165 per annum.","Abellio",13,"8007165",0
"654","14/N14","14",16,"AF",13.4,36,83,NA,7,2009-05-13,"14","N14",1,"London General",7423735,8053405,8053405,NA,7.34,NA,NA,"Part of joint bid totalling 19084151 for routes 14/N14 39 74/N74 and 430.","GoAhead",13,"19084151",0
"655","380","380",14,"TL",14,41,66,"Daily",7,2009-05-13,"380",NA,3,"Selkent",2426816,2485439,2523514,NA,4.06,NA,NA,NA,"Stagecoach",13,NA,0
"656","381/N381","381",19,"WL",12.3333333333333,40,92,"Daily",8,2009-05-13,"381","N381",2,"Travel London",3545186,3491433,4076299,NA,4.57,"Higher level of resource in awarded bid& joint bid","Higher quality expected from other bid","Routes 100381/N381 and P13 awarded on the basis of a joint bid totalling 8007165 per annum.","Abellio",13,"8007165",0
"657","39","39",14,"PL",12,24,58,"Daily",5,2009-05-13,"39",NA,2,"London General",3129801,2826919,3409796,NA,5.45,"Joint bid discount","Lower joint bid","Part of joint bid totalling 19084151 for routes 14/N14 39 74/N74 and 430.","GoAhead",13,"19084151",0
"658","407","407",15,"BC",15.6666666666667,47,97,"Daily",13,2009-05-13,"407",NA,4,"Travel London",2552310,2575442,3096000,NA,3.8,NA,NA,NA,"Abellio",13,NA,0
"659","414","414",22,"QB",10.6666666666667,31,74,"Daily",7,2009-05-13,"414",NA,3,"Travel London",3725917,3785572,4947500,NA,5.69,NA,NA,NA,"Abellio",13,NA,1
"660","430","430",13,"AF",11.3333333333333,28,69,"Daily",7,2009-05-13,"430",NA,2,"London General",3511484,3149220,3795352,NA,5.83,"Joint bid discount","Lower joint bid","Part of joint bid totalling 19084151 for routes 14/N14 39 74/N74 and 430.","GoAhead",13,"19084151",0
"661","627","627",2,"TC",NA,NA,NA,"Monday to Friday",6,2009-05-13,"627",NA,3,"Arriva London South",48000,78498,98000,NA,19.08,NA,NA,NA,"Arriva",13,NA,0
"662","74/N74","74",18,"AF",11.6666666666667,34,78,"Daily",7,2009-05-13,"74","N74",2,"London General",5019131,5600194,5918541,NA,6.37,"Joint bid discount","Lower joint bid","Part of joint bid totalling 19084151 for routes 14/N14 39 74/N74 and 430.","GoAhead",13,"19084151",0
"663","D3","D3",14,"WH",15,30,59,"Daily",7,2009-05-13,"D3",NA,5,"East London",3055643,2688339,3490656,NA,4.51,"Higher quality expected from award","Higher quality expected from other bid",NA,"Stagecoach",13,NA,0
"664","381/N381","N381",19,"WL",12.3333333333333,40,92,"Daily",8,2009-05-13,"381","N381",2,"Travel London",3545186,3491433,4076299,NA,4.57,"Higher level of resource in awarded bid& joint bid","Higher quality expected from other bid","Routes 100381/N381 and P13 awarded on the basis of a joint bid totalling 8007165 per annum.","Abellio",13,"8007165",0
"665","74/N74","N74",18,"AF",11.6666666666667,34,78,"Daily",7,2009-05-13,"74","N74",2,"London General",5019131,5600194,5918541,NA,6.37,"Joint bid discount","Lower joint bid","Part of joint bid totalling 19084151 for routes 14/N14 39 74/N74 and 430.","GoAhead",13,"19084151",0
"666","P13","P13",12,"WL",18.3333333333333,43,80,"Daily",10,2009-05-13,"P13",NA,3,"Travel London",1563014,1640154,2026000,NA,4.81,NA,NA,"Routes 100381/N381 and P13 awarded on the basis of a joint bid totalling 8007165 per annum.","Abellio",13,"8007165",0
"667","1/N1","1",15,"MG",11.3333333333333,28,63,"Daily",6,2009-07-01,"1","N1",2,"London General",4248584,NA,NA,NA,6.14,NA,NA,"Part of joint bid of 24044644 per annum for all routes operated by East Thames Buses.","GoAhead",9,"24044644",0
"668","108/N108","108",10,"MG",20,41.5,70,"24-hour service",10,2009-07-01,"108","N108",2,"London Central",3794867,NA,NA,NA,4.74,NA,NA,"Part of joint bid of 24044644 per annum for all routes operated by East Thames Buses.","GoAhead",9,"24044644",0
"669","132","132",10,"BX",17.5,35,55,NA,10,2009-07-01,"132",NA,2,"London Central",2862424,NA,NA,NA,4.52,NA,NA,"Part of joint bid of 24044644 per annum for all routes operated by East Thames Buses.","GoAhead",9,"24044644",0
"670","180","180",17,"MG",13.3333333333333,40,82,"Daily",11,2009-07-01,"180",NA,2,"London General",3596372,NA,NA,NA,5.39,NA,NA,"Part of joint bid of 24044644 per annum for all routes operated by East Thames Buses.","GoAhead",9,"24044644",0
"671","185","185",25,"Q",10.6666666666667,42,93,"Daily",10,2009-07-01,"185",NA,2,"London Central",4842559,NA,NA,NA,6.35,NA,NA,"Part of joint bid of 24044644 per annum for all routes operated by East Thames Buses.","GoAhead",9,"24044644",0
"672","201","201",10,"BC",21.6666666666667,33,68,"Daily",8,2009-07-01,"201",NA,2,"London General",2109550,NA,NA,NA,5.66,NA,NA,"Part of joint bid of 24044644 per annum for all routes operated by East Thames Buses.","GoAhead",9,"24044644",0
"673","42","42",13,"Q",15,33,72,"Daily",7,2009-07-01,"42",NA,2,"London Central",2369663,NA,NA,NA,6.16,NA,NA,"Part of joint bid of 24044644 per annum for all routes operated by East Thames Buses.","GoAhead",9,"24044644",0
"674","661","661",1,"TB",NA,NA,NA,"Monday to Friday",4,2009-07-01,"661",NA,2,"London Central",81315,NA,NA,NA,33.66,NA,NA,"Part of joint bid of 24044644 per annum for all routes operated by East Thames Buses.","GoAhead",9,"24044644",0
"675","669","669",2,"PD",NA,NA,NA,"Monday to Friday",11,2009-07-01,"669",NA,2,"London Central",139310,NA,NA,NA,20.49,NA,NA,"Part of joint bid of 24044644 per annum for all routes operated by East Thames Buses.","GoAhead",9,"24044644",0
"676","1/N1","N1",15,"MG",11.3333333333333,28,63,"Daily",6,2009-07-01,"1","N1",2,"London General",4248584,NA,NA,NA,6.14,NA,NA,"Part of joint bid of 24044644 per annum for all routes operated by East Thames Buses.","GoAhead",9,"24044644",0
"677","235","235",20,"AH",11.3333333333333,41,75,"Daily",9,2009-07-09,"235",NA,3,"Travel London",3311655,3515215,3699000,"Option 1",4.16,NA,NA,"Part of joint bid with route H26 totalling 4117268 per annum.","Abellio",3,"4117268",0
"678","237","237",21,"AH",11.6666666666667,43,76,"Daily",9,2009-07-09,"237",NA,3,"Metroline",4169000,4180233,4508000,NA,4.91,NA,NA,NA,"Metroline",3,NA,0
"679","H26","H26",5,"TF",30,26,47,"Daily",6,2009-07-09,"H26",NA,2,"Travel London",805613,881769,966000,NA,3.52,NA,NA,"Part of joint bid with route 235 totalling 4117268 per annum.","Abellio",3,"4117268",0
"680","46","46",19,"HT",13.3333333333333,44,94,"Daily",9,2009-07-24,"46",NA,2,"Metroline",3539000,3542802,3599000,NA,5.54,NA,NA,NA,"Metroline",2,NA,0
"681","S3","S3",8,"EB",20,56,80,"Monday to Saturday",12,2009-07-24,"S3",NA,3,"Quality Line",1134094,1188008,1541000,NA,3.48,NA,NA,NA,"RATP",2,NA,0
"682","242/N242","242",17,"CT",10.6666666666667,30,56,"Daily",6,2009-08-06,"242","N242",3,"Arriva London North",6030000,6185236,6737000,NA,6.24,NA,NA,NA,"Arriva",8,NA,0
"683","277/N277","277",23,"BW",9,34,65,"Daily",8,2009-08-06,"277","N277",5,"East London",4541614,4680080,5514000,NA,5.19,NA,NA,"Routes 48 55/N55 56 277/N277 323 and 488 awarded on the basis of a joint bid totalling 21275232 per annum.","Stagecoach",8,"21275232",0
"684","323","323",4,"WH",18.3333333333333,13,25,"Daily",3,2009-08-06,"323",NA,4,"East London",773292,829358,1141000,NA,4.01,NA,NA,"Routes 48 55/N55 56 277/N277 323 and 488 awarded on the basis of a joint bid totalling 21275232 per annum.","Stagecoach",8,"21275232",0
"685","388","388",13,"HK",12,34,67,"Daily",6,2009-08-06,"388",NA,4,"CT Plus",2079219,2190692,3167000,NA,5.51,NA,NA,NA,"HCT",8,NA,0
"686","48","48",20,"AE",NA,NA,NA,"Daily",8,2009-08-06,"48",NA,5,"East London",4033198,3923217,4884889,NA,5.58,"Joint bid discount & Incumbent's good performance","Good performance incumbent","Routes 48 55/N55 56 277/N277 323 and 488 awarded on the basis of a joint bid totalling 21275232 per annum.","Stagecoach",8,"21275232",0
"687","488","488",9,"LI",18.6666666666667,26,57,"Daily",6,2009-08-06,"488",NA,5,"East London",1726119,1816119,2322514,NA,4.52,NA,NA,"Routes 48 55/N55 56 277/N277 323 and 488 awarded on the basis of a joint bid totalling 21275232 per annum.","Stagecoach",8,"21275232",0
"688","55/N55","55",38,"T",9.66666666666667,45,125,"Daily",9,2009-08-06,"55","N55",3,"East London",5727814,6321534,6789731,NA,5.36,NA,NA,"Routes 48 55/N55 56 277/N277 323 and 488 awarded on the basis of a joint bid totalling 21275232 per annum.","Stagecoach",8,"21275232",0
"689","56","56",22,"T",7.66666666666667,31,73,"Daily",8,2009-08-06,"56",NA,3,"East London",4473195,4508973,5416307,NA,4.89,NA,NA,"Routes 48 55/N55 56 277/N277 323 and 488 awarded on the basis of a joint bid totalling 21275232 per annum.","Stagecoach",8,"21275232",0
"690","242/N242","N242",17,"CT",10.6666666666667,30,56,"Daily",6,2009-08-06,"242","N242",3,"Arriva London North",6030000,6185236,6737000,NA,6.24,NA,NA,NA,"Arriva",8,NA,0
"691","277/N277","N277",23,"BW",9,34,65,"Daily",8,2009-08-06,"277","N277",5,"East London",4541614,4680080,5514000,NA,5.19,NA,NA,"Routes 48 55/N55 56 277/N277 323 and 488 awarded on the basis of a joint bid totalling 21275232 per annum.","Stagecoach",8,"21275232",0
"692","55/N55","N55",38,"T",9.66666666666667,45,125,"Daily",9,2009-08-06,"55","N55",3,"East London",5727814,6321534,6789731,NA,5.36,NA,NA,"Routes 48 55/N55 56 277/N277 323 and 488 awarded on the basis of a joint bid totalling 21275232 per annum.","Stagecoach",8,"21275232",0
"693","110","110",7,"AV",26.6666666666667,23,65,"Daily",7,2009-08-21,"110",NA,3,"London United",1043000,995000,1095000,NA,3.96,"Joint Bid","Lower joint bid","Routes 110 and 111/N111 awarded on the basis of a joint bid totalling 6331000 per annum.","RATP",4,"6331000",0
"694","111/N111","111",15,"AV",19.4,50.5,78.5,NA,15,2009-08-21,"111","N111",2,"London United",5288000,5475000,5575759,NA,3.99,NA,NA,"Routes 110 and 111/N111 awarded on the basis of a joint bid totalling 6331000 per annum.","RATP",4,"6331000",0
"695","K50","K50",8,"TV",16,17,25,NA,5,2009-08-21,"K50",NA,2,"London United",273000,264305,268000,NA,4.83,"Incumbent's good performance.","Good performance incumbent",NA,"RATP",4,NA,1
"696","P4","P4",13,"TL",13,30,71,"Daily",7,2009-08-21,"P4",NA,4,"Selkent",2253394,2300000,2401532,NA,4.47,NA,NA,NA,"Stagecoach",4,NA,1
"697","109","109",26,"BC",8.66666666666667,32,70,"Daily",7,2009-09-14,"109",NA,3,"Arriva London South",4752370,5106446,5943000,NA,5.69,NA,NA,"Part of joint bid with routes 2/N2 59 133/N133 and 432 totalling 22776230","Arriva",26,"22776230",0
"698","133/N133","133",32,"BN",10.6666666666667,37,78,"Daily",7,2009-09-14,"133","N133",2,"Arriva London South",6482780,6799000,6880819,NA,7.22,NA,NA,"Part of joint bid with routes 2/N2 59 109 and 432 totalling 22776230","Arriva",26,"22776230",0
"699","195","195",15,"GW",15.6666666666667,46,79,"Daily",10,2009-09-14,"195",NA,4,"First London West",2768807,2676157,3094923,NA,4.34,"Joint bid discount","Lower joint bid","Part of a joint bid with routes 282 427 U1 U2 U3 U4 and U5 totalling 22370400","First",26,"22370400",0
"700","2/N2","2",24,"N",10,41,84,"Daily",8,2009-09-14,"2","N2",3,"Arriva London South",4619960,4922639,6005000,NA,5.09,NA,NA,"Part of joint bids with routes 59 109 133/N133 and 432 totalling 22776230","Arriva",26,"22776230",0
"701","212","212",12,"NP",13,25,48,"Daily",6,2009-09-14,"212",NA,4,"CT Plus",1895279,1924525,2657000,NA,4.7,NA,NA,"Part of joint bid with route W12 totalling 3158798","HCT",26,"3158798",0
"702","215","215",5,"T",26.6666666666667,22,43,"Daily",5,2009-09-14,"215",NA,4,"East London",931883,885824,1198000,NA,5.44,"Volume of work","Volume additional work",NA,"Stagecoach",26,NA,0
"703","282","282",16,"G",14,43,90,"Daily",12,2009-09-14,"282",NA,3,"First London West",3255935,3524576,3786564,NA,4.2,NA,NA,"Part of a joint bid with routes 195 427 U1 U2 U3 U4 and U5 totalling 22370400","First",26,"22370400",0
"704","300","300",10,"SI",18.3333333333333,30,69,"Daily",7,2009-09-14,"300",NA,2,"Docklands Buses",1915665,1915665,2094592,NA,4.58,NA,NA,NA,"GoAhead",26,NA,0
"705","322","322",10,"SW",16.3333333333333,29,65,"Daily",6,2009-09-14,"322",NA,2,"Travel London",1693804,1693804,1734887,NA,5.05,NA,NA,NA,"Abellio",26,NA,0
"706","325","325",12,"DX",17.3333333333333,35,60,"Daily",8,2009-09-14,"325",NA,3,"Arriva London North",2200000,2192397,2530000,NA,4.61,"Joint bid discount","Lower joint bid","Part of joint bid with route 444 totalling 3781000","Arriva",26,"3781000",0
"707","333","333",16,"BN",11.3333333333333,33,68,"Daily",7,2009-09-14,"333",NA,2,"London General",3607695,3762711,4146000,NA,5.87,NA,NA,NA,"GoAhead",26,NA,0
"708","360","360",11,"Q",15.6666666666667,35,61,"Daily",6,2009-09-14,"360",NA,1,"London Central",2573318,2573318,2573318,NA,6.7,NA,NA,NA,"GoAhead",26,NA,0
"709","427","427",24,"GW",10,46,84,"Daily",10,2009-09-14,"427",NA,2,"First London West",5417332,4990176,6263645,NA,5.48,"Joint bid discount","Lower joint bid","Part of a joint bid with routes 195 282 U1 U2 U3 U4 and U5 totalling 22370400","First",26,"22370400",0
"710","432","432",12,"SW",14,18,57,"Daily",4,2009-09-14,"432",NA,3,"Arriva London South",1944750,2068505,2177000,NA,5.51,NA,NA,"Part of joint bids with routes 59 109 133/N133 and 432 totalling 22776230","Arriva",26,"22776230",0
"711","444","444",11,"NP",14,28,62,"Daily",8,2009-09-14,"444",NA,2,"Arriva London North",1581000,1695087,1849000,NA,4.11,NA,NA,"Part of joint bid with route 325 totalling 3781000","Arriva",26,"3781000",0
"712","58","58",15,"LI",14,34,92,"Daily",8,2009-09-14,"58",NA,3,"First London East",3391677,3440030,3768530,NA,5.91,NA,NA,NA,"First",26,NA,0
"713","59","59",25,"BN",10.3333333333333,31,68,"Daily",6,2009-09-14,"59",NA,2,"Arriva London South",4976370,5193301,5636000,NA,5.5,NA,NA,"Part of joint bid with routes 2/N2 109 133/N133 and 432 totalling 22776230","Arriva",26,"22776230",0
"714","657","657",1,"NP",NA,NA,NA,"Monday to Saturday",4,2009-09-14,"657",NA,2,"Arriva London North",48000,68000,87907,NA,30.77,NA,NA,NA,"Arriva",26,NA,0
"715","97","97",21,"WH",11.6666666666667,33,81,"Daily",7,2009-09-14,"97",NA,3,"East London",2875441,3026780,3518000,NA,5.51,NA,NA,NA,"Stagecoach",26,NA,0
"716","G1","G1",13,"SW",21.6666666666667,45,99,NA,10,2009-09-14,"G1",NA,2,"London General",1741038,1831038,1925703,NA,5.11,NA,NA,NA,"GoAhead",26,NA,0
"717","133/N133","N133",32,"BN",10.6666666666667,37,78,"Daily",7,2009-09-14,"133","N133",2,"Arriva London South",6482780,6799000,6880819,NA,7.22,NA,NA,"Part of joint bid with routes 2/N2 59 109 and 432 totalling 22776230","Arriva",26,"22776230",0
"718","2/N2","N2",24,"N",10,41,84,"Daily",8,2009-09-14,"2","N2",3,"Arriva London South",4619960,4922639,6005000,NA,5.09,NA,NA,"Part of joint bids with routes 59 109 133/N133 and 432 totalling 22776230","Arriva",26,"22776230",0
"719","U1","U1",8,"UX",25,31,61,"Daily",10,2009-09-14,"U1",NA,3,"First London Wst",1688500,1563839,1887675,NA,4.41,"Joint bid discount","Lower joint bid","Part of a joint bid with routes 195 282 427 U2 U3 U4 and U5 totalling 22370400","First",26,"22370400",0
"720","U2","U2",9,"UX",16.6666666666667,22,37,"Daily",6,2009-09-14,"U2",NA,3,"First London West",1588398,1725330,2088195,NA,4.35,NA,NA,"Part of a joint bid with routes 195 282 427 U1 U3 U4 and U5 totalling 22370400","First",26,"22370400",0
"721","U3","U3",9,"UX",17.3333333333333,37,58,"Daily",9,2009-09-14,"U3",NA,3,"First London West",2423437,2426838,3037816,NA,4.08,NA,NA,"Part of a joint bid with routes 195 282 427 U1 U2 U4 and U5 totalling 22370400","First",26,"22370400",0
"722","U4","U4",12,"UX",15,30,51,"Daily",8,2009-09-14,"U4",NA,3,"First London West",2853637,2894396,3535050,NA,4.63,NA,NA,"Part of a joint bid with routes 195 282 427 U1 U2 U3 and U5 totalling 22370400","First",26,"22370400",0
"723","U5","U5",12,"WS",17.3333333333333,34,59,"Daily",7,2009-09-14,"U5",NA,3,"First London West",2374354,2228401,2890763,NA,4.05,"Joint bid discount","Lower joint bid","Part of a joint bid with routes 195 282 427 U1 U2 U3 and U4 totalling 22370400","First",26,"22370400",1
"724","W12","W12",5,"AW",30,35,64,"Daily",8,2009-09-14,"W12",NA,3,"CT Plus",1263519,1481474,1743216,NA,4.4,NA,NA,"Part of joint bid with route 212 totalling 3158798","HCT",26,"3158798",0
"725","125","125",17,"PB",13.3333333333333,37,77,"Daily",10,2009-10-01,"125",NA,3,"Arriva London North",2545000,2829000,3170000,NA,4.54,NA,NA,NA,"Arriva",6,NA,0
"726","143","143",12,"W",14,33,60,"Daily",8,2009-10-01,"143",NA,1,"Metroline",2726170,2782500,2782500,NA,5.43,NA,NA,"Part of joint bid with routes 260 and 302 totalling 9681000","Metroline",6,"9681000",0
"727","234","234",9,"PB",17.3333333333333,33,50,"Daily",8,2009-10-01,"234",NA,2,"Metroline",2404037,1967067,2496500,NA,4.71,"Higher quality expected from award","Higher quality expected from other bid","Part of joint bid with route W9 totalling 3900000","Metroline",6,"3900000",0
"728","260","260",17,"AC",14,47,91,"Daily",10,2009-10-01,"260",NA,3,"Metroline",3722344,3626000,3799000,NA,5.55,"Joint bid discount","Lower joint bid","Part of joint bid with routes 143 and 302 totalling 9681000","Metroline",6,"9681000",0
"729","302","302",16,"AC",11,34,67,"Daily",8,2009-10-01,"302",NA,1,"Metroline",3232486,3299500,3299500,NA,4.7,"Joint bid discount","Lower joint bid","Part of joint bid with routes 143 and 260 totalling 9681000","Metroline",6,"9681000",0
"730","W9","W9",7,"SM",25,28,44,"Daily",7,2009-10-01,"W9",NA,3,"Metroline",1495963,1251277,1553500,NA,4.59,"Higher quality expected from award","Higher quality expected from other bid","Part of joint bid with route 234 totalling 3900000","Metroline",6,"3900000",0
"731","217","217",11,"SM",17.3333333333333,30,66,"Daily",8,2009-10-29,"217",NA,3,"Metroline",2302000,2313000,2480291,NA,4.52,NA,NA,NA,"Metroline",6,NA,0
"732","253/N253","253",22,"SF",7.66666666666667,33,69,"Daily",8,2009-10-29,"253","N253",3,"Arriva London North",6233000,7169000,7430470,NA,5.29,NA,NA,"Part of joint bid with route 254 totalling 12309000","Arriva",6,"12309000",0
"733","254","254",28,"AE",7.66666666666667,39,82,"Daily",8,2009-10-29,"254",NA,3,"Arriva London North",6076000,6185000,6665000,NA,5.67,NA,NA,"Part of joint bid with route 253 totalling 12309000","Arriva",6,"12309000",0
"734","394","394",10,"HK",17.3333333333333,26,54,NA,5,2009-10-29,"394",NA,4,"CT Plus",1610849,1688368,2258371,NA,4.95,NA,NA,NA,"HCT",6,NA,0
"735","253/N253","N253",22,"SF",7.66666666666667,33,69,"Daily",8,2009-10-29,"253","N253",3,"Arriva London North",6233000,7169000,7430470,NA,5.29,NA,NA,"Part of joint bid with route 254 totalling 12309000","Arriva",6,"12309000",0
"736","R68","R68",10,"TF",16.6666666666667,35,70,"Daily",9,2009-10-29,"R68",NA,4,"Travel London",1813560,1858903,2075000,NA,3.78,NA,NA,"Part of a joint bid with route R70 totalling 3810000","Abellio",6,"3810000",0
"737","R70","R70",11,"TF",15,27,50,"Daily",8,2009-10-29,"R70",NA,3,"Travel London",1996440,1974507,2136757,NA,3.94,"Joint bid discount","Lower joint bid","Part of a joint bid with route R68 totalling 3810000","Abellio",6,"3810000",0
"738","149/N149","149",24,"AR",14.4,46,77.5,NA,9,2009-11-26,"149","N149",2,"Arriva London North",8136000,8136000,8778088,NA,6.79,NA,NA,NA,"Arriva",3,NA,0
"739","243/N243","243",22,"AR",15.2,48,88.5,NA,10.5,2009-11-26,"243","N243",2,"Arriva London North",6895000,6895000,7431570,NA,6.04,NA,NA,NA,"Arriva",3,NA,0
"740","94/N94","94",14,"S",17.6,27.5,52.5,NA,6,2009-11-26,"94","N94",4,"London United",6523000,6765673,7671000,NA,6.79,NA,NA,"Nil","RATP",3,"Nil",0
"741","11/N11","11",22,"SW",11.3333333333333,38,95,"Daily",7,2009-12-10,"11","N11",3,"London General",5975000,6248194,7175000,NA,7.67,NA,NA,NA,"GoAhead",10,NA,0
"742","115","115",18,"RR",10,31,60,"Daily",7,2009-12-10,"115",NA,3,"East London",4055092,4378477,4724103,NA,5.79,NA,NA,"Part of joint bid with routes 5 and 15/N15 totalling 14482470","Stagecoach",10,"14482470",0
"743","15/N15","15",23,"RR",8.66666666666667,31,74,"Daily",6,2009-12-10,"15","N15",3,"East London",5503338,5841000,7111780,NA,5.37,NA,NA,"Part of joint bid with routes 5 and 115 totalling 14482470","Stagecoach",10,"14482470",0
"744","320","320",12,"MB",17.3333333333333,36,67,"Daily",12,2009-12-10,"320",NA,2,"Metrobus",2314200,2531392,2757927,NA,3.31,NA,NA,"Part of joint bid with routes 353 464 and 654 totalling 4298916","GoAhead",10,"4298916",0
"745","353","353",7,"MB",26.6666666666667,30,63,"Daily",10,2009-12-10,"353",NA,3,"Metrobus",1351638,1338729,1507928,NA,3.57,"Joint bid discount","Lower joint bid","Part of joint bid with routes 320 464 and 654 totalling 4298916","GoAhead",10,"4298916",0
"746","464","464",3,"BC",51.3333333333333,17,24,"Daily",6,2009-12-10,"464",NA,1,"Metrobus",555522,594265,594265,NA,4.02,NA,NA,"Part of joint bid with routes 320 353 and 654 totalling 4298916","GoAhead",10,"4298916",0
"747","5","5",30,"RR",8.33333333333333,46,88,"Daily",10,2009-12-10,"5",NA,3,"East London",4924040,5827000,6007067,NA,4.44,NA,NA,"Part of joint bid with routes 15/N15 and 115 totalling 14482470","Stagecoach",10,"14482470",0
"748","654","654",1,"MB",NA,NA,NA,"Monday to Friday",10,2009-12-10,"654",NA,2,"Metrobus",77556,94476,130000,NA,19.12,NA,NA,"Part of joint bid with routes 320 353 and 464 totalling 4298916","GoAhead",10,"4298916",0
"749","66","66",15,"GY",16.6666666666667,30,68,"Daily",10,2009-12-10,"66",NA,5,"Arriva Kent Thameside",1966000,1966000,2479401,NA,3.69,NA,NA,NA,"Arriva",10,NA,0
"750","C1","C1",13,"S",13,27,66,"Daily",6,2009-12-10,"C1",NA,5,"London Sovereign",2547019,2547019,3156774,NA,5.8,NA,NA,NA,"Stagecoach",10,NA,0
"751","11/N11","N11",22,"SW",11.3333333333333,38,95,"Daily",7,2009-12-10,"11","N11",3,"London General",5975000,6248194,7175000,NA,7.67,NA,NA,NA,"GoAhead",10,NA,0
"752","15/N15","N15",23,"RR",8.66666666666667,31,74,"Daily",6,2009-12-10,"15","N15",3,"East London",5503338,5841000,7111780,NA,5.37,NA,NA,"Part of joint bid with routes 5 and 115 totalling 14482470","Stagecoach",10,"14482470",0
"753","17","17",18,"HT",13,30,66,"Daily",6,2009-12-24,"17",NA,1,"Metroline",3600065,3850000,NA,NA,6.98,NA,NA,"Part of joint bid with routes 384 C11 and W8 totalling 12529000","Metroline",5,"12529000",0
"754","382","382",9,"PB",25,28,60,"Daily",7,2009-12-24,"382",NA,3,"Arriva London North",1660000,1752921,1875000,NA,4.73,NA,NA,NA,"Arriva",5,NA,0
"755","384","384",6,"PB",28.6666666666667,30,45,"Daily",7,2009-12-24,"384",NA,2,"Metroline",1637714,1519592,1699000,NA,5.15,"Joint bid discount","Lower joint bid","Part of joint bid with routes 17 C11 and W8 totalling 12529000","Metroline",5,"12529000",0
"756","C11","C11",16,"W",12.6666666666667,35,69,"Daily",8,2009-12-24,"C11",NA,1,"Metroline",4451870,4594000,NA,NA,6.63,NA,NA,"Part of joint bid with routes 17 384 and W8 totalling 12529000","Metroline",5,"12529000",0
"757","W8","W8",16,"PB",10.6666666666667,23,48,"Daily",6,2009-12-24,"W8",NA,3,"Metroline",2839351,2793000,3050000,NA,5.13,"Higher quality expected from award","Higher quality expected from other bid","Part of joint bid with routes 17 384 and C11 totalling 12529000","Metroline",5,"12529000",0
"758","18/N18","18",35,"RP",6.66666666666667,49,107,"Daily",9,2010-01-21,"18","N18",2,"First London West",12032405,12085439,13544000,NA,6.73,NA,NA,NA,"First",1,NA,0
"759","18/N18","N18",35,"RP",6.66666666666667,49,107,"Daily",9,2010-01-21,"18","N18",2,"First London West",12032405,12085439,13544000,NA,6.73,NA,NA,NA,"First",1,NA,0
"760","119/N119","119",9,"C",20.4,36,61,NA,11,2010-02-05,"119","N119",3,"Metrobus",3496602,3780064,4186857,NA,3.97,NA,NA,"Part of a joint bid with route 130 totalling 5289867 per annum.","GoAhead",12,"5289867",0
"761","130","130",11,"BC",15.6666666666667,35,63,"Daily",9,2010-02-05,"130",NA,3,"Metrobus",1793265,1906006,2057027,NA,3.93,NA,NA,"Part of a joint bid with route 119/N119 totalling 5289867 per annum.","GoAhead",12,"5289867",0
"762","131","131",21,"AL",10.6666666666667,28,74,"Daily",8,2010-02-05,"131",NA,2,"London United",3912518,4113235,4215000,NA,5.58,NA,NA,NA,"RATP",12,NA,0
"763","194","194",14,"TC",17.3333333333333,44,77,"Daily",11,2010-02-05,"194",NA,3,"Arriva London South",3022380,3263055,3292000,NA,4.31,NA,NA,"Part of a joint bid with routes 50 198 250/N250 255 264/N264 312 and 410 totalling 23499800 per annum.","Arriva",12,"23499800",0
"764","198","198",11,"TH",17.3333333333333,30,64,"Daily",7,2010-02-05,"198",NA,2,"Arriva London South",2509000,2740000,2743130,NA,5.41,NA,NA,"Part of a joint bid with routes 50 194 250/N250 255 264/N264 312 and 410 totalling 23499800 per annum.","Arriva",12,"23499800",0
"765","250/N250","250",22,"TH",10.6666666666667,31,76,"Daily",8,2010-02-05,"250","N250",3,"Arriva London South",5260220,4852226,5577000,NA,6.09,"Joint bid discount","Lower joint bid","Part of a joint bid with routes 50 194 198 255 264/N264 312 and 410 totalling 23499800 per annum.","Arriva",12,"23499800",0
"766","255","255",9,"TH",17.3333333333333,28,48,"Daily",4,2010-02-05,"255",NA,3,"Arriva London South",1898160,1954951,2031216,NA,5.8,NA,NA,"Part of a joint bid with routes 50 194 198 250/N250 264/N264 312 and 410 totalling 23499800 per annum.","Arriva",12,"23499800",0
"767","264/N264","264",8,"TC",20.4,26,45.5,NA,6,2010-02-05,"264","N264",3,"Arriva London South",3091860,3354000,3540232,NA,5.27,NA,NA,"Part of a joint bid with routes 50 194 198 250/N250 255 312 and 410 totalling 23499800 per annum.","Arriva",12,"23499800",0
"768","312","312",7,"TC",17.3333333333333,18,41,"Daily",4,2010-02-05,"312",NA,2,"Arriva London South",1283550,1469000,1841338,NA,4.53,NA,NA,"Part of a joint bid with routes 50 194 198 250/N250 255 264/N264 and 410 totalling 23499800 per annum.","Arriva",12,"23499800",0
"769","410","410",18,"TH",13.3333333333333,40,74,"Daily",9,2010-02-05,"410",NA,3,"Arriva London South",3490410,3662748,3999000,NA,4.4,NA,NA,"Part of a joint bid with routes 50 194 198 250/N250 255 264/N264 and 312 totalling 23499800 per annum.","Arriva",12,"23499800",0
"770","411/641","411",6,"FW",40.6666666666667,16,34,"Daily",5,2010-02-05,"411/641",NA,3,"Quality Line",846599,882622,1205000,NA,5.36,NA,NA,NA,"RATP",12,NA,0
"771","50","50",15,"BN",17.3333333333333,39,81,"Daily",9,2010-02-05,"50",NA,3,"Arriva London South",2944220,2950801,3426000,NA,5.27,NA,NA,"Part of a joint bid with routes 194 198 250/N250 255 264/N264 312 and 410 totalling 23499800 per annum.","Arriva",12,"23499800",0
"772","411/641","641",6,"FW",40.6666666666667,16,34,"Daily",5,2010-02-05,"411/641",NA,3,"Quality Line",846599,882622,1205000,NA,5.36,NA,NA,NA,"RATP",12,NA,1
"773","250/N250","N250",22,"TH",10.6666666666667,31,76,"Daily",8,2010-02-05,"250","N250",3,"Arriva London South",5260220,4852226,5577000,NA,6.09,"Joint bid discount","Lower joint bid","Part of a joint bid with routes 50 194 198 255 264/N264 312 and 410 totalling 23499800 per annum.","Arriva",12,"23499800",0
"774","168","168",21,"W",10.3333333333333,36,67,"Daily",7,2010-03-08,"168",NA,4,"Arriva London North",4302275,4307333,5164000,NA,5.82,NA,NA,"Part of a joint bid with routes 341/N341 and 349 totalling 12246920 per annum.","Arriva",5,"12246920",0
"775","210","210",14,"W",11.3333333333333,32,55,"Daily",7,2010-03-08,"210",NA,1,"Metroline",4092000,4192000,4192000,NA,5.91,NA,NA,NA,"Metroline",5,NA,0
"776","339","339",12,"LI",18.3333333333333,38,76,"Daily",8,2010-03-08,"339",NA,4,"First London East",830420,830420,978701,NA,4.97,NA,NA,NA,"First",5,NA,0
"777","341/N341","341",14,"AR",18.8,51.5,82.5,"24-hour service",11,2010-03-08,"341","N341",3,"Arriva London North",4753990,4978000,5914934,NA,4.85,NA,NA,"Part of a joint bid with routes 168 and 349 totalling 12246920 per annum.","Arriva",5,"12246920",0
"778","349","349",14,"E",11.3333333333333,25,58,"Daily",6,2010-03-08,"349",NA,2,"Arriva London North",3190655,3341000,3962794,NA,6.09,NA,NA,"Part of a joint bid with routes 168 and 341/N341 totalling 12246920 per annum.","Arriva",5,"12246920",0
"779","23/N23","23",14,"X",17.6,40.5,70.5,NA,9,2010-03-22,"23","N23",1,"First London West",7520045,8363933,NA,NA,7.68,NA,NA,"Part of a joint bid with routes 92 and 295/N295 totalling 16219942 per annum","First",2,"16219942",0
"780","92","92",18,"G",10,40,70,"Daily",9,2010-03-22,"92",NA,3,"First London West",4112424,4145390,4766000,NA,4.6,"Joint bid discount","Lower joint bid","Part of a joint bid with routes 23/N23 and 295/N295 totalling 16219242 per annum","First",2,"16219242",0
"781","295/N295","295",12,"WJ",18.6,41,60.5,NA,7,2010-03-23,"295","N295",3,"First London West",4586773,4515953,4952000,NA,6.11,"Joint bid discount","Lower joint bid","Part of a joint bid with routes 23/N23 and 92 totalling 16219242 per annum","First",2,"16219242",0
"782","33/N33","33",22,"FW",13.6666666666667,31,68,"Daily",8,2010-03-23,"33","N33",2,"London United",3450000,3420701,3552000,NA,4.28,"Increment justifiable to retain incumbent","Good performance incumbent",NA,"RATP",2,NA,0
"783","33/N33","N33",22,"FW",13.6666666666667,31,68,"Daily",8,2010-03-23,"33","N33",2,"London United",3450000,3420701,3552000,NA,4.28,"Increment justifiable to retain incumbent","Good performance incumbent",NA,"RATP",2,NA,0
"784","150","150",15,"DX",17.3333333333333,37,70,"Daily",9,2010-04-29,"150",NA,4,"Arriva London North",2656645,2718122,3086687,NA,4.74,NA,NA,"Part of joint bid with route 173 totalling 4779645 per annum","Arriva",15,"4779645",0
"785","173","173",15,"DX",13.6666666666667,33,73,"Daily",9,2010-04-29,"173",NA,4,"Arriva London North",2123000,2197322,2520285,NA,3.6,NA,NA,"Part of a joint bid with route 150 totalling 4779645 per annum.","Arriva",15,"4779645",0
"786","174","174",23,"RM",12.6666666666667,38,83,"Daily",10,2010-04-29,"174",NA,3,"East London",4097083,4104123,4404422,NA,4.43,NA,NA,"Part of a joint bid with routes 296 and 496 totalling 6918522 per annum.","Stagecoach",15,"6918522",0
"787","258","258",11,"BT",25,36,73,"Daily",8,2010-04-29,"258",NA,3,"Arriva The Shires",2035313,2127427,2233000,NA,4.52,NA,NA,NA,"Arriva",15,NA,0
"788","296","296",6,"NS",23.75,28.5,41.5,NA,8,2010-04-29,"296",NA,2,"East London",1215693,1261135,1299201,NA,4.07,NA,NA,"Part of a joint bid with routes 174 and 496 totalling 6918522 per annum.","Stagecoach",15,"6918522",0
"789","347","347",1,"GY",12,45,53,"Monday to Saturday",12,2010-04-29,"347",NA,4,"Blue Triangle",105198,119138,148860,NA,3.39,NA,NA,NA,"GoAhead",15,NA,0
"790","385","385",1,"AW",70,27,31,"Monday to Saturday",4,2010-04-29,"385",NA,3,"CT Plus",76423,86818,150747,NA,4.61,NA,NA,NA,"HCT",15,NA,0
"791","496","496",8,"RM",18.3333333333333,28,53,"Daily",8,2010-04-29,"496",NA,3,"East London",1605746,1603000,1765617,NA,4.16,"Joint bid discount","Lower joint bid","Part of a joint bid with routes 174 and 296 totalling 6918522 per annum.","Stagecoach",15,"6918522",0
"792","616","616",2,"NP",NA,NA,NA,"Monday to Friday",7,2010-04-29,"616",NA,4,"First London East",123000,158038,178000,NA,22.62,NA,NA,"Part of a joint bid with route 692/699 totalling 300000 per annum.","First",15,"300000",0
"793","649/650/651","649",3,"RR",NA,NA,NA,"Monday to Friday",4,2010-04-29,"649/650/651",NA,4,"Blue Triangle",353857,493288,593597,NA,24.67,NA,NA,NA,"GoAhead",15,NA,0
"794","649/650/651","650",3,"RR",NA,NA,NA,"Monday to Friday",4,2010-04-29,"649/650/651",NA,4,"Blue Triangle",353857,493288,593597,NA,24.67,NA,NA,NA,"GoAhead",15,NA,0
"795","649/650/651","651",3,"RR",NA,NA,NA,"Monday to Friday",4,2010-04-29,"649/650/651",NA,4,"Blue Triangle",353857,493288,593597,NA,24.67,NA,NA,NA,"GoAhead",15,NA,0
"796","673","673",1,"DX",NA,NA,NA,"Monday to Friday",7,2010-04-29,"673",NA,4,"Blue Triangle",45064,74266,96574,NA,29.4,NA,NA,NA,"GoAhead",15,NA,0
"797","674","674",1,"RR",NA,NA,NA,"Monday to Friday",6,2010-04-29,"674",NA,4,"Blue Triangle",52547,82162,109900,NA,24.45,NA,NA,NA,"GoAhead",15,NA,0
"798","692/699","692",3,"SM",NA,NA,NA,"Monday to Friday",9,2010-04-29,"692/699",NA,4,"First London East",177000,218000,277000,NA,18.22,NA,NA,"Part of a joint bid with route 616 totalling 300000 per annum","First",15,"300000",0
"799","692/699","699",3,"SM",NA,NA,NA,"Monday to Friday",9,2010-04-29,"692/699",NA,4,"First London East",177000,218000,277000,NA,18.22,NA,NA,"Part of a joint bid with route 616 totalling 300000 per annum","First",15,"300000",0
"800","659",NA,NA,NA,NA,NA,NA,NA,NA,2010-04-29,"659",NA,4,"Blue Triangle",44165,73647,92219,NA,54.32,NA,NA,NA,"GoAhead",15,NA,1
"801","675",NA,NA,NA,NA,NA,NA,NA,NA,2010-04-29,"675",NA,4,"CT Plus",37215,62995,105000,NA,16.26,NA,NA,NA,"HCT",15,NA,0
"802","118","118",13,"SW",17.3333333333333,32,71,"Daily",9,2010-05-14,"118",NA,4,"London General",2795330,2664472,2953034,NA,5.13,"Joint bid discount","Lower joint bid","Part of a joint bid totalling 23013493 with routes 45 (Tranche 328) 88/N88 155/N155 170 and 355 (Tranche 330)","GoAhead",13,"23013493",0
"803","15H","15",23,"RR",8.66666666666667,31,74,"Daily",6,2010-05-14,"15H",NA,2,"East London",1155328,1150409,1155328,NA,17.54,"Proposed vehicle resource level insufficient","Higher quality expected from other bid",NA,"Stagecoach",13,NA,0
"804","155/N155","155",19,"SW",10.6666666666667,31,65,"Daily",6,2010-05-14,"155","N155",2,"London General",4471886,4412117,4847949,NA,5.68,"Joint bid discount","Lower joint bid","Part of a joint bid totalling 23013493 with routes 45 (Tranche 328) 88/N88 170 and 355 (Tranche 330) and 118 (Tranche 333)","GoAhead",13,"23013493",0
"805","159/N159","159",19,"QB",14.2,42,70.5,NA,9,2010-05-14,"159","N159",3,"Arriva London South",7987019,8338000,8853000,NA,6.09,NA,NA,"Part of a joint bid totalling 17563364 with routes 78 and 176/N176","Arriva",13,"17563364",0
"806","170","170",23,"SW",10.6666666666667,33,78,"Daily",8,2010-05-14,"170",NA,2,"London General",3655391,3745675,4108324,NA,4.73,NA,NA,"Part of a joint bid totalling 23013493 with routes 45 (Tranche 328) 88/N88 155/N155 and 355 (Tranche 330) and 118 (Tranche 333)","GoAhead",13,"23013493",0
"807","176/N176","176",16,"Q",16.8,48,83.5,NA,11,2010-05-14,"176","N176",3,"Arriva London South",5785439,5738395,6431000,NA,4.81,"Joint bid discount","Lower joint bid","Part of a joint bid totalling 17563364 with routes 78 and 159/N159","Arriva",13,"17563364",0
"808","188/N188","188",16,"Q",18.4,47,88,NA,10,2010-05-14,"188","N188",3,"Abellio London",4954930,5232532,6265353,NA,5,NA,NA,NA,"Abellio",13,NA,0
"809","25/N25","25",31,"BW",8,54,100,"Daily",11,2010-05-14,"25","N25",2,"First London East",13832424,13857424,14862019,NA,5.83,NA,NA,NA,"First",13,NA,0
"810","355","355",12,"C",14,28,68,"Daily",7,2010-05-14,"355",NA,2,"London General",2623047,2582251,2850726,NA,5.95,"Joint bid discount","Lower joint bid","Part of a joint bid totalling 23013493 with routes 45 (Tranche 328) 88/N88 155/N155 and 170 (Tranche 330) and 118 (Tranche 333)","GoAhead",13,"23013493",0
"811","45","45",12,"WL",13.3333333333333,22,47,"Daily",5,2010-05-14,"45",NA,3,"London Central ",4649368,4372408,4999580,NA,6.63,"Joint bid discount","Lower joint bid","Part of a joint bid totalling 23013493 with routes 88/N88 155/N155 170 and 355 (Tranche 330) and 118 (Tranche 333)","GoAhead",13,"23013493",0
"812","78","78",17,"AE",11.3333333333333,40,71,"Daily",6,2010-05-14,"78",NA,5,"Arriva London North",3790906,2938564,4118314,NA,6.57,"Joint bid discount","Lower joint bid","Part of a joint bid totalling 17563364 with routes 159/N159 and 176/N176","Arriva",13,"17563364",0
"813","88/N88","88",17,"SW",18.4,45.5,83.5,NA,9,2010-05-14,"88","N88",2,"London General",4818471,4850031,5232272,NA,6.09,NA,NA,"Part of a joint bid totalling 23013493 with routes 45 (Tranche 328) 155/N155 170 and 355 (Tranche 330) and 118 (Tranche 333)","GoAhead",13,"23013493",0
"814","9H","9",18,"V",9,27,56,"Daily",5,2010-05-14,"9H",NA,2,"First London West",1123318,1103318,1210032,NA,20.04,"Proposed vehicle resource level insufficient","Other or no reason given",NA,"First",13,NA,1
"815","155/N155","N155",19,"SW",10.6666666666667,31,65,"Daily",6,2010-05-14,"155","N155",2,"London General",4471886,4412117,4847949,NA,5.68,"Joint bid discount","Lower joint bid","Part of a joint bid totalling 23013493 with routes 45 (Tranche 328) 88/N88 170 and 355 (Tranche 330) and 118 (Tranche 333)","GoAhead",13,"23013493",0
"816","25/N25","N25",31,"BW",8,54,100,"Daily",11,2010-05-14,"25","N25",2,"First London East",13832424,13857424,14862019,NA,5.83,NA,NA,NA,"First",13,NA,0
"817","343/N343","343",24,"NX",9.66666666666667,40,82,"Daily",8,2010-06-02,"343","N343",3,"Abellio London",4482000,4657515,5019193,NA,5.08,NA,NA,"Part of a joint bid with route 188/N188 in Tranche 328 totalling 9356930 oer annum.","Abellio",4,"9356930",0
"818","47/N47","47",11,"TL",21.6,47.5,78.5,NA,9,2010-06-02,"47","N47",3,"Selkent",4221856,4354856,4652459,NA,4.97,NA,NA,NA,"Stagecoach",4,NA,0
"819","6/N6","6",16,"AC",14.6,41.5,60.5,NA,6,2010-06-02,"6","N6",3,"Metroline",5960500,5780000,7397000,NA,5.96,"Joint Bid Discount","Lower joint bid","Part of a joint bid with route 98/N98 totalling 12016000 per annum.","Metroline",4,"12016000",0
"820","98/N98","98",22,"AC",10,35,70,"Daily",7,2010-06-02,"98","N98",2,"Metroline",6055500,6363066,7391000,NA,6.28,NA,NA,"Part of a joint bid with route 6/N6 totalling 12016000 per annum.","Metroline",4,"12016000",0
"821","343/N343","N343",24,"NX",9.66666666666667,40,82,"Daily",8,2010-06-02,"343","N343",3,"Abellio London",4482000,4657515,5019193,NA,5.08,NA,NA,"Part of a joint bid with route 188/N188 in Tranche 328 totalling 9356930 oer annum.","Abellio",4,"9356930",0
"822","98/N98","N98",22,"AC",10,35,70,"Daily",7,2010-06-02,"98","N98",2,"Metroline",6055500,6363066,7391000,NA,6.28,NA,NA,"Part of a joint bid with route 6/N6 totalling 12016000 per annum.","Metroline",4,"12016000",0
"823","423","423",7,"AV",26.6666666666667,33,55,"Daily",9,2010-06-15,"423",NA,2,"London United",1477000,1481521,1622000,NA,3.78,NA,NA,"Part of a joint bid totalling 9573000 per annum with routes H22 H37 H98 and N97.","RATP",5,"9573000",0
"824","H22","H22",11,"AV",17.3333333333333,29,62,"Daily",8,2010-06-15,"H22",NA,2,"London United",2025000,1997154,2310000,NA,4.32,"Joint bid discount","Lower joint bid","Part of a joint bid totalling 9573000 per annum with routes H22 H37 H98 and N97.","RATP",5,"9573000",0
"825","H37","H37",9,"AV",13.5,20,33,NA,5,2010-06-15,"H37",NA,2,"London United",2825000,2889324,3031000,NA,5.08,NA,NA,"Part of a joint bid totalling 9573000 per annum with routes 423 H22 H98 and N97.","RATP",5,"9573000",1
"826","H98","H98",9,"AV",13.3333333333333,31,61,"Daily",9,2010-06-15,"H98",NA,3,"London United",2796000,2842286,3e+06,NA,3.9,NA,NA,"Part of a joint bid totalling 9573000 per annum with routes 423 H22 H98 and N97.","RATP",5,"9573000",0
"827","N97","N97",4,"X",25,28,47,"Nights",6,2010-06-15,NA,"N97",2,"London United",450000,428092,480000,NA,4.78,"Joint bid discount","Lower joint bid","Part of a joint bid totalling 9573000 per annum with routes 423 H22 H37 and H98.","RATP",5,"9573000",0
"828","178","178",9,"MG",18.3333333333333,28,53,NA,9,2010-06-28,"178",NA,2,"Selkent",1939732,1892902,2046520,NA,4.64,"Joint bid discount","Lower joint bid","Part of a joint bid with routes 99 269 and 291 totalling 9173934 per annum.","Stagecoach",11,"9173934",0
"829","229","229",14,"DT",13.3333333333333,40,91,"Daily",13,2010-06-28,"229",NA,3,"London Central",3685943,3785000,4102945,NA,3.8,"Joint bid discount","Lower joint bid","Part of a joint bid with routes 244 401 422 B11 and B16 totalling 14353361 per annum.","GoAhead",11,"14353361",0
"830","244","244",12,"BX",13.3333333333333,33,57,"Daily",8,2010-06-28,"244",NA,2,"London General",2553463,2543808,2750286,NA,4.11,"Joint bid discount","Lower joint bid","Part of a joint bid with routes 229 401 422 B11 and B16 totalling 14353361 per annum.","GoAhead",11,"14353361",0
"831","269","269",12,"DT",15.6666666666667,30,68,"Daily",10,2010-06-28,"269",NA,4,"Selkent",2946291,2838000,3253328,NA,4.26,"Joint bid discount","Lower joint bid","Part of a joint bid with routes 99 178 and 291 totalling 9173934 per annum.","Stagecoach",11,"9173934",0
"832","291","291",6,"MG",13.3333333333333,17,30,"Daily",4,2010-06-28,"291",NA,2,"Selkent",1380720,1460970,1479056,NA,5.18,"Joint bid discount","Lower joint bid","Part of a joint bid with routes 99 178 and 269 totalling 9173934 per annum.","Stagecoach",11,"9173934",0
"833","401","401",8,"DT",25,23,45,"Daily",8,2010-06-28,"401",NA,2,"London Central",1353522,1425250,1543563,NA,3.97,"Joint bid discount","Lower joint bid","Part of a joint bid with routes 229 244 422 B11 and B16 totalling 14353361 per annum.","GoAhead",11,"14353361",0
"834","422","422",16,"PD",11.3333333333333,41,76,"Daily",12,2010-06-28,"422",NA,2,"London Central",3787852,3762185,4078123,NA,3.94,"Joint bid discount","Lower joint bid","Part of a joint bid with routes 229 244 401 B11 and B16 totalling 14353361 per annum.","GoAhead",11,"14353361",0
"835","99","99",14,"MR",14,37,73,"Daily",10,2010-06-28,"99",NA,3,"Selkent",2907191,2775000,2976402,NA,3.95,"Joint bid discount","Lower joint bid","Part of a joint bid with routes 178 269 and 291 totalling 9173934 per annum.","Stagecoach",11,"9173934",0
"836","B11","B11",7,"BX",25,29,47,"Daily",9,2010-06-28,"B11",NA,2,"London Central",1386535,1377870,1492975,NA,3.75,"Joint bid discount","Lower joint bid","Part of a joint bid with routes 229 244 401 422 and B16 totalling 14353361 per annum.","GoAhead",11,"14353361",0
"837","B14","B14",5,"TB",35,38,67,"Daily",12,2010-06-28,"B14",NA,2,"Metrobus",1071000,1070223,1089138,NA,3.61,"Higher quality expected from award","Higher quality expected from other bid",NA,"GoAhead",11,NA,0
"838","B16","B16",9,"BX",25,33,63,"Daily",8,2010-06-28,"B16",NA,3,"London Central",1586046,1589000,1804816,NA,3.82,"Joint bid discount","Lower joint bid","Part of a joint bid with routes 229 244 401 422 and B11 totalling 14353361 per annum.","GoAhead",11,"14353361",1
"839","162","162",8,"MB",18.3333333333333,42,80,"Daily",12,2010-07-12,"162",NA,4,"Metrobus",1522868,1522868,2093669,NA,3.27,NA,NA,"Part of a joint bid with routes 181 359 and 367 totalling 5824988 per annum.","GoAhead",10,"5824988",0
"840","172","172",15,"NX",14.3333333333333,32,78,"Daily",7,2010-07-12,"172",NA,2,"Abellio London",2920749,3148227,3224231,NA,5.47,NA,NA,"Part of a joint bid with routes 484 and C10 totalling 8035575 per annum.","Abellio",10,"8035575",0
"841","181","181",13,"KB",14,32,71,"Daily",7,2010-07-12,"181",NA,3,"Metrobus",2398889,2341457,2584573,NA,4.74,"Joint bid discount","Lower joint bid","Part of a joint bid with routes 162 359 and 367 totalling 5824988 per annum.","GoAhead",10,"5824988",0
"842","28/N28","28",18,"X",12,37,94,"Daily",7,2010-07-12,"28","N28",2,"First London West",5450925,5696448,5752175,NA,6.47,NA,NA,"Awarded based on a joint bid of 17311245 with routes 31/N31 and 328","First",10,"17311245",0
"843","31/N31","31",15,"PA",10,34,68,"Daily",6,2010-07-12,"31","N31",3,"First London West",5770323,5890000,6181838,NA,6.14,NA,NA,"Awarded based on a joint bid of 17311245 with routes 28/N28 and 328","First",10,"17311245",0
"844","328","328",18,"X",11.6666666666667,36,95,"Daily",8,2010-07-12,"328",NA,3,"First London West",6089997,6060000,6380857,NA,6.7,"Joint Bid Discount","Lower joint bid","Awarded based on a joint bid of 17311245 with routes 28/N28 and 31/N31","First",10,"17311245",0
"845","359","359",3,"C",30,20,37,"Daily",6,2010-07-12,"359",NA,2,"Metrobus",87553,115743,136288,NA,4.52,NA,NA,"Part of a joint bid with routes 162 181 and 367 totalling 5824988 per annum.","GoAhead",10,"5824988",0
"846","367","367",10,"BC",28.3333333333333,41,82,"Daily",11,2010-07-12,"367",NA,3,"Metrobus",1815678,1903469,1935261,NA,4.13,NA,NA,"Part of a joint bid with routes 162 181 and 359 totalling 5824988 per annum.","GoAhead",10,"5824988",0
"847","484","484",11,"WL",14,27,53,"Daily",7,2010-07-12,"484",NA,3,"Abellio London",2343613,2435602,2679943,NA,4.73,NA,NA,"Part of a joint bid with routes 172 and C10 totalling 8035575 per annum.","Abellio",10,"8035575",0
"848","C10","C10",22,"WL",10.6666666666667,39,80,"Daily",8,2010-07-12,"C10",NA,2,"Abellio London",2771213,2781980,3021786,NA,5.14,NA,NA,"Part of a joint bid with routes 172 and 484 totalling 8035575 per annum.","Abellio",10,"8035575",0
"849","28/N28","N28",18,"X",12,37,94,"Daily",7,2010-07-12,"28","N28",2,"First London West",5450925,5696448,5752175,NA,6.47,NA,NA,"Awarded based on a joint bid of 17311245 with routes 31/N31 and 328","First",10,"17311245",0
"850","31/N31","N31",15,"PA",10,34,68,"Daily",6,2010-07-12,"31","N31",3,"First London West",5770323,5890000,6181838,NA,6.14,NA,NA,"Awarded based on a joint bid of 17311245 with routes 28/N28 and 328","First",10,"17311245",0
"851","145","145",11,"BK",18,49,72.5,NA,12,2010-07-27,"145",NA,3,"East London",3166889,2934002,3555913,NA,4.41,"Joint bid discount","Lower joint bid","Award based on joint bid of 18488484 with routes 62 169 247 287 294 366 387 and 687","Stagecoach",11,"18488484",0
"852","169","169",14,"BK",15,24,59,"Daily",6,2010-07-27,"169",NA,2,"East London",2242467,2054644,2431526,NA,5.38,"Joint bid discount","Lower joint bid","Award based on joint bid of 18488484 with routes 62 145 247 287 294 366 387 and 687","Stagecoach",11,"18488484",0
"853","247","247",11,"NS",16.6666666666667,28,46,"Daily",8,2010-07-27,"247",NA,1,"East London",2020542,2343183,NA,NA,3.84,NA,NA,"Award based on joint bid of 18488484 with routes 62 145 169 287 294 366 387 and 687","Stagecoach",11,"18488484",0
"854","287","287",7,"RM",18.3333333333333,28,49,"Daily",8,2010-07-27,"287",NA,4,"East London",1451514,1558173,1850046,NA,3.55,NA,NA,"Award based on joint bid of 18488484 with routes 62 145 169 247 294 366 387 and 687","Stagecoach",11,"18488484",0
"855","294","294",12,"NS",17.3333333333333,37,69,"Daily",10,2010-07-27,"294",NA,1,"East London",2012790,2352670,NA,NA,3.57,NA,NA,"Award based on joint bid of 18488484 with routes 62 145 169 247 287 366 387 and 687","Stagecoach",11,"18488484",0
"856","366","366",18,"BK",13.3333333333333,52,84,"Daily",11,2010-07-27,"366",NA,3,"East London",2814347,2735831,3143860,NA,3.88,"Joint bid discount","Lower joint bid","Award based on joint bid of 18488484 with routes 62 145 169 247 287 294 387 and 687","Stagecoach",11,"18488484",0
"857","368","368",10,"DX",17,23,49,"Daily",6,2010-07-27,"368",NA,3,"First London East",1368038,1368038,1695494,NA,3.86,NA,NA,NA,"First",11,NA,0
"858","62","62",16,"BK",13.3333333333333,34,81,"Daily",9,2010-07-27,"62",NA,3,"East London",2720844,2590046,2996717,NA,4.48,"Joint bid discount","Lower joint bid","Award based on joint bid of 18488484 with routes 145 169 247 287 294 366 387 and 687","Stagecoach",11,"18488484",0
"859","687","687",1,"RR",NA,NA,NA,"Monday to Friday",12,2010-07-27,"687",NA,2,"East London",79857,80291,84402,NA,83.53,NA,NA,"Award based on joint bid of 18488484 with routes 62 145 169 247 287 366 and 387","Stagecoach",11,"18488484",0
"860","95","95",14,"G",17.3333333333333,36,89,"Daily",10,2010-07-27,"95",NA,4,"First London West",2798082,2798082,3236619,NA,4.55,NA,NA,NA,"First",11,NA,0
"861","387",NA,NA,NA,NA,NA,NA,NA,NA,2010-07-27,"387",NA,2,"East London",1979234,2176789,2397640,NA,4.55,NA,NA,"Award based on joint bid of 18488484 with routes 62 145 169 247 287 294 366 and 687","Stagecoach",11,"18488484",1
"862","12/N12","12",16,"Q",17,37,70,NA,7,2010-09-06,"12","N12",2,"London Central",8780632,8277941,9551177,NA,6.95,"Joint Bid","Lower joint bid","Awarded based on a joint bid of 22220942 with routes 171/N171 196 315 337 639 and P5.","GoAhead",20,"22220942",0
"863","147","147",21,"RR",10,36,68,"Daily",7,2010-09-06,"147",NA,2,"East London",3721811,3932048,4391515,NA,5.76,NA,NA,"Part of a combined bid with routes 69/N69 241 and 330 totalling 10787859 per annum.","Stagecoach",20,"10787859",0
"864","171/N171","171",21,"NX",11.6666666666667,38,97,"Daily",8,2010-09-06,"171","N171",3,"London Central",5485715,5656568,6225616,NA,5.26,NA,NA,"Awarded based on a joint bid of 22220942 with routes 12/N12 196 315 337 639 and P5.","GoAhead",20,"22220942",0
"865","196","196",16,"WL",17.3333333333333,43,85,"Daily",9,2010-09-06,"196",NA,3,"London General",2876159,3049000,3320097,NA,5.25,NA,NA,"Awarded based on a joint bid of 22220942 with routes 12/N12 171/N171 315 337 639 and P5.","GoAhead",20,"22220942",0
"866","241","241",10,"WH",16.6666666666667,26,43,"Daily",5,2010-09-06,"241",NA,4,"East London",1815597,1886186,2141736,NA,5.97,NA,NA,"Part of a combined bid with routes 69/N69 147 and 330 totalling 10787859 per annum.","Stagecoach",20,"10787859",0
"867","315","315",4,"SW",26.6666666666667,16,38,"Daily",4,2010-09-06,"315",NA,2,"London General",835800,931999,934288,NA,5.83,NA,NA,"Awarded based on a joint bid of 22220942 with routes 12/N12 171/N171 196 337 639 and P5.","GoAhead",20,"22220942",0
"868","330","330",8,"WH",17.3333333333333,17,39,"Daily",4,2010-09-06,"330",NA,4,"East London",1493040,1545507,1761085,NA,7.22,NA,NA,"Part of a combined bid with routes 69/N69 147 and 241 totalling 10787859 per annum","Stagecoach",20,"10787859",0
"869","337","337",11,"AF",14.6666666666667,25,67,"Daily",7,2010-09-06,"337",NA,4,"London General",2564640,2560000,3909946,NA,5.77,"Joint bid","Lower joint bid","Awarded based on a joint bid of 22220942 with routes 12/N12 171/N171 196 315 639 and P5.","GoAhead",20,"22220942",0
"870","377","377",4,"E",45.5,24,41,"Monday to Saturday",6,2010-09-06,"377",NA,3,"Arriva London North",569000,591414,890322,NA,4.96,NA,NA,NA,"Arriva",20,NA,0
"871","468","468",24,"N",13,48,97,"Daily",12,2010-09-06,"468",NA,3,"London Central",5323298,5545000,6202415,NA,5.04,NA,NA,"Award based on joint bid of 11411143 with routes 68/N68 and X68","GoAhead",20,"11411143",0
"872","474/N474","474",9,"WH",20.4,36,55.5,NA,5,2010-09-06,"474","N474",3,"Docklands Buses",2888248,3100339,3538004,NA,4.18,NA,NA,NA,"GoAhead",20,NA,0
"873","481","481",4,"TF",45,39,69,"Daily",8,2010-09-06,"481",NA,4,"Abellio West London ",334561,339103,496266,NA,4.7,NA,NA,NA,"Abellio",20,NA,0
"874","639","639",2,"AF",NA,NA,NA,"Monday to Friday",7,2010-09-06,"639",NA,2,"London General",40848,89312,99516,NA,26.1,NA,NA,"Awarded based on a joint bid of 22220942 with routes 12/N12 171/N171 196 315 337 and P5.","GoAhead",20,"22220942",1
"875","68/N68","68",23,"WL",11,35,82,"Daily",8,2010-09-06,"68","N68",2,"London Central",4653464,5002373,5417637,NA,5.15,NA,NA,"Award based on joint bid of 11411143 with routes 468 and X68","GoAhead",20,"11411143",0
"876","69/N69","69",9,"LI",18.6,30.5,56.5,NA,9,2010-09-06,"69","N69",4,"East London",3757411,3977110,4433523,NA,5.65,NA,NA,"Part of a combined bid with routes 147 241 and 330 totalling 10787859 per annum.","Stagecoach",20,"10787859",0
"877","171/N171","N171",21,"NX",11.6666666666667,38,97,"Daily",8,2010-09-06,"171","N171",3,"London Central",5485715,5656568,6225616,NA,5.26,NA,NA,"Awarded based on a joint bid of 22220942 with routes 12/N12 196 315 337 639 and P5.","GoAhead",20,"22220942",0
"878","68/N68","N68",23,"WL",11,35,82,"Daily",8,2010-09-06,"68","N68",2,"London Central",4653464,5002373,5417637,NA,5.15,NA,NA,"Award based on joint bid of 11411143 with routes 468 and X68","GoAhead",20,"11411143",0
"879","P5","P5",9,"WL",18.3333333333333,34,59,"Daily",6,2010-09-06,"P5",NA,2,"London Central",1637148,1771191,1780816,NA,4.99,NA,NA,"Awarded based on a joint bid of 22220942 with routes 12/N12 171/N171 196 315 337 and 639.","GoAhead",20,"22220942",0
"880","W4","W4",14,"WN",13.3333333333333,32,60,"Daily",6,2010-09-06,"W4",NA,3,"First London East",2000906,2100906,2432000,NA,4.58,NA,NA,NA,"First",20,NA,0
"881","W5","W5",7,"HK",17.3333333333333,18,34,"Daily",4,2010-09-06,"W5",NA,2,"CT Plus",1238224,1238224,1522000,NA,5.08,NA,NA,NA,"HCT",20,NA,0
"882","W6","W6",9,"E",16.6666666666667,20,34,"Daily",5,2010-09-06,"W6",NA,5,"Arriva London North",1392000,1455000,1624000,NA,4.83,NA,NA,NA,"Arriva",20,NA,0
"883","X68","X68",8,"Q",31,54,88,"Monday to Friday",12,2010-09-06,"X68",NA,2,"London Central",1434381,1328663,1659447,NA,18.7,"Joint Bid Discount","Lower joint bid","Award based on joint bid of 11411143 with routes 68/N68 and 468","GoAhead",20,"11411143",0
"884","H2","H2",3,"W",17.3333333333333,10,15,"Daily",2,2010-10-15,"H2",NA,5,"Arriva The Shires",55425,710924,751485,NA,3.8,NA,NA,"Part of a joint bid with route H1/H3 totalling 739000 per annum.","Arriva",2,"739000",0
"885","H1/H3","H3",1,"W",60,22,28,"Monday to Saturday",6,2010-10-15,"H1/H3",NA,5,"Arriva The Shires",184750,164000,198119,NA,7.27,"Joint bid discount","Lower joint bid","Part of a joint bid with route H2 totalling 739000 per annum.","Arriva",2,"739000",1
"886","26/N26","26",21,"HK",10.6666666666667,28,73,"Daily",7,2010-10-22,"26","N26",5,"First London East",3796476,3911184,4629149,NA,5.8,NA,NA,"Part of a combined bid with route 30 totalling 8300122 per annum.","First",3,"8300122",0
"887","30","30",23,"KC",14,42,79,"Daily",8,2010-10-22,"30",NA,3,"First London East",4503646,4579000,5525296,NA,6.38,NA,NA,"Part of a combined bid with route 26/N26 totalling 8300122 per annum.","First",3,"8300122",0
"888","53/N53","53",29,"PD",10.6666666666667,49,120,"Daily",11,2010-10-22,"53","N53",2,"Selkent",6848092,6800176,6851041,NA,5.06,"Optional terminal facilites by successful bidder","Higher quality expected from other bid",NA,"Stagecoach",3,NA,0
"889","26/N26","N26",21,"HK",10.6666666666667,28,73,"Daily",7,2010-10-22,"26","N26",5,"First London East",3796476,3911184,4629149,NA,5.8,NA,NA,"Part of a combined bid with route 30 totalling 8300122 per annum.","First",3,"8300122",0
"890","53/N53","N53",29,"PD",10.6666666666667,49,120,"Daily",11,2010-10-22,"53","N53",2,"Selkent",6848092,6800176,6851041,NA,5.06,"Optional terminal facilites by successful bidder","Higher quality expected from other bid",NA,"Stagecoach",3,NA,0
"891","299","299",7,"SM",21.6666666666667,22,53,"Daily",6,2010-12-09,"299",NA,3,"First London East",1413092,1296490,1445447,NA,5.15,"Quality of bids","Higher quality expected from other bid",NA,"First",6,NA,0
"892","389/399","389",0,"SM",60,10,12,"Daily",2,2010-12-09,"389/399",NA,3,"First London East",63491,63491,85289,NA,4.27,NA,NA,NA,"First",6,NA,0
"893","389/399","399",0,"SM",60,10,12,"Daily",2,2010-12-09,"389/399",NA,3,"First London East",63491,63491,85289,NA,4.27,NA,NA,NA,"First",6,NA,0
"894","467","467",2,"EB",60,21,43,"Monday to Saturday",6,2010-12-09,"467",NA,3,"Quality Line",284230,291495,308000,NA,4.83,NA,NA,"Part of a combined bid with route K5 totalling 763239 per annum. ","RATP",6,"763239",1
"895","73/N73","73",34,"SF",7,37,70,"Daily",6,2010-12-09,"73","N73",3,"Arriva London North",11830000,11217969,13896000,NA,7.26,"Lowest compliant bid withdrawn","Bid withdrawn",NA,"Arriva",6,NA,0
"896","K5","K5",6,"TV",35,54,92,"Monday to Saturday",12,2010-12-09,"K5",NA,4,"Quality Line",479009,491314,587000,NA,4.36,NA,NA,"Part of a combined bid with route 467 totalling 763239 per annum.","RATP",6,"763239",1
"897","73/N73","N73",34,"SF",7,37,70,"Daily",6,2010-12-09,"73","N73",3,"Arriva London North",11830000,11217969,13896000,NA,7.26,"Lowest compliant bid withdrawn","Bid withdrawn",NA,"Arriva",6,NA,0
"898","W10","W10",1,"NP",60,15,19,"Monday to Saturday",4,2010-12-09,"W10",NA,3,"First London East",98322,98322,125000,NA,9.07,NA,NA,NA,"First",6,NA,0
"899","117","117",10,"AH",27.6666666666667,48,91,"Daily",10,2010-12-20,"117",NA,3,"Abellio West London",1735926,1735926,1995000,NA,4.39,NA,NA,NA,"Abellio",11,NA,0
"900","129","129",7,"MG",16.6666666666667,11,26,"Daily",2,2010-12-20,"129",NA,3,"London Central",807694,836876,1014975,NA,4.77,NA,NA,NA,"GoAhead",11,NA,0
"901","203","203",7,"AV",26.6666666666667,34,63,"Daily",10,2010-12-20,"203",NA,3,"London United",1500000,1530000,1552000,NA,4.06,NA,NA,NA,"RATP",11,NA,0
"902","207/N207","207",29,"GW",7.33333333333333,38,82,"Daily",9,2010-12-20,"207","N207",2,"First London West",9513459,8800000,10955578,NA,6.73,"Performance","Higher quality expected from other bid",NA,"First",11,NA,0
"903","209/609","209",6,"AH",NA,NA,NA,"Monday to Friday",3,2010-12-20,"209/609",NA,3,"Metroline",2352171,2388000,2595000,NA,6.19,NA,NA,"Part of a joint bid with routes 274 and 390/N390 totalling 10767118 per annum.","Metroline",11,"10767118",0
"904","274","274",13,"KC",11.3333333333333,33,67,"Daily",6,2010-12-20,"274",NA,3,"Metroline",3691691,3721957,3878118,NA,5.62,NA,NA,"Part of a joint bid with routes 209/609 and 390/N390 totalling 10767118 per annum.","Metroline",11,"10767118",0
"905","390/N390","390",17,"HT",17.2,35.5,59.5,NA,7,2010-12-20,"390","N390",1,"Metroline",4723256,5149000,NA,NA,6.52,NA,NA,"Part of a joint bid with routes 209/609 and 274 totalling 10767118 per annum.","Metroline",11,"10767118",0
"906","209/609","609",6,"AH",NA,NA,NA,"Monday to Friday",3,2010-12-20,"209/609",NA,3,"Metroline",2352171,2388000,2595000,NA,6.19,NA,NA,"Part of a joint bid with routes 274 and 390/N390 totalling 10767118 per annum.","Metroline",11,"10767118",0
"907","697","697",4,"AV",NA,NA,NA,"Monday to Friday",8,2010-12-20,"697",NA,3,"London United",176000,198000,281031,NA,24.28,NA,NA,NA,"RATP",11,NA,0
"908","698","698",4,"HH",NA,NA,NA,"Monday to Friday",10,2010-12-20,"698",NA,3,"London United",240000,274000,383051,NA,19.57,NA,NA,NA,"RATP",11,NA,1
"909","9/N9","9",18,"V",9,27,56,"Daily",5,2010-12-20,"9","N9",2,"London United",5500000,5754936,5924000,NA,5.97,NA,NA,NA,"RATP",11,NA,0
"910","207/N207","N207",29,"GW",7.33333333333333,38,82,"Daily",9,2010-12-20,"207","N207",2,"First London West",9513459,8800000,10955578,NA,6.73,"Performance","Higher quality expected from other bid",NA,"First",11,NA,0
"911","9/N9","N9",18,"V",9,27,56,"Daily",5,2010-12-20,"9","N9",2,"London United",5500000,5754936,5924000,NA,5.97,NA,NA,NA,"RATP",11,NA,1
"912","690",NA,NA,NA,NA,NA,NA,NA,NA,2010-12-20,"690",NA,2,"Arriva London South",95000,173639,190000,NA,19.49,NA,NA,NA,"Arriva",11,NA,0
"913","105/N105","105",9,"HH",20.4,38.5,61,NA,9,2010-12-23,"105","N105",4,"Metroline",3967350,4180851,4520000,NA,4.36,NA,NA,"Part of a joint bid with routes 140/N140 182 and H12 totalling 17259000 per annum.","Metroline",19,"17259000",0
"914","140/N140","140",21,"HD",10.6666666666667,38,73,"Daily",10,2010-12-23,"140","N140",4,"Metroline",5632191,5805580,6311532,NA,4.13,NA,NA,"Part of a joint bid with routes 105/N105 182 and H12 totalling 17259000 per annum.","Metroline",19,"17259000",0
"915","182","182",23,"HD",10.6666666666667,47,88,"Daily",11,2010-12-23,"182",NA,3,"Metroline",5018214,5200406,5553000,NA,4.7,NA,NA,"Part of a joint bid with routes 105/N105 140/N140 and H12 totalling 17259000 per annum.","Metroline",19,"17259000",0
"916","370D","370",11,"BT",25,40,70,"Daily",12,2010-12-23,"370D",NA,3,"First London East",61236,72651,103693,NA,27.45,NA,NA,"Part of a joint bid with routes 608 646 648 652 656 679 686 and 953 totalling 877252 per annum.","First",19,"877252",1
"917","403","403",7,"C",15.6666666666667,22,38,"Daily",7,2010-12-23,"403",NA,2,"Arriva London South",1726074,1754744,1966000,NA,4.63,NA,NA,"Part of a joint bid with routes 405D and 450 totalling 4400788 per annum.","Arriva",19,"4400788",0
"918","405D","405",10,"C",25,31,66,"Daily",11,2010-12-23,"405D",NA,2,"Arriva London South",18620,73028,76000,NA,13.64,NA,NA,"Part of a joint bid with routes 403 and 450 totalling 4400788 per annum.","Arriva",19,"4400788",0
"919","450","450",19,"N",12.6666666666667,37,70,"Daily",9,2010-12-23,"450",NA,3,"Arriva London South",2656094,2742304,2934809,NA,5.17,NA,NA,"Part of a joint bid with routes 403 and 405D totalling 4400788 per annum.","Arriva",19,"4400788",0
"920","608","608",3,"RR",NA,NA,NA,"Monday to Friday",7,2010-12-23,"608",NA,3,"First London East",121236,145745,225618,NA,21.4,NA,NA,"Part of a joint bid with routes 370D 646 648 652 656 679 686 and 953 totalling 877252 per annum.","First",19,"877252",0
"921","646","646",3,"RR",NA,NA,NA,"Monday to Friday",8,2010-12-23,"646",NA,3,"First London East",170121,198000,325730,NA,16.67,NA,NA,"Part of a joint bid with routes 370D 608 648 652 656 679 686 and 953 totalling 877252 per annum.","First",19,"877252",0
"922","648","648",2,"RR",NA,NA,NA,"Monday to Friday",5,2010-12-23,"648",NA,3,"First London East",113414,132000,207648,NA,25.12,NA,NA,"Part of a joint bid with routes 370D 608 646 652 656 679 686 and 953 totalling 877252 per annum.","First",19,"877252",0
"923","652","652",2,"RR",NA,NA,NA,"Monday to Friday",8,2010-12-23,"652",NA,2,"First London East",87620,128734,201723,NA,19.65,NA,NA,"Part of a joint bid with routes 370D 608 646 648 656 679 686 and 953 totalling 877252 per annum.","First",19,"877252",0
"924","656","656",2,"RR",NA,NA,NA,"Monday to Friday",8,2010-12-23,"656",NA,2,"First London East",136390,200120,304821,NA,24.99,NA,NA,"Part of a joint bid with routes 370D 608 646 648 652 679 686 and 953 totalling 877252 per annum.","First",19,"877252",0
"925","679","679",4,"RR",NA,NA,NA,"Monday to Friday",10,2010-12-23,"679",NA,3,"First London East",119281,143110,218416,NA,19.86,NA,NA,"Part of a joint bid with routes 370D 608 646 648 652 656 686 and 953 totalling 877252 per annum.","First",19,"877252",0
"926","686","686",2,"RR",NA,NA,NA,"Monday to Friday",2,2010-12-23,"686",NA,2,"First London East",60700,127356,200773,NA,23.06,NA,NA,"Part of a joint bid with routes 370D 608 646 648 652 656 679 and 953 totalling 877252 per annum.","First",19,"877252",0
"927","H9/H10","H10",9,"SO",13.3333333333333,36,80,NA,10,2010-12-23,"H9/H10",NA,2,"London Sovereign",2868881,2943000,3.012,NA,4.18,NA,NA,"Part of a joint bid with routes H11 H14 and H17 totalling 6774000 per annum.","Stagecoach",19,"6774000",0
"928","H11","H11",7,"SO",20,21,46,"Daily",7,2010-12-23,"H11",NA,2,"London Sovereign",1282001,1301000,1311000,NA,3.99,NA,NA,"Part of a joint bid with routes H9/H10 H14 and H17 totalling 6774000 per annum.","Stagecoach",19,"6774000",0
"929","H12","H12",9,"BT",13.3333333333333,31,60,"Daily",9,2010-12-23,"H12",NA,2,"Metroline",2641245,2692000,2926000,NA,4.26,NA,NA,"Part of a joint bid with routes 105/N105 140/N140 and 182 totalling 17259000 per annum.","Metroline",19,"17259000",0
"930","H14","H14",8,"SO",13.3333333333333,14,30,"Daily",4,2010-12-23,"H14",NA,2,"London Sovereign",1326662,1346000,1426000,NA,4.4,NA,NA,"Part of a joint bid with routes H9/H10 H11 and H17 totalling 6774000 per annum.","Stagecoach",19,"6774000",0
"931","H17","H17",7,"RP",18.3333333333333,17,34,"Daily",5,2010-12-23,"H17",NA,2,"London Sovereign",1296436,1310000,1315000,NA,5.28,NA,NA,"Part of a joint bid with routes H9/H10 H11 and H14 totalling 6774000 per annum.","Stagecoach",19,"6774000",0
"932","H9/H10","H9",9,"SO",13.3333333333333,36,80,NA,10,2010-12-23,"H9/H10",NA,2,"London Sovereign",2868881,2943000,3.012,NA,4.18,NA,NA,"Part of a joint bid with routes H11 H14 and H17 totalling 6774000 per annum.","Stagecoach",19,"6774000",0
"933","140/N140","N140",21,"HD",10.6666666666667,38,73,"Daily",10,2010-12-23,"140","N140",4,"Metroline",5632191,5805580,6311532,NA,4.13,NA,NA,"Part of a joint bid with routes 105/N105 182 and H12 totalling 17259000 per annum.","Metroline",19,"17259000",0
"934","137/N137","137",22,"N",8.33333333333333,30,62,"Daily",7,2011-03-04,"137","N137",3,"Arriva London South",6259017,6529924,6725000,NA,6.38,NA,NA,"Part of a joint bid with route 417 totalling 8792393 per annum.","Arriva",27,"8792393",0
"935","144","144",16,"WN",10.3333333333333,27,64,"Daily",6,2011-03-04,"144",NA,1,"Arriva London North",3921000,4099000,NA,NA,6.04,NA,NA,"Awarded based on a joint bid of 17486000 with routes 279/N279 313 and W3.","Arriva",27,"17486000",0
"936","146","146",1,"TB",62,22,28,"Daily",6,2011-03-04,"146",NA,2,"Metrobus",269513,310521,328998,NA,3.56,NA,NA,"Part of a joint bid with routes 336 and R9 totallling 2429666 per annum.","GoAhead",27,"2429666",0
"937","160","160",12,"DT",20,39,93,"Daily",10,2011-03-04,"160",NA,3,"Arriva Kent Thameside",2556128,2607017,2781969,NA,4.87,NA,NA,"Part of a joint bid with route 346 in Tranche 366 totalling 2953000 per annum.","Arriva",27,"2953000",0
"938","193","193",11,"NS",16.6666666666667,25,49,"Daily",7,2011-03-04,"193",NA,3,"First London East",2368557,2428251,2478557,NA,4.43,NA,NA,NA,"First",27,NA,0
"939","199","199",12,"TL",15,29,60,"Daily",7,2011-03-04,"199",NA,2,"Stagecoach Selkent",2512442,2569031,2773984,NA,5.99,NA,NA,NA,"Stagecoach",27,NA,0
"940","251","251",13,"BT",17.3333333333333,29,57,"Daily",9,2011-03-04,"251",NA,4,"London Sovereign",2290000,2316675,2495000,NA,4.05,"Quality of bid","Higher quality expected from other bid",NA,"Stagecoach",27,NA,0
"941","279/N279","279",29,"E",10,42,93,"Daily",9,2011-03-04,"279","N279",2,"Arriva London North",7348000,7610083,7716000,NA,5.94,NA,NA,"Awarded based on a joint bid of 17486000 with routes 144 313 and W3.","Arriva",27,"17486000",0
"942","313","313",7,"E",25,34,73,"Daily",11,2011-03-04,"313",NA,4,"Arriva London North",1631000,1426069,1756000,NA,3.93,"Joint Bid Discount","Lower joint bid","Awarded based on a joint bid of 17486000 with routes 144 279/N279 and W3.","Arriva",27,"17486000",0
"943","336","336",10,"TB",18.3333333333333,33,69,"Daily",11,2011-03-04,"336",NA,2,"Metrobus",1573258,1652504,1722469,NA,4.16,NA,NA,"Part of a joint bid with routes 146 and R9 totallling 2429666 per annum.","GoAhead",27,"2429666",0
"944","346","346",3,"RR",22.5,7,17,"Monday to Saturday",3,2011-03-04,"346",NA,3,"Arriva Kent Thameside",396872,425000,462169,NA,3.74,NA,NA,"Part of a joint bid with route 160 in Tranche 364 totalling 2953000 pa.","Arriva",27,"2953000",0
"945","417","417",12,"N",13.3333333333333,23,49,"Daily",5,2011-03-04,"417",NA,3,"Arriva London South",2533376,2499908,2729000,NA,5.78,"Joint Bid Discount","Lower joint bid","Part of a joint bid with route 137/N137 totalling 8792393 per annum.","Arriva",27,"8792393",0
"946","436","436",21,"NX",11.3333333333333,41,89,"Daily",7,2011-03-04,"436",NA,3,"London Central",6948140,6907864,7374089,NA,6.78,"Joint bid discount","Lower joint bid","Part of a joint bid with route 453/N453 totalling 14600000 per annum.","GoAhead",27,"14600000",0
"947","453/N453","453",23,"NX",14.8,44,83.5,NA,8,2011-03-04,"453","N453",3,"London Central",7651860,7701344,8121404,NA,7.01,NA,NA,"Part of a joint bid with route 436 totalling 14600000 per annum.","GoAhead",27,"14600000",0
"948","61","61",9,"TB",18.3333333333333,35,66,"Daily",12,2011-03-04,"61",NA,2,"Stagecoach Selkent",2389775,2397597,2459775,NA,4.73,NA,NA,NA,"Stagecoach",27,NA,0
"949","660","660",1,"DT",NA,NA,NA,"Monday to Friday",5,2011-03-04,"660",NA,2,"Stagecoach Selkent",84669,104669,110000,NA,34.18,NA,NA,NA,"Stagecoach",27,NA,0
"950","137/N137","N137",22,"N",8.33333333333333,30,62,"Daily",7,2011-03-04,"137","N137",3,"Arriva London South",6259017,6529924,6725000,NA,6.38,NA,NA,"Part of a joint bid with route 417 totalling 8792393 per annum.","Arriva",27,"8792393",0
"951","279/N279","N279",29,"E",10,42,93,"Daily",9,2011-03-04,"279","N279",2,"Arriva London North",7348000,7610083,7716000,NA,5.94,NA,NA,"Awarded based on a joint bid of 17486000 with routes 144 313 and W3.","Arriva",27,"17486000",0
"952","P12","P12",14,"PM",17.3333333333333,35,74,"Daily",8,2011-03-04,"P12",NA,1,"London Central",2768991,2768991,2768991,NA,5.06,NA,NA,NA,"GoAhead",27,NA,0
"953","R1","R1",6,"MB",25,28,53,"Daily",8,2011-03-04,"R1",NA,2,"Metrobus",1498368,1539887,1769131,NA,3.68,NA,NA,"Part of a joint bid with routes R2 R3 R4 R6 R8 and R11 totalling 6540235 per annum.","GoAhead",27,"6540235",0
"954","R11","R11",9,"MB",17.3333333333333,24,49,"Daily",9,2011-03-04,"R11",NA,2,"Metrobus",1519297,1561377,1805149,NA,3.52,NA,NA,"Part of a joint bid with routes R1 R2 R3 R4 R6 and R8 totalling 6540235 per annum.","GoAhead",27,"6540235",0
"955","R2","R2",3,"MB",30,23,42,"Monday to Saturday",9,2011-03-04,"R2",NA,2,"Metrobus",816221,858009,914622,NA,3.61,NA,NA,"Part of a joint bid with routes R1 R3 R4 R6 R8 and R11 totalling 6540235 per annum.","GoAhead",27,"6540235",0
"956","R3","R3",6,"MB",26.6666666666667,34,55,"Daily",9,2011-03-04,"R3",NA,2,"Metrobus",886202,929627,973232,NA,3.38,NA,NA,"Part of a joint bid with routes R1 R2 R4 R6 R8 and R11 totalling 6540235 per annum.","GoAhead",27,"6540235",0
"957","R4","R4",6,"MB",46.6666666666667,30,53,"Daily",8,2011-03-04,"R4",NA,2,"Metrobus",1109224,1161366,1278984,NA,4.08,NA,NA,"Part of a joint bid with routes R1 R2 R3 R6 R8 and R11 totalling 6540235 per annum.","GoAhead",27,"6540235",0
"958","R6","R6",2,"MB",50,14,30,"Daily",4,2011-03-04,"R6",NA,2,"Metrobus",446044,465280,612099,NA,4.49,NA,NA,"Part of a joint bid with routes R1 R2 R3 R4 R8 and R11 totalling 6540235 per annum.","GoAhead",27,"6540235",0
"959","R8","R8",1,"MB",85,27,43,"Monday to Saturday",8,2011-03-04,"R8",NA,2,"Metrobus",264879,279872,284479,NA,3.39,NA,NA,"Part of a joint bid with routes R1 R2 R3 R4 R6 and R11 totalling 6540235 per annum.","GoAhead",27,"6540235",0
"960","R9","R9",3,"MB",25.6666666666667,18,31,"Daily",2,2011-03-04,"R9",NA,2,"Metrobus",586895,618856,738696,NA,4.31,NA,NA,"Part of a joint bid with routes 146 and 336 totallling 2429666 per annum.","GoAhead",27,"2429666",0
"961","W19","W19",18,"AW",16.6666666666667,43,81,"Daily",7,2011-03-04,"W19",NA,3,"Blue Triangle",1586204,1662317,1920775,NA,5.09,NA,NA,NA,"GoAhead",27,NA,0
"962","W3","W3",13,"WN",14.75,34,53,NA,8,2011-03-04,"W3",NA,2,"Arriva London North",4586000,4469669,4788000,NA,5.5,"Joint bid discount","Lower joint bid","Awarded based on a joint bid of 17486000 with routes 144 279/N279 and 313.","Arriva",27,"17486000",1
"963","152","152",15,"AL",17.3333333333333,33,85,"Daily",8,2011-03-17,"152",NA,3,"Abellio London",2230335,2318001,2711000,NA,4.84,NA,NA,"Awarded based on a joint bid of 9827965 with routes 157 and 452","Abellio",13,"9827965",0
"964","157","157",18,"N",17.3333333333333,41,95,"Daily",12,2011-03-17,"157",NA,3,"Abellio London",3632319,3587684,3722726,NA,4.92,"Joint bid discount","Lower joint bid","Awarded based on a joint bid of 9827965 with routes 152 and 452","Abellio",13,"9827965",0
"965","276","276",17,"SI",15.6666666666667,46,91,"Daily",9,2011-03-17,"276",NA,2,"Docklands Buses",3842091,3842091,4467000,NA,5.06,NA,NA,NA,"GoAhead",13,NA,0
"966","376","376",8,"SI",21.6666666666667,26,53,"Daily",6,2011-03-17,"376",NA,3,"Docklands Buses",1530104,1530104,1830318,NA,5.46,NA,NA,NA,"GoAhead",13,NA,0
"967","413","413",8,"EB",25,21,58,"Daily",6,2011-03-17,"413",NA,3,"London General",1350927,1345312,1380881,NA,4.56,"Increment justifiable to retain incumbent operator","Good performance incumbent",NA,"GoAhead",13,NA,0
"968","452","452",19,"X",11.3333333333333,37,92,"Daily",9,2011-03-17,"452",NA,3,"Abellio London",3965311,4101143,4852056,NA,6.01,NA,NA,"Awarded based on a joint bid of 9827965 with routes 152 and 157","Abellio",13,"9827965",0
"969","617","617",1,"SM",NA,NA,NA,"Monday to Friday",7,2011-03-17,"617",NA,2,"Arriva London North",143000,163000,168600,NA,27.48,NA,NA,"Part of a joint bid discount with route 629 totalling 291000","Arriva",13,"291000",0
"970","629","629",2,"SM",NA,NA,NA,"Monday to Friday",6,2011-03-17,"629",NA,2,"Arriva London North",148000,168000,169200,NA,25.3,NA,NA,"Part of a joint bid discount with route 617 totalling 291000","Arriva",13,"291000",0
"971","655","655",1,"AL",NA,NA,NA,"Monday to Friday",5,2011-03-17,"655",NA,3,"London General",66939,69300,89669,NA,38.01,NA,NA,NA,"GoAhead",13,NA,0
"972","D6","D6",14,"HK",13.6666666666667,20,45,"Daily",5,2011-03-17,"D6",NA,4,"Docklands Buses",2937119,2931491,3928987,NA,5.69,"Joint bid discount","Lower joint bid","Awarded based on a joint bid of 7007891 with routes D7 and D8.","GoAhead",13,"7007891",0
"973","D7","D7",15,"SI",10.3333333333333,22,45,"Daily",5,2011-03-17,"D7",NA,4,"Docklands Buses",2495971,2631523,3210328,NA,4.93,NA,NA,"Awarded based on a joint bid of 7007891 with routes D6 and D8.","GoAhead",13,"7007891",0
"974","D8","D8",9,"LI",17.3333333333333,20,46,"Daily",5,2011-03-17,"D8",NA,4,"Docklands Buses",1574801,1664904,1995219,NA,4.68,NA,NA,"Awarded based on a joint bid of 7007891 with routes D6 and D7.","GoAhead",13,"7007891",0
"975","931",NA,NA,NA,NA,NA,NA,NA,NA,2011-03-17,"931",NA,2,"Abellio London",4619,4619,14949,NA,6.12,NA,NA,NA,"Abellio",13,NA,0
"976","273","273",8,"TL",26.6666666666667,43,84,"Daily",11,2011-03-18,"273",NA,3,"Stagecoach Selkent",1562895,1685000,1859061,NA,4.56,NA,NA,NA,"Stagecoach",6,NA,0
"977","3/N3","3",19,"WL",10.6666666666667,31,76,"Daily",9,2011-03-18,"3","N3",2,"Abellio London",5310569,5400441,5584211,NA,5.34,NA,NA,"Part of a joint bid with routes 152 157 and 452 totalling 15138534 per annum.","Abellio",6,"15138534",0
"978","624","624",1,"Q",NA,NA,NA,"Monday to Friday",4,2011-03-18,"624",NA,3,"London Central",138939,163439,251923,NA,26.14,NA,NA,"Part of a joint bid with routes 89/N89 625 and 658 totalling 4693063 per annum.","GoAhead",6,"4693063",1
"979","625","625",2,"BX",NA,NA,NA,"Monday to Friday",7,2011-03-18,"625",NA,3,"London Central",145621,177621,248862,NA,25.4,NA,NA,"Part of a joint bid with routes 89/N89 624 and 658 totalling 4693063 per annum.","GoAhead",6,"4693063",0
"980","658","658",3,"BX",NA,NA,NA,"Monday to Friday",5,2011-03-18,"658",NA,3,"London Central",154837,240837,355081,NA,26.98,NA,NA,"Part of a joint bid with routes 89/N89 624 and 625 totalling 4693063 per annum.","GoAhead",6,"4693063",1
"981","89/N89","89",15,"BX",17.3333333333333,41,80,"Daily",11,2011-03-18,"89","N89",3,"London Central",4253666,4253666,4650537,NA,4.43,NA,NA,"Part of a joint bid with routes 624 625 and 658 totalling 4693063 per annum.","GoAhead",6,"4693063",0
"982","3/N3","N3",19,"WL",10.6666666666667,31,76,"Daily",9,2011-03-18,"3","N3",2,"Abellio London",5310569,5400441,5584211,NA,5.34,NA,NA,"Part of a joint bid with routes 152 157 and 452 totalling 15138534 per annum.","Abellio",6,"15138534",0
"983","89/N89","N89",15,"BX",17.3333333333333,41,80,"Daily",11,2011-03-18,"89","N89",3,"London Central",4253666,4253666,4650537,NA,4.43,NA,NA,"Part of a joint bid with routes 624 625 and 658 totalling 4693063 per annum.","GoAhead",6,"4693063",0
"984","223","223",6,"RP",26.6666666666667,27,56,"Daily",7,2011-04-08,"223",NA,3,"First London West",1370047,1250000,1400147,NA,5.53,"Lowest bid withdrawn","Bid withdrawn",NA,"First",10,NA,0
"985","224","224",7,"RP",26.6666666666667,32,65,"Daily",6,2011-04-08,"224",NA,3,"First London West",2255622,2309622,2549000,NA,5.5,NA,NA,NA,"First",10,NA,0
"986","290","290",7,"TF",23.3333333333333,33,64,"Daily",10,2011-04-08,"290",NA,2,"Abellio London",1206211,1321764,1393000,NA,3.16,NA,NA,"Part of a joint bid with routes 941 H20 H25 U7 and U9 totalling 4861956 per annum.","Abellio",10,"4861956",0
"987","696","696",2,"AV",NA,NA,NA,"Monday to Friday",10,2011-04-08,"696",NA,3,"London United",120000,147000,228013,NA,12.19,NA,NA,NA,"RATP",10,NA,0
"988","79","79",11,"BT",14,28,62,"Daily",7,2011-04-08,"79",NA,3,"Metroline",2549000,2549000,2801000,NA,5.14,NA,NA,NA,"Metroline",10,NA,0
"989","H20","H20",6,"TF",17.3333333333333,20,29,"Daily",4,2011-04-08,"H20",NA,2,"Abellio London",962537,1029673,1094000,NA,4.09,NA,NA,"Part of a joint bid with routes 290 941 H25 U7 and U9 totalling 4861956 per annum.","Abellio",10,"4861956",0
"990","H25","H25",9,"TF",20.6666666666667,30,59,"Daily",8,2011-04-08,"H25",NA,2,"Abellio London",1396141,1488105,1570000,NA,3.87,NA,NA,"Part of a joint bid with routes 290 941 H20 U7 and U9 totalling 4861956 per annum.","Abellio",10,"4861956",0
"991","U7","U7",5,"WS",32,32,45,"Daily",6,2011-04-08,"U7",NA,2,"Abellio London",778576,835723,861000,NA,3.61,NA,NA,"Part of a joint bid with routes 290 941 H20 H25 and U9 totalling 4861956 per annum.","Abellio",10,"4861956",0
"992","U9","U9",3,"WS",40,17,24,"Daily",6,2011-04-08,"U9",NA,2,"Abellio London",516178,554032,619500,NA,3.27,NA,NA,"Part of a joint bid with routes 290 941 H20 H25 and U7 totalling 4861956 per annum.","Abellio",10,"4861956",0
"993","941",NA,NA,NA,NA,NA,NA,NA,NA,2011-04-08,"941",NA,2,"Abellio London",2313,2313,8352,NA,4.32,NA,NA,"Part of a joint bid with routes 290 H20 H25 U7 and U9 totalling 4861956 per annum.","Abellio",10,"4861956",1
"994","455","455",11,"C",29,53,92,"Daily",13,2011-05-05,"455",NA,4,"Abellio London",1957026,2028076,2409000,NA,4.01,NA,NA,NA,"Abellio",2,NA,0
"995","493","493",17,"PL",17.3333333333333,48,112,"Daily",13,2011-05-05,"493",NA,3,"London General",3324810,3324810,3875000,NA,4.24,NA,NA,NA,"GoAhead",2,NA,0
"996","298","298",5,"SM",26.6666666666667,24,52,"Daily",7,2011-05-23,"298",NA,3,"Sullivan Buses",1096078,1036803,1296000,NA,3.66,"Higher quality of service expected from award","Higher quality expected from other bid",NA,"SullivanBuses",1,NA,0
"997","19/N19","19",26,"AR",9.33333333333333,44,92,"Daily",8,2011-06-27,"19","N19",3,"London General",6266612,6199639,7695000,NA,6.87,"Joint bid discount","Lower joint bid","Part of a joint bid with route 249 totalling 9110297 per annum.","GoAhead",2,"9110297",0
"998","249","249",15,"N",13.3333333333333,30,72,"Daily",8,2011-06-27,"249",NA,3,"London General",2843685,2874899,3426000,NA,5.42,NA,NA,"Part of a joint bid with route 19/N19 totalling 9110297 per annum.","GoAhead",2,"9110297",0
"999","19/N19","N19",26,"AR",9.33333333333333,44,92,"Daily",8,2011-06-27,"19","N19",3,"London General",6266612,6199639,7695000,NA,6.87,"Joint bid discount","Lower joint bid","Part of a joint bid with route 249 totalling 9110297 per annum.","GoAhead",2,"9110297",0
"1000","101","101",12,"RR",14,31,55,"Daily",7,2011-07-21,"101",NA,3,"Stagecoach East London",2756118,2689397,2937268,NA,5.51,"Joint Bid Discount","Lower joint bid","Part of a joint bid with routes 104 & 238 totalling POUNDS8255383 per annum","Stagecoach",24,"8255383",0
"1001","104","104",18,"RR",14.3333333333333,30,61,"Daily",6,2011-07-21,"104",NA,3,"Stagecoach East London",3050815,3092328,3313794,NA,6.59,NA,NA,"Part of a joint bid with routes 101 & 238 totalling POUNDS8255383 per annum","Stagecoach",24,"8255383",0
"1002","123","123",12,"AR",17.5,44,71,NA,12,2011-07-21,"123",NA,4,"Arriva London North",4814737,4749146,5210821,NA,5.29,"Bid withdrawn","Bid withdrawn",NA,"Arriva",24,NA,0
"1003","158","158",14,"EC",14.5,29,50,NA,7,2011-07-21,"158",NA,4,"Stagecoach East London",3199952,3173902,3613000,NA,5.63,"Bid withdrawn","Bid withdrawn",NA,"Stagecoach",24,NA,0
"1004","167","167",7,"BK",26.6666666666667,28,56,"Daily",8,2011-07-21,"167",NA,3,"Blue Triangle",1900000,2003051,2162183,NA,4.32,NA,NA,NA,"GoAhead",24,NA,0
"1005","20","20",10,"AW",25,33,75,"Daily",10,2011-07-21,"20",NA,4,"Blue Triangle",2301718,2247660,2614500,NA,5.07,"Bid withdrawn","Bid withdrawn",NA,"GoAhead",24,NA,0
"1006","238","238",12,"BK",20,26,50,NA,5,2011-07-21,"238",NA,3,"Stagecoach East London",2448450,2406653,2695646,NA,7.37,"Bid withdrawn","Bid withdrawn","Part of joint bid with routes 101 & 104 totalling POUNDS8255383 per annum","Stagecoach",24,"8255383",0
"1007","275","275",13,"T",17.3333333333333,35,80,"Daily",9,2011-07-21,"275",NA,3,"Stagecoach East London",2607823,2574239,3075000,NA,4.87,"Bid withdrawn","Bid withdrawn",NA,"Stagecoach",24,NA,0
"1008","308","308",13,"LI",17.3333333333333,40,66,"Daily",8,2011-07-21,"308",NA,3,"First London East",1743327,1945304,2216797,NA,5,NA,NA,NA,"First",24,NA,0
"1009","309","309",8,"HK",15.6666666666667,24,51,"Daily",5,2011-07-21,"309",NA,4,"CT Plus",1610460,1610460,2160360,NA,4.9,NA,NA,NA,"HCT",24,NA,0
"1010","357","357",7,"NP",25,19,49,"Daily",5,2011-07-21,"357",NA,4,"First London East",1748716,1692075,2193187,NA,6.71,"Bid withdrawn","Bid withdrawn",NA,"First",24,NA,0
"1011","362","362",3,"BK",31.6666666666667,24,45,"Daily",7,2011-07-21,"362",NA,2,"Blue Triangle",825000,875369,947000,NA,4.21,NA,NA,NA,"GoAhead",24,NA,0
"1012","379","379",2,"NP",25,9,12,"Daily",2,2011-07-21,"379",NA,2,"Arriva London North",533684,441252,535000,NA,5.37,"Bid withdrawn","Bid withdrawn",NA,"Arriva",24,NA,0
"1013","397","397",5,"AW",31,36,66,"Daily",9,2011-07-21,"397",NA,2,"Arriva London North",1086316,908238,1096000,NA,5.52,"Bid withdrawn","Bid withdrawn",NA,"Arriva",24,NA,0
"1014","462","462",8,"BK",25,30,54,"Daily",7,2011-07-21,"462",NA,3,"Blue Triangle",1700045,1700045,1919000,NA,5.07,NA,NA,NA,"GoAhead",24,NA,0
"1015","549","549",1,"WH",70,18,33,"Monday to Saturday",5,2011-07-21,"549",NA,2,"Docklands Buses",211065,194096,220341,NA,4.17,"Bid withdrawn","Bid withdrawn",NA,"GoAhead",24,NA,0
"1016","667","667",2,"RR",NA,NA,NA,"Monday to Friday",7,2011-07-21,"667",NA,4,"First London East",120700,126487,193923,NA,26.32,NA,NA,NA,"First",24,NA,0
"1017","678","678",4,"WH",NA,NA,NA,"Monday to Friday",7,2011-07-21,"678",NA,2,"Arriva London North",256000,330000,441791,NA,31.26,NA,NA,NA,"Arriva",24,NA,0
"1018","W11","W11",9,"AW",14,28,45,"Daily",5,2011-07-21,"W11",NA,4,"Arriva London North",1648421,1458489,1796419,NA,5.94,"Bid withdrawn","Bid withdrawn",NA,"Arriva",24,NA,0
"1019","W13","W13",5,"HK",25,19,36,"Daily",5,2011-07-21,"W13",NA,2,"CT Plus",1165173,1211835,1298371,NA,5.98,NA,NA,NA,"HCT",24,NA,0
"1020","W14","W14",10,"LI",18.3333333333333,33,70,"Daily",7,2011-07-21,"W14",NA,3,"First London East",2107928,2214797,2427000,NA,5.16,NA,NA,NA,"First",24,NA,0
"1021","W15","W15",21,"LI",11.6666666666667,44,79,"Daily",9,2011-07-21,"W15",NA,3,"First London East",4366894,4093303,4973000,NA,5.22,"Bid withdrawn","Bid withdrawn",NA,"First",24,NA,0
"1022","W16","W16",9,"AW",17.6666666666667,25,54,"Daily",6,2011-07-21,"W16",NA,3,"First London East",1895375,1702006,2e+06,NA,5.19,"Bid withdrawn","Bid withdrawn",NA,"First",24,NA,0
"1023","647",NA,NA,NA,NA,NA,NA,NA,NA,2011-07-21,"647",NA,2,"Arriva London North",32000,87663,1e+05,NA,16.41,NA,NA,NA,"Arriva",24,NA,1
"1024","406","406",7,"TV",26.6666666666667,27,64,"Daily",8,2011-08-03,"406",NA,4,"Quality Line",931809,999980,1198180,NA,4.63,NA,NA,"Part of joint bid with route 465 totalling 2183525 per annum ","RATP",8,"2183525",0
"1025","465","465",7,"TV",45,47,93,"Daily",15,2011-08-03,"465",NA,4,"Quality Line",1251716,1237313,1343899,NA,3.17,"Lowest bidder pffers Higher quality of service","Higher quality expected from other bid","Part of a joint bid with route 406totalling 2183525 per annum ","RATP",8,"2183525",1
"1026","665","665",1,"TV",NA,NA,NA,"Monday to Friday",5,2011-08-03,"665",NA,3,"London United",97900,120500,183876,NA,23.22,NA,NA,NA,"RATP",8,NA,0
"1027","671","671",1,"TV",NA,NA,NA,"Monday to Friday",7,2011-08-03,"671",NA,3,"London United",62500,75400,93489,NA,23.78,NA,NA,NA,"RATP",8,NA,0
"1028","X26","X26",10,"C",30,76,144,"Daily",24,2011-08-03,"X26",NA,4,"Quality Line",2176178,2176178,2554000,NA,3.55,NA,NA,NA,"RATP",8,NA,0
"1029","T33",NA,NA,NA,NA,NA,NA,NA,NA,2011-08-03,"T33",NA,3,"Abellio London",2208135,2208135,2404333,NA,4.13,NA,NA,NA,"Abellio",8,NA,1
"1030","691",NA,NA,NA,NA,NA,NA,NA,NA,2011-08-03,"691",NA,3,"London United ",60700,73600,93298,NA,47.46,NA,NA,NA,"RATP",8,NA,1
"1031","965",NA,NA,NA,NA,NA,NA,NA,NA,2011-08-03,"965",NA,2,"London United",15000,15000,15484,NA,14.69,NA,NA,NA,"RATP",8,NA,1
"1032","124","124",14,"TL",13.3333333333333,34,62,"Daily",8,2011-08-18,"124",NA,3,"Stagecoach Selkent ",2397000,2376034,2640184,NA,4.86,"Joint bid discount ","Lower joint bid","Part of a joint bid with route 136 totalling 5491000 per annum","Stagecoach",9,"5491000",0
"1033","136","136",20,"TL",13.3333333333333,47,92,"Daily",10,2011-08-18,"136",NA,3,"Stagecoach Selkent ",3094000,3225163,3327492,NA,5.37,NA,NA,"Part of a joint bid with route 124 totalling 549100 per annum ","Stagecoach",9,"549100",0
"1034","186","186",16,"HD",17.3333333333333,54,97,"Daily",11,2011-08-18,"186",NA,3,"Metroline",3631240,3729700,4172000,NA,5.07,NA,NA,NA,"Metroline",9,NA,0
"1035","204","204",15,"ON",13.3333333333333,37,68,"Daily",9,2011-08-18,"204",NA,3,"Metroline",3499780,3722000,4004000,NA,5.48,NA,NA,"Award based on joint bid with route 240 totalling 5961660","Metroline",9,"5961660",0
"1036","206","206",12,"WJ",17.3333333333333,38,78,"Daily",9,2011-08-18,"206",NA,3,"First London West",2141824,2141824,2553000,NA,4.81,NA,NA,NA,"First",9,NA,0
"1037","236","236",14,"LI",13.6666666666667,33,59,"Daily",7,2011-08-18,"236",NA,3,"First London East",3152296,3233797,3630000,NA,5.06,NA,NA,NA,"First",9,NA,0
"1038","240","240",8,"EW",18.3333333333333,30,57,"Daily",8,2011-08-18,"240",NA,4,"Metroline",2461880,2424143,2845000,NA,5.84,"Joint bid discount","Lower joint bid","Award based on joint bid with route 204 totalling 5961660","Metroline",9,"5961660",0
"1039","266/N266","266",23,"RP",11.3333333333333,36,76,"Daily",7,2011-08-18,"266","N266",3,"First London West",5924146,6068005,6902000,NA,5.89,NA,NA,NA,"First",9,NA,0
"1040","266/N266","N266",23,"RP",11.3333333333333,36,76,"Daily",7,2011-08-18,"266","N266",3,"First London West",5924146,6068005,6902000,NA,5.89,NA,NA,NA,"First",9,NA,0
"1041","C2/NC2",NA,NA,NA,NA,NA,NA,NA,NA,2011-08-18,"C2/NC2",NA,2,"Abellio London",4292917,4360339,4945000,NA,7.35,NA,NA,NA,"Abellio",9,NA,1
"1042","227","227",12,"MB",10.6666666666667,18,40,"Daily",6,2011-08-30,"227",NA,3,"Stagecoach Selkent",2500000,2505695,2938425,NA,5.23,NA,NA,NA,"Stagecoach",1,NA,0
"1043","120","120",17,"PA",12.3333333333333,30,65,"Daily",8,2011-09-15,"120",NA,2,"London United",3469000,3585313,3593000,NA,5.54,NA,NA,NA,"RATP",5,NA,0
"1044","211","211",16,"V",13.3333333333333,30,71,"Daily",7,2011-09-15,"211",NA,3,"Abellio London",4230164,4230164,4333699,NA,7.12,NA,NA,NA,"Abellio",5,NA,0
"1045","280","280",14,"AL",14,30,73,"Daily",7,2011-09-15,"280",NA,4,"London General",3276598,3158035,3627993,NA,6.15,"Increment justifiable to retain incumbent","Good performance incumbent",NA,"GoAhead",5,NA,0
"1046","613","613",1,"TV",NA,NA,NA,"Monday to Friday",8,2011-09-15,"613",NA,4,"London United",59000,75000,94817,NA,28.43,NA,NA,NA,"RATP",5,NA,0
"1047","70","70",19,"S",14.3333333333333,38,98,"Daily",10,2011-09-15,"70",NA,4,"First London West",3030382,3030382,3495000,NA,5.35,NA,NA,NA,"First",5,NA,0
"1048","197","197",15,"C",17.3333333333333,40,82,"Daily",10,2011-09-28,"197",NA,3,"Arriva London South",3287437,3449119,3824257,NA,5.1,NA,NA,"Based on joint award with route 289 totalling 5479554 per annum","Arriva",3,"5479554",0
"1049","289","289",15,"TH",17.3333333333333,41,82,"Daily",9,2011-09-28,"289",NA,3,"Arriva London South",2192117,2217122,2331775,NA,5.08,NA,NA,"Based on joint award with route 197 totalling 5479554 per annum","Arriva",3,"5479554",0
"1050","621","621",1,"TL",NA,NA,NA,"Monday to Friday",5,2011-09-28,"621",NA,4,"Stagecoach Selkent",69144,84596,172470,NA,34.62,NA,NA,NA,"Stagecoach",3,NA,0
"1051","113/N113","113",28,"EW",10.6666666666667,48,87,"Daily",12,2011-10-12,"113","N113",2,"Metroline",4221540,4491000,4785300,NA,5.14,NA,NA,"Part of a joint bid with routes 43/N43 82 90 134/N134 214/N214 E6 and W7 totalling 37793600 per annum.","Metroline",16,"37793600",0
"1052","134/N134","134",15,"PB",17.6,36,53,NA,8,2011-10-12,"134","N134",2,"Metroline",7637500,7488000,8125000,NA,6.41,"Joint bid discount","Lower joint bid","Part of a joint bid with routes 43/N43 82 90 113/N113 214/N214 E6 and W7 totalling 37793600 per annum.","Metroline",16,"37793600",0
"1053","214/N214","214",14,"NP",14.4,31,51.5,NA,6,2011-10-12,"214","N214",2,"Metroline",4016500,4023933,4475000,NA,5.96,NA,NA,"Part of a joint bid with routes 43/N43 82 90 113/N113 134/N134 E6 and W7 totalling 37793600 per annum.","Metroline",16,"37793600",0
"1054","222","222",9,"UX",18.8,35,55.5,NA,11,2011-10-12,"222",NA,3,"London United",4283250,4305584,4705174,NA,4.51,NA,NA,"Part of a joint bid with route 81 totalling 7501000 per annum.","RATP",16,"7501000",0
"1055","43/N43","43",19,"HT",18.2,42.5,80.5,NA,9,2011-10-12,"43","N43",2,"Metroline",7532520,7755000,8258000,NA,6.83,NA,NA,"Part of a joint bid with routes 82 90 113/N113 134/N134 214 E6 and W7 totalling 37793600 per annum.","Metroline",16,"37793600",0
"1056","490","490",16,"TF",17.3333333333333,40,82,"Daily",12,2011-10-12,"490",NA,3,"Abellio West London",3203348,3203348,3651351,NA,3.65,NA,NA,NA,"Abellio",16,NA,0
"1057","605","605",2,"SM",NA,NA,NA,"Monday to Friday",3,2011-10-12,"605",NA,5,"London Sovereign",49600,73600,130440,NA,29.11,NA,NA,NA,"Stagecoach",16,NA,0
"1058","607","607",20,"G",12.3333333333333,56,85,"Daily",13,2011-10-12,"607",NA,3,"First London West",4373546,4282079,4797291,NA,5.01,"Higher quality of service expected from award.","Higher quality expected from other bid",NA,"First",16,NA,0
"1059","628/688","628",6,"SM",NA,NA,NA,"Monday to Friday",10,2011-10-12,"628/688",NA,3,"Sullivan Buses",402136,536686,620000,NA,14.17,NA,NA,"Part of a joint bid with routes 653/683 totalling 670226 per annum.","SullivanBuses",16,"670226",0
"1060","653/683","653",3,"SM",NA,NA,NA,"Monday to Friday",8,2011-10-12,"653/683",NA,4,"Sullivan Buses",268090,362366,398000,NA,22.88,NA,NA,"Part of a joint bid with routes 628/688 totalling 670226 per annum.","SullivanBuses",16,"670226",0
"1061","653/683","683",3,"SM",NA,NA,NA,"Monday to Friday",8,2011-10-12,"653/683",NA,4,"Sullivan Buses",268090,362366,398000,NA,22.88,NA,NA,"Part of a joint bid with routes 628/688 totalling 670226 per annum.","SullivanBuses",16,"670226",0
"1062","628/688","688",6,"SM",NA,NA,NA,"Monday to Friday",10,2011-10-12,"628/688",NA,3,"Sullivan Buses",402136,536686,620000,NA,14.17,NA,NA,"Part of a joint bid with routes 653/683 totalling 670226 per annum.","SullivanBuses",16,"670226",0
"1063","81","81",16,"SG",15.6666666666667,42,79,"Daily",12,2011-10-12,"81",NA,4,"London United",3217750,3312771,3686852,NA,4.42,NA,NA,"Part of a joint bid with route 222 totalling 7501000 per annum.","RATP",16,"7501000",0
"1064","82","82",24,"PB",NA,NA,NA,"Daily",10,2011-10-12,"82",NA,2,"Metroline",5844290,6010000,6218000,NA,6.67,NA,NA,"Part of a joint bid with routes 43/N43 90 113/N113 134/N134 214/N214 E6 and W7 totalling 37793600 per annum.","Metroline",16,"37793600",1
"1065","90","90",16,"PA",14,41,76,"Daily",11,2011-10-12,"90",NA,4,"Metroline",2976260,3399000,3545951,NA,3.73,NA,NA,"Part of a joint bid with routes 43/N43 82 113/N113 134/N134 214 E6 and W7 totalling 37793600 per annum.","Metroline",16,"37793600",0
"1066","E11","E11",5,"GW",26.6666666666667,22,40,"Daily",5,2011-10-12,"E11",NA,2,"London United",1099000,1026642,1141000,NA,6.05,"Higher quality of service expected from award.","Higher quality expected from other bid",NA,"RATP",16,NA,0
"1067","E6","E6",11,"G",14,35,61,"Daily",8,2011-10-12,"E6",NA,5,"Metroline",2467060,2410610,2887077,NA,4.08,"Joint bid discount","Lower joint bid","Part of a joint bid with routes 43/N43 82 90 113/N113 134/N134 214/N214 and W7 totalling 37793600 per annum.","Metroline",16,"37793600",0
"1068","113/N113","N113",28,"EW",10.6666666666667,48,87,"Daily",12,2011-10-12,"113","N113",2,"Metroline",4221540,4491000,4785300,NA,5.14,NA,NA,"Part of a joint bid with routes 43/N43 82 90 134/N134 214/N214 E6 and W7 totalling 37793600 per annum.","Metroline",16,"37793600",0
"1069","W7","W7",10,"HT",11,12,18,NA,3,2011-10-12,"W7",NA,2,"Metroline",3097300,2835433,3295000,NA,9.67,"Joint bid discount","Lower joint bid","Part of a joint bid with routes 43/N43 82 90 113/N113 134/N134 214/N214 and E6 totalling 37793600 per annum.","Metroline",16,"37793600",0
"1070","208","208",16,"MB",14,46,90,"Daily",11,2011-10-28,"208",NA,3,"Stagecoach Selkent",3462509,3467715,4130960,NA,4.64,NA,NA,"Part of a joint bid with routes 314 636/637/638 and 664 totalling 7285752 per annum.","Stagecoach",7,"7285752",0
"1071","271","271",8,"HT",19,22,40.5,NA,5.5,2011-10-28,"271",NA,2,"Metroline",2770806,2752603,3024000,NA,6.54,"Joint bid discount","Lower joint bid","Part of a joint bid with route 4 totalling 6508000 per annum.","Metroline",7,"6508000",1
"1072","314","314",15,"TB",20.6666666666667,48,88,"Daily",14,2011-10-28,"314",NA,2,"Stagecoach Selkent",3147241,3185887,3195948,NA,4.3,NA,NA,"Part of a joint bid with routes 208 636/637/638 and 664 totalling 7285752 per annum.","Stagecoach",7,"7285752",0
"1073","4","4",17,"HT",14,38,69,"Daily",7,2011-10-28,"4",NA,2,"Metroline",3737194,3829096,3889000,NA,6.3,NA,NA,"Part of a joint bid with route 271 totalling 6508000 per annum.","Metroline",7,"6508000",0
"1074","636/637/638","636",7,"TB",NA,NA,NA,"Monday to Friday",11,2011-10-28,"636/637/638",NA,2,"Stagecoach Selkent",526002,583146,636850,NA,24.62,NA,NA,"Part of a joint bid with routes 208 314 and 664 totalling 7285752 per annum.","Stagecoach",7,"7285752",0
"1075","636/637/638","637",7,"TB",NA,NA,NA,"Monday to Friday",11,2011-10-28,"636/637/638",NA,2,"Stagecoach Selkent",526002,583146,636850,NA,24.62,NA,NA,"Part of a joint bid with routes 208 314 and 664 totalling 7285752 per annum.","Stagecoach",7,"7285752",1
"1076","664","664",2,"TB",NA,NA,NA,"Monday to Friday",11,2011-10-28,"664",NA,2,"Stagecoach Selkent",150000,170868,178412,NA,15.47,NA,NA,"Part of a joint bid with routes 208 314 and 636/637/638 totalling 7285752 per annum.","Stagecoach",7,"7285752",0
"1077","632",NA,NA,NA,NA,NA,NA,NA,NA,2011-10-28,"632",NA,1,"Metroline",180000,210000,210000,NA,28.93,NA,NA,NA,"Metroline",7,NA,0
"1078","103","103",14,"GY",16.6666666666667,32,60,"Daily",10,2011-12-21,"103",NA,3,"Stagecoach East London",2729750,2699524,3018344,NA,4.71,"Joint Bid","Lower joint bid","Based on joint award with route 175 totalling 5395500 per annum.","Stagecoach",7,"5395500",0
"1079","128/N128","128",10,"NS",22.4,43.5,63,NA,11,2011-12-21,"128","N128",4,"Arriva London North",3395000,3500000,4109913,NA,4.66,NA,NA,NA,"Arriva",7,NA,0
"1080","175","175",14,"DX",16.6666666666667,33,63,"Daily",9,2011-12-21,"175",NA,4,"Stagecoach East London",2665750,2799000,2953000,NA,4.98,NA,NA,"Based on joint award with route 103 totalling 5395500 per annum.","Stagecoach",7,"5395500",0
"1081","22/N22","22",22,"AF",11,30,99,"Daily",6,2011-12-21,"22","N22",2,"London General",5201850,5202866,5542093,NA,7.31,NA,NA,NA,"GoAhead",7,NA,0
"1082","220/N220","220",14,"RP",18,30,59.5,NA,8,2011-12-21,"220","N220",3,"London United",5159000,5140401,5886554,NA,6.6,"Insufficiently resourced schedule","Other or no reason given",NA,"RATP",7,NA,0
"1083","257","257",16,"T",10.6666666666667,24,55,"Daily",5,2011-12-21,"257",NA,3,"Blue Triangle",3464394,3542416,3873000,NA,6.63,NA,NA,NA,"GoAhead",7,NA,0
"1084","370","370",11,"GY",25,40,70,"Daily",12,2011-12-21,"370",NA,4,"Arriva Kent Thameside",2233500,2337500,2735750,NA,3.87,NA,NA,NA,"Arriva",7,NA,0
"1085","22/N22","N22",22,"AF",11,30,99,"Daily",6,2011-12-21,"22","N22",2,"London General",5201850,5202866,5542093,NA,7.31,NA,NA,NA,"GoAhead",7,NA,0
"1086","267","267",17,"TF",13.6666666666667,32,74,"Daily",9,2012-02-24,"267",NA,3,"London United",3095800,3212000,3454060,NA,5.49,NA,NA,"Part of a joint bid with routes 27/N27 and 419 totalling 10689000 per annum.","RATP",4,"10689000",0
"1087","27","27",22,"QB",10.6666666666667,35,81,"Daily",8,2012-02-24,"27",NA,2,"London United",6357050,6715000,7231215,NA,6.74,NA,NA,"Part of a joint bid with routes 267 and 419 totalling POUNDS10689000 per annum.","RATP",4,"10689000",0
"1088","419","419",13,"FW",17.3333333333333,27,68,"Daily",8,2012-02-24,"419",NA,2,"London United",1236150,1316960,1376000,NA,5.3,NA,NA,"Part of a joint bid with routes 27/N27 and 267 totalling 10689000 per annum.","RATP",4,"10689000",0
"1089","470","470",7,"EB",30,55,83,"Monday to Saturday",8,2012-02-24,"470",NA,3,"Quality Line",1119436,1119436,1400456,NA,5.08,NA,NA,NA,"RATP",4,NA,0
"1090","121","121",21,"E",14.3333333333333,47,105,"Daily",12,2012-04-26,"121",NA,1,"Arriva London North",4839700,5069479,5069479,NA,5.47,NA,NA,"Part of a joint bid with routes 29/N29 41/N41 141 and 329 totalling POUNDS30949250 per annum.","Arriva",10,"30949250",0
"1091","141","141",26,"AD",10.3333333333333,36,80,"Daily",8,2012-04-26,"141",NA,1,"Arriva London North",5747170,5889542,5889542,NA,6.76,NA,NA,"Part of a joint bid with routes 29/N29 41/N41 121 and 329 totalling POUNDS30949250 per annum.","Arriva",10,"30949250",0
"1092","153","153",11,"NP",14.6666666666667,25,53,"Daily",6,2012-04-26,"153",NA,2,"CT Plus",2074387,2074387,2422708,NA,6.33,NA,NA,NA,"HCT",10,NA,0
"1093","24/N24","24",12,"QB",18.4,38,58.5,NA,7,2012-04-26,"24","N24",3,"Metroline",6480595,6536000,7198147,NA,6.95,NA,NA,"Part of a joint bid with route 52/N52 totalling 12535000 per annum.","Metroline",10,"12535000",0
"1094","29/N29","29",36,"WN",7.33333333333333,36,78,"Daily",7,2012-04-26,"29","N29",1,"Arriva London North",11915080,11952042,11952042,NA,7.18,NA,NA,"Part of a joint bid with routes 41/N41 121 141 and 329 totalling POUNDS30949250 per annum.","Arriva",10,"30949250",0
"1095","329","329",16,"AD",8.66666666666667,24,48,"Daily",6,2012-04-26,"329",NA,2,"Arriva London North",3673300,3848229,4039831,NA,5.91,NA,NA,"Part of a joint bid with routes 29/N29 41/N41 121 and 141 totalling POUNDS30949250 per annum.","Arriva",10,"30949250",0
"1096","41/N41","41",12,"AR",8.66666666666667,24,54,"Daily",5,2012-04-26,"41","N41",3,"Arriva London North",4774000,4672000,5060833,NA,6.29,"Joint Bid Discount","Lower joint bid","Part of a joint bid with routes 29/N29 121 141 and 329 totalling POUNDS30949250 per annum.","Arriva",10,"30949250",0
"1097","52/N52","52",11,"AC",18.6,34.5,54,NA,7,2012-04-26,"52","N52",4,"Metroline",6054405,6195199,6423748,NA,6.69,NA,NA,"Part of a joint bid with route 24/N24 totalling 12535000 per annum.","Metroline",10,"12535000",0
"1098","635","635",3,"HH",NA,NA,NA,"Monday to Friday",NA,2012-04-26,"635",NA,3,"London United",191000,233000,389032,NA,17.62,NA,NA,NA,"RATP",10,NA,0
"1099","H28","H28",9,"TF",26.6666666666667,45,92,"Daily",11,2012-04-26,"H28",NA,4,"Abellio",1692404,1690000,1910000,NA,4.47,"Good performance of incumbent operator.","Good performance incumbent",NA,"Abellio",10,NA,0
"1100","29/N29","N29",36,"WN",7.33333333333333,36,78,"Daily",7,2012-04-26,"29","N29",1,"Arriva London North",11915080,11952042,11952042,NA,7.18,NA,NA,"Part of a joint bid with routes 41/N41 121 141 and 329 totalling POUNDS30949250 per annum.","Arriva",10,"30949250",0
"1101","41/N41","N41",12,"AR",8.66666666666667,24,54,"Daily",5,2012-04-26,"41","N41",3,"Arriva London North",4774000,4672000,5060833,NA,6.29,"Joint Bid Discount","Lower joint bid","Part of a joint bid with routes 29/N29 121 141 and 329 totalling POUNDS30949250 per annum.","Arriva",10,"30949250",0
"1102","126","126",11,"MB",16.6666666666667,24,52,"Daily",7,2012-05-24,"126",NA,3,"Metrobus",1879210,1941271,2371000,NA,4.42,NA,NA,"Part of a joint bid with routes 138 161 233 and 284 totalling POUNDS9562737 per annum","GoAhead",10,"9562737",0
"1103","138","138",3,"MB",26.6666666666667,17,32,"Daily",5,2012-05-24,"138",NA,2,"Metrobus",714281,682250,737870,NA,4.01,"Joint Bid Discount","Lower joint bid","Part of a joint bid with routes 126 161 233 and 284 totalling POUNDS9562737 per annum","GoAhead",10,"9562737",0
"1104","142","142",16,"BT",15.6666666666667,45,96,"Daily",12,2012-05-24,"142",NA,1,"Arriva The Shires",3221851,3499750,3499750,NA,4.2,NA,NA,"Part of a joint bid with route 642 totalling POUNDS3477465 per annum.","Arriva",10,"3477465",0
"1105","161","161",16,"PD",11.3333333333333,37,75,"Daily",11,2012-05-24,"161",NA,3,"Metrobus",3656146,3796500,3985000,NA,4.44,NA,NA,"Part of a joint bid with routes 126 138 233 and 284 totalling POUNDS9562737 per annum","GoAhead",10,"9562737",0
"1106","225","225",6,"MG",21.3333333333333,21,66,"Daily",5,2012-05-24,"225",NA,3,"London Central",1707209,1689000,1940461,NA,5.98,"Joint Bid","Lower joint bid","Part of a joint bid with route 36 totalling POUNDS9578980 per annum.","GoAhead",10,"9578980",0
"1107","233","233",6,"MB",27.3333333333333,28,53,"Daily",9,2012-05-24,"233",NA,2,"Metrobus",1161625,1265870,1415000,NA,3.5,NA,NA,"Part of a joint bid with routes 126 138 161 and 284 totalling POUNDS9562737 per annum.","GoAhead",10,"9562737",0
"1108","284","284",12,"KB",17.3333333333333,25,52,"Daily",6,2012-05-24,"284",NA,3,"Metrobus",2151475,2147250,2440000,NA,5.13,"Joint Bid Discount","Lower joint bid","Part of a joint bid with routes 126 138 161 and 233 totalling POUNDS9562737 per annum","GoAhead",10,"9562737",0
"1109","36/N36","36",23,"NX",18,49.5,78,NA,9,2012-05-24,"36","N36",4,"London Central",7871771,8108541,8945250,NA,6.5,NA,NA,"Part of a joint bid with route 225 totalling POUNDS9578980 per annum.","GoAhead",10,"9578980",0
"1110","642","642",3,"BT",NA,NA,NA,"Monday to Friday",6,2012-05-24,"642",NA,3,"Arriva The Shires",255614,224000,318070,NA,33.7,"Joint bid discount","Lower joint bid","Part of a joint bid with route 142 totalling POUNDS3477465 per annum.","Arriva",10,"3477465",0
"1111","N136","N136",8,"NX",30,73,105,"Nights",17,2012-05-24,NA,"N136",3,"Stagecoach Selkent",577000,571344,646486,NA,4.41,"Good performance of incumbent operator.","Good performance incumbent",NA,"Stagecoach",10,NA,0
"1112","106","106",14,"NP",11.3333333333333,29,63,"Daily",6,2012-07-19,"106",NA,4,"Arriva London North",3809280,3990000,4583500,NA,6.03,NA,NA,"Part of a joint bid with routes 67 & 230 totalling POUNDS10166400 per annum.","Arriva",17,"10166400",0
"1113","127","127",17,"C",13.3333333333333,36,78,"Daily",9,2012-07-19,"127",NA,2,"Metrobus",2087625,2253609,2360501,NA,4.92,NA,NA,NA,"GoAhead",17,NA,0
"1114","219","219",11,"AL",15,27,60,"Daily",6,2012-07-19,"219",NA,2,"London General",2352575,2435903,2560866,NA,6.55,NA,NA,"Part of a joint bid with routes 37/N37 44/N44 77 87/N87 270 424 & 485 totalling POUNDS25580471 per annum.","GoAhead",17,"25580471",0
"1115","230","230",11,"NP",15,35,71,"Daily",8,2012-07-19,"230",NA,4,"Arriva London North",2847360,2984000,3083750,NA,5.66,NA,NA,"Part of a joint bid with routes 67 & 106 totalling POUNDS10166400 per annum.","Arriva",17,"10166400",0
"1116","231","231",7,"PB",18.3333333333333,22,42,"Daily",6,2012-07-19,"231",NA,5,"London General",1631916,1605061,1722800,NA,5.11,"Joint bid discount","Lower joint bid","Part of a joint bid with routes 327 and 491 totalling POUNDS3768860 per annum.","GoAhead",17,"3768860",0
"1117","270","270",13,"BC",11.3333333333333,24,58,"Daily",6,2012-07-19,"270",NA,2,"London General",3045562,3288346,3316035,NA,6.28,NA,NA,"Part of a joint bid with routes 37/N37 44/N44 77 87/N87 219 424 & 485 totalling POUNDS25580471 per annum.","GoAhead",17,"25580471",0
"1118","327","327",1,"SM",40,10,17,"Monday to Saturday",2,2012-07-19,"327",NA,2,"London General",203519,212175,274500,NA,5.74,NA,NA,"Part of a joint bid with routes 231 and 491 totalling POUNDS3768860 per annum.","GoAhead",17,"3768860",0
"1119","37/N37","37",12,"PM",19.4,40,69,NA,10,2012-07-19,"37","N37",2,"London Central",4789537,4783508,5156850,NA,6.05,"Joint bid discount","Lower joint bid","Part of a joint bid with routes 44/N44 77 87/N87 219 270 424 & 485 totalling POUNDS25580471 per annum.","GoAhead",17,"25580471",0
"1120","386","386",11,"MG",18.3333333333333,37,78,"Daily",9,2012-07-19,"386",NA,2,"Stagecoach Selkent",2374500,2671500,2675931,NA,4.94,NA,NA,NA,"Stagecoach",17,NA,0
"1121","424","424",5,"AF",33,38,84,"Monday to Saturday",7,2012-07-19,"424",NA,3,"London General",828516,890000,966072,NA,6.74,NA,NA,"Part of a joint bid with routes 37/N37 44/N44 77 87/N87 219 270 & 485 totalling POUNDS25580471 per annum.","GoAhead",17,"25580471",0
"1122","44/N44","44",20,"AL",13.3333333333333,31,71,"Daily",7,2012-07-19,"44","N44",2,"London General",4280664,4183679,4602320,NA,6.55,"Joint bid discount","Lower joint bid","Part of a joint bid with routes 37/N37 77 87/N87 219 270 424 & 485 totalling POUNDS25580471 per annum.","GoAhead",17,"25580471",0
"1123","485","485",4,"PL",30,14,34,"Monday to Saturday",4,2012-07-19,"485",NA,3,"London General",534444,565000,623794,NA,6.84,NA,NA,"Part of a joint bid with routes 37/N37 44/N44 77 87/N87 219 270 & 424 totalling POUNDS25580471 per annum.","GoAhead",17,"25580471",0
"1124","491","491",9,"PB",23.3333333333333,34,85,"Daily",9,2012-07-19,"491",NA,3,"London General",1933425,1997571,2141000,NA,4.53,NA,NA,"Part of a joint bid with routes 231 and 327 totalling POUNDS3768860 per annum.","GoAhead",17,"3768860",0
"1125","67","67",12,"NP",12.6666666666667,24,48,"Daily",5,2012-07-19,"67",NA,4,"Arriva London North",3509760,3518559,4171250,NA,6.45,NA,NA,"Part of a joint bid with routes 106 & 230 totalling POUNDS10166400 per annum.","Arriva",17,"10166400",0
"1126","77","77",18,"SW",13,38,81,"Daily",8,2012-07-19,"77",NA,2,"London General",3990478,4153443,4264159,NA,6.15,NA,NA,"Part of a joint bid with routes 37/N37 44/N44 87/N87 219 270 424 & 485 totalling POUNDS25580471 per annum.","GoAhead",17,"25580471",0
"1127","87/N87","87",22,"SW",10,29,63,"Daily",6,2012-07-19,"87","N87",2,"London General",5758695,5843436,6006005,NA,6.05,NA,NA,"Part of a joint bid with routes 37/N37 44/N44 77 219 270 424 & 485 totalling POUNDS25580471 per annum.","GoAhead",17,"25580471",0
"1128","44/N44","N44",20,"AL",13.3333333333333,31,71,"Daily",7,2012-07-19,"44","N44",2,"London General",4280664,4183679,4602320,NA,6.55,"Joint bid discount","Lower joint bid","Part of a joint bid with routes 37/N37 77 87/N87 219 270 424 & 485 totalling POUNDS25580471 per annum.","GoAhead",17,"25580471",0
"1129","87/N87","N87",22,"SW",10,29,63,"Daily",6,2012-07-19,"87","N87",2,"London General",5758695,5843436,6006005,NA,6.05,NA,NA,"Part of a joint bid with routes 37/N37 44/N44 77 219 270 424 & 485 totalling POUNDS25580471 per annum.","GoAhead",17,"25580471",0
"1130","969",NA,NA,NA,NA,NA,NA,NA,NA,2012-07-19,"969",NA,2,"Abellio",22544,22000,22544,NA,8.2,"Newer vehicled to be used by awarded bidder","Higher quality expected from other bid",NA,"Abellio",17,NA,1
"1131","143D","143",12,"W",14,33,60,"Daily",8,2012-10-25,"143D",NA,1,"Metroline",84000,94000,94000,NA,34.1,NA,NA,NA,"Metroline",7,NA,0
"1132","425","425",21,"LI",11.3333333333333,47,96,"Daily",9,2012-10-25,"425",NA,5,"First London East",2028160,2148160,2475000,NA,5.52,NA,NA,"Part of a joint bid with routes N550 and N551 totalling POUNDS2813036 per annum.","First",7,"2813036",0
"1133","643","643",2,"W",NA,NA,NA,"Monday to Friday",4,2012-10-25,"643",NA,2,"Metroline",140000,160000,188000,NA,49.5,NA,NA,NA,"Metroline",7,NA,0
"1134","N20","N20",3,"PB",30,49,70,"Nights",13,2012-10-25,NA,"N20",2,"Metroline",747901,769000,786750,NA,4.55,NA,NA,"Part of a joint bid discount with route N5 totalling POUNDS1766000 per annum.","Metroline",7,"1766000",0
"1135","N5","N5",5,"HD",30,54,78,"Nights",13,2012-10-25,NA,"N5",3,"Metroline",1018099,989000,1209750,NA,4.13,"Joint bid discount","Lower joint bid","Part of a joint bid discount with route N20 totalling POUNDS1766000 per annum.","Metroline",7,"1766000",0
"1136","N550","N550",5,"HK",30,51,69,"Nights",10,2012-10-25,NA,"N550",4,"First London East",345932,361428,412870,NA,3.7,NA,NA,"Part of a joint bid with routes 425 and N551 totalling POUNDS2813036 per annum.","First",7,"2813036",0
"1137","N551","N551",6,"HK",30,56,74,"Nights",10,2012-10-25,NA,"N551",4,"First London East",438944,473127,528750,NA,3.73,NA,NA,"Part of a joint bid with routes 425 and N550 totalling POUNDS2813036 per annum.","First",7,"2813036",0
"1138","216","216",9,"FW",27,41,83,"Daily",13,2012-11-16,"216",NA,3,"London United",1852000,1881968,1962000,NA,4.08,NA,NA,NA,"RATP",6,NA,0
"1139","268","268",6,"W",18.3333333333333,16,43,"Daily",3,2012-11-16,"268",NA,4,"Arriva The Shires",1412896,1499000,1699000,NA,5.93,NA,NA,NA,"Arriva",6,NA,0
"1140","K1","K1",15,"TV",13.3333333333333,32,60,"Daily",9,2012-11-16,"K1",NA,2,"Abellio West London",1934923,1974411,2106000,NA,4.41,NA,NA,"Part of a joint bid with route K3 totalling POUNDS4183117 per annum.","Abellio",6,"4183117",1
"1141","K2","K2",10,"TV",15,27,54,"Daily",7,2012-11-16,"K2",NA,2,"London United",2111000,2264520,2300000,NA,4.41,NA,NA,NA,"RATP",6,NA,0
"1142","K3","K3",11,"FW",21.6666666666667,42,72,"Daily",11,2012-11-16,"K3",NA,2,"Abellio West London",2248194,2294075,2442000,NA,4.04,NA,NA,"Part of a joint bid with route K1 totalling POUNDS4183117 per annum.","Abellio",6,"4183117",0
"1143","K4","K4",4,"TV",45,27,52,"Monday to Saturday",7,2012-11-16,"K4",NA,2,"London United",822500,856000,858253,NA,5.82,NA,NA,NA,"RATP",6,NA,0
"1144","13/N13","13",18,"X",17.2,42,67.5,"24-hour service",10,2012-12-20,"13","N13",2,"London Sovereign",5424000,5410000,5424000,NA,7.58,"Good performance of incumbent operator.","Good performance incumbent",NA,"Stagecoach",6,NA,0
"1145","288","288",3,"BT",15,15,33,"Daily",4,2012-12-20,"288",NA,5,"Arriva The Shires Ltd",1243517,1318732,1385000,NA,4.58,NA,NA,"Part of a joint bid with routes 303 305 and H18/H19 totalling POUNDS4639989 per annum.","Arriva",6,"4639989",0
"1146","303","303",7,"BT",21.6666666666667,26,52,"Daily",7,2012-12-20,"303",NA,4,"Arriva The Shires Ltd",1192477,1273000,1309000,NA,4.79,NA,NA,"Part of a joint bid with routes 288 305 and H18/H19 totalling POUNDS4639989 per annum.","Arriva",6,"4639989",1
"1147","305","305",4,"GR",NA,NA,NA,"Daily",4,2012-12-20,"305",NA,4,"Arriva The Shires Ltd",867678,918000,972602,NA,5.11,NA,NA,"Part of a joint bid with routes 288 303 and H18/H19 totalling POUNDS4639989 per annum.","Arriva",6,"4639989",1
"1148","626","626",4,"SM",NA,NA,NA,"Monday to Friday",11,2012-12-20,"626",NA,2,"Sullivan Buses",236352,290000,374937,NA,14.85,NA,NA,NA,"SullivanBuses",6,NA,0
"1149","H18/H19","H18",4,"SO",31.6666666666667,30,66,NA,8,2012-12-20,"H18/H19",NA,3,"Arriva The Shires Ltd",1336317,1412000,1530000,NA,4.2,NA,NA,"Part of a joint bid with routes 288 303 and 305 totalling POUNDS4639989 per annum.","Arriva",6,"4639989",0
"1150","H18/H19","H19",4,"SO",31.6666666666667,30,66,NA,8,2012-12-20,"H18/H19",NA,3,"Arriva The Shires Ltd",1336317,1412000,1530000,NA,4.2,NA,NA,"Part of a joint bid with routes 288 303 and 305 totalling POUNDS4639989 per annum.","Arriva",6,"4639989",0
"1151","13/N13","N13",18,"X",17.2,42,67.5,"24-hour service",10,2012-12-20,"13","N13",2,"London Sovereign",5424000,5410000,5424000,NA,7.58,"Good performance of incumbent operator.","Good performance incumbent",NA,"Stagecoach",6,NA,0
"1152","165","165",12,"RM",17.3333333333333,41,67,NA,10,2013-01-31,"165",NA,4,"Stagecoach East London",2352607,2510500,2874000,NA,3.52,NA,NA,"Part of a joint bid with routes 179 252 256 and 365/N365 totalling POUNDS12019350 per annum.","Stagecoach",14,"12019350",0
"1153","166","166",8,"TC",26.6666666666667,33,60,"Daily",9,2013-01-31,"166",NA,3,"Arriva London South",1747500,1780083,1989494,NA,4.12,NA,NA,"Part of a joint bid with routes 60 412 466 612 and 685 totalling POUNDS10885400 per annum.","Arriva",14,"10885400",0
"1154","179","179",12,"BK",17.3333333333333,27,67,"Daily",8,2013-01-31,"179",NA,4,"Stagecoach East London",2563396,2713193,2884900,NA,4.94,NA,NA,"Part of a joint bid with routes 165 252 256 and 365/N365 totalling POUNDS12019350 per annum.","Stagecoach",14,"12019350",0
"1155","252","252",12,"RM",14.3333333333333,28,53,"Daily",9,2013-01-31,"252",NA,4,"Stagecoach East London",2487208,2690250,3128920,NA,4.13,NA,NA,"Part of a joint bid with routes 165 179 256 and 365/N365 totalling POUNDS12019350 per annum.","Stagecoach",14,"12019350",0
"1156","256","256",11,"RM",16.6666666666667,23,42,"Daily",7,2013-01-31,"256",NA,3,"Stagecoach East London",1943142,2073000,2107574,NA,4.24,NA,NA,"Part of a joint bid with routes 165 179 252 and 365/N365 totalling POUNDS12019350 per annum.","Stagecoach",14,"12019350",1
"1157","293","293",6,"EB",25,26,59,"Daily",8,2013-01-31,"293",NA,3,"Metrobus",1514067,1531410,1682942,NA,5.07,NA,NA,NA,"GoAhead",14,NA,0
"1158","365/N365","365",11,"RM",22.4,38,62,NA,9,2013-01-31,"365","N365",4,"Stagecoach East London",2672997,2915750,3083302,NA,4.22,NA,NA,"Part of a joint bid with routes 165 179 252 and 256 totalling POUNDS12019350 per annum.","Stagecoach",14,"12019350",1
"1159","404","404",3,"EB",30,34,41,"Monday to Saturday",6,2013-01-31,"404",NA,3,"Quality Line",189925,189925,210093,NA,4.06,NA,NA,NA,"RATP",14,NA,0
"1160","412","412",7,"TC",31,22,47,"Daily",6,2013-01-31,"412",NA,3,"Arriva London South",1577000,1715201,1979913,NA,4.84,NA,NA,"Part of a joint bid with routes 60 166 466 612 and 685 totalling POUNDS10885400 per annum.","Arriva",14,"10885400",0
"1161","434","434",3,"C",30,25,48,"Daily",6,2013-01-31,"434",NA,2,"Metrobus",591052,591052,671116,NA,4.26,NA,NA,NA,"GoAhead",14,NA,0
"1162","466","466",19,"TC",11.6666666666667,37,73,"Daily",12,2013-01-31,"466",NA,3,"Arriva London South",3805000,3955000,4341774,NA,4.27,NA,NA,"Part of a joint bid with routes 60 166 412 612 and 685 totallling POUNDS10885400 per annum.","Arriva",14,"10885400",1
"1163","60","60",20,"TC",12.3333333333333,47,90,"Daily",12,2013-01-31,"60",NA,3,"Arriva London South",3636000,3664606,4052380,NA,5.19,NA,NA,"Part of a joint bid with routes 166 412 466 612 and 685 totalling POUNDS10885400 per annum.","Arriva",14,"10885400",0
"1164","612","612",2,"TC",NA,NA,NA,"Monday to Saturday",4,2013-01-31,"612",NA,3,"Arriva London South",111400,146400,193567,NA,20.4,NA,NA,"Part of a joint bid with routes 60 166 412 466 and 685 totalling POUNDS10885400 per annum.","Arriva",14,"10885400",0
"1165","685","685",1,"TC",NA,NA,NA,"Monday to Friday",2,2013-01-31,"685",NA,3,"Arriva London South",85000,55890,88713,NA,21.79,NA,NA,"Part of a joint bid with routes 60 166 412 466 and 612 totalling POUNDS10885400 per annum.","Arriva",14,"10885400",0
"1166","318","318",9,"BT",15.6666666666667,29,53,"Daily",5,2013-03-14,"318",NA,2,"Arriva London North",1494000,1515000,1650000,NA,5.63,NA,NA,NA,"Arriva",5,NA,0
"1167","319","319",12,"BN",15.75,33.5,60,NA,8,2013-03-14,"319",NA,3,"Arriva London South",4331000,4331000,4700000,NA,6.42,NA,NA,NA,"Arriva",5,NA,1
"1168","356","356",7,"KB",26.6666666666667,34,65,"Daily",9,2013-03-14,"356",NA,3,"Stagecoach Selkent",1365000,1400000,1580557,NA,3.84,NA,NA,NA,"Stagecoach",5,NA,0
"1169","391","391",8,"V",17.3333333333333,21,57,"Daily",6,2013-03-14,"391",NA,3,"London United",3787000,3977000,4301402,NA,5.58,NA,NA,NA,"RATP",5,NA,1
"1170","C3","C3",9,"QB",13.3333333333333,26,37,"Daily",5,2013-03-14,"C3",NA,3,"Abellio",2925767,2848000,3049171,NA,7.63,"Good performance of incumbent operator.","Good performance incumbent",NA,"Abellio",5,NA,1
"1171","261","261",13,"TB",15.6666666666667,33,65,"Daily",9,2013-04-12,"261",NA,2,"Stagecoach Selkent",2360507,2440000,2812653,NA,4.25,NA,NA,"Routes 51 and 261 were awarded on the basis of a joint bid totalling POUNDS6195250.","Stagecoach",7,"6195250",0
"1172","292","292",10,"EW",21.6666666666667,26,68,"Daily",9,2013-04-12,"292",NA,3,"London Sovereign",2011600,1999459,2060000,NA,5.09,"Good performance of incumbent operator. ","Good performance incumbent",NA,"Stagecoach",7,NA,0
"1173","51","51",19,"BX",13.3333333333333,40,86,"Daily",12,2013-04-12,"51",NA,3,"Stagecoach Selkent",3834743,4159000,4865000,NA,4.18,NA,NA,"Routes 51 and 261 were awarded on the basis of a joint bid totalling POUNDS6195250","Stagecoach",7,"6195250",0
"1174","603","603",2,"SM",NA,NA,NA,"Monday to Friday",6,2013-04-12,"603",NA,1,"Metroline",219000,239000,239000,NA,19.16,NA,NA,NA,"Metroline",7,NA,0
"1175","R5/R10","R10",1,"MB",15,56,69,"Monday to Saturday",8,2013-04-12,"R5/R10",NA,2,"Stagecoach Selkent",256750,262000,264944,NA,3.3,NA,NA,"Routes R5/R10 and R7 were awarded on the basis of a joint bid totalling POUNDS463350","Stagecoach",7,"463350",0
"1176","R5/R10","R5",1,"MB",15,56,69,"Monday to Saturday",8,2013-04-12,"R5/R10",NA,2,"Stagecoach Selkent",256750,262000,264944,NA,3.3,NA,NA,"Routes R5/R10 and R7 were awarded on the basis of a joint bid totalling POUNDS463350","Stagecoach",7,"463350",0
"1177","R7","R7",4,"TB",50,41,57,"Daily",10,2013-04-12,"R7",NA,2,"Stagecoach Selkent",206500,254370,259750,NA,3.53,NA,NA,"Routes R5/R10 and R7 were awarded on the basis of a joint bid totalling POUNDS463350","Stagecoach",7,"463350",1
"1178","S1","S1",11,"EB",18.3333333333333,44,80,"Daily",9,2013-04-12,"S1",NA,4,"Quality Line",2116834,2255760,2539778,NA,3.77,NA,NA,NA,"RATP",7,NA,0
"1179","122","122",17,"PD",14,42,90,"Daily",12,2013-05-13,"122",NA,2,"Stagecoach Selkent",4193750,4193750,5142794,NA,5.57,NA,NA,NA,"Stagecoach",11,NA,0
"1180","200","200",14,"AL",11,29,55,"Daily",7,2013-05-13,"200",NA,3,"London General",3536233,3649808,4013000,NA,5.68,NA,NA,NA,"GoAhead",11,NA,1
"1181","317","317",5,"PB",26.6666666666667,20,38,"Daily",4,2013-05-13,"317",NA,3,"Arriva London North",1157188,1231000,1306458,NA,6.08,NA,NA,"Part of a joint bid with route 393 totalling POUNDS4288125 per annum.","Arriva",11,"4288125",0
"1182","393","393",14,"HT",15.6666666666667,39,76,"Daily",8,2013-05-13,"393",NA,2,"Arriva London North",3130937,3239000,3282250,NA,5.86,NA,NA,"Part of a joint bid with route 317 totalling POUNDS4288125 per annum","Arriva",11,"4288125",0
"1183","428","428",7,"DT",25,34,57,"Daily",10,2013-05-13,"428",NA,3,"Arriva Kent Thameside",1690353,1811200,2157204,NA,3.84,NA,NA,"Part of a joint bid with route B15 totalling POUNDS2987497 per annum.","Arriva",11,"2987497",0
"1184","472/N472","472",13,"PD",17.2,30,44,NA,9,2013-05-13,"472","N472",3,"Stagecoach Selkent",5229250,5229250,6358337,NA,4.68,NA,NA,NA,"Stagecoach",11,NA,0
"1185","486","486",9,"BX",17.5,30.5,45.5,NA,9,2013-05-13,"486",NA,2,"London Central",4246273,4416500,4429400,NA,5.03,NA,NA,NA,"GoAhead",11,NA,0
"1186","602","602",2,"PD",NA,NA,NA,"Monday to Friday",9,2013-05-13,"602",NA,3,"Stagecoach Selkent",134462,151500,184250,NA,24.84,NA,NA,"Routes 601 and 602 awarded on the basis of a joint bid totalling POUNDS473500 per annum","Stagecoach",11,"473500",0
"1187","96","96",24,"PD",13.6666666666667,41,88,NA,13,2013-05-13,"96",NA,3,"Stagecoach Selkent",5570750,5570750,6587692,NA,4.82,NA,NA,NA,"Stagecoach",11,NA,0
"1188","B15","B15",6,"DT",26.6666666666667,30,55,"Daily",8,2013-05-13,"B15",NA,3,"Arriva Kent Thameside",1297144,1384900,1513750,NA,5.08,NA,NA,"Part of a joint bid with route 428 totalling POUNDS2987497 per annum.","Arriva",11,"2987497",0
"1189","601",NA,NA,NA,NA,NA,NA,NA,NA,2013-05-13,"601",NA,3,"Stagecoach Selkent",339038,327440,462500,NA,19.71,"Joint bid discount","Lower joint bid","Routes 601 and 602 awarded on the basis of a joint bid totalling POUNDS473500 per annum","Stagecoach",11,"473500",0
"1190","634","634",1,"PB",NA,NA,NA,"Monday to Friday",6,2013-07-01,"634",NA,3,"Metroline",35000,35000,81429,NA,15.24,NA,NA,NA,"Metroline",1,NA,0
"1191","262","262",11,"LI",13.6666666666667,31,54,"Daily",6,2013-08-29,"262",NA,3,"Stagecoach East London",3136406,3191000,3338586,NA,5.71,NA,NA,"Part of a joint bid with routes 372 396 and 473 totalling POUNDS8329991 per annum","Stagecoach",7,"8329991",0
"1192","372","372",6,"RM",26.6666666666667,35,56,"Daily",11,2013-08-29,"372",NA,3,"Stagecoach East London",1543173,1696110,1986290,NA,3.85,NA,NA,"Part of a joint bid with routes 262 396 and 473 totalling POUNDS8329991 per annum.","Stagecoach",7,"8329991",0
"1193","396","396",5,"RR",23.3333333333333,15,34,"Daily",4,2013-08-29,"396",NA,3,"Stagecoach East London",989020,1020188,1029825,NA,5.84,"Joint bid with routes 262 372 and 473","Lower joint bid","Part of a joint bid with routes 262 372 and 473 totalling POUNDS8329991 per annum","Stagecoach",7,"8329991",0
"1194","473","473",9,"LI",13.6666666666667,24,44,"Daily",5,2013-08-29,"473",NA,3,"Stagecoach East London",2661392,2715325,2926000,NA,6.09,NA,NA,"Part of a joint bid discount with routes 262 372 and 396 totalling POUNDS8329991 per annum","Stagecoach",7,"8329991",0
"1195","54","54",17,"TL",13.3333333333333,39,83,"Daily",10,2013-08-29,"54",NA,3,"Stagecoach Selkent",3507308,3890000,4248775,NA,4.93,NA,NA,"Part of a joint bid with route 75 totalling POUNDS6617563 per annum","Stagecoach",7,"6617563",0
"1196","75","75",15,"TL",14.6666666666667,39,79,"Daily",9,2013-08-29,"75",NA,4,"Stagecoach Selkent",3110255,3444500,368400,NA,5.46,NA,NA,"Part of a joint bid with route 54 totalling POUNDS6617563 per annum.","Stagecoach",7,"6617563",0
"1197","T31",NA,NA,NA,NA,NA,NA,NA,NA,2013-08-29,"T31",NA,4,"Arriva London South",2245000,2294732,2403500,NA,4.48,NA,NA,NA,"Arriva",7,NA,1
"1198","228","228",10,"X",26.6666666666667,37,82,"Daily",8,2013-10-10,"228",NA,2,"Metroline West",2925681,2992000,3011081,NA,5.24,NA,NA,NA,"Metroline",4,NA,0
"1199","272","272",8,"V",20,24,59,"Daily",6,2013-10-10,"272",NA,1,"London United",1742500,1801000,1801000,NA,6.44,NA,NA,"Part of a joint bid with routes 283 440 and E3 totalling POUNDS13461500 per annum.","RATP",4,"13461500",0
"1200","283","283",14,"RP",10.6666666666667,17,41,"Daily",4,2013-10-10,"283",NA,3,"London United",3281000,3216381,3471000,NA,6.11,"Part of joint bid discount award","Lower joint bid","Part of a joint bid with routes 272 440 and E3 totalling POUNDS13461500 per annum","RATP",4,"13461500",1
"1201","7/N7","7",19,"PV",10.6666666666667,32,61,"Daily",7,2013-10-10,"7","N7",3,"Metroline",6059000,6059000,6571345,NA,7.35,NA,NA,NA,"Metroline",4,NA,0
"1202","7/N7","N7",19,"PV",10.6666666666667,32,61,"Daily",7,2013-10-10,"7","N7",3,"Metroline",6059000,6059000,6571345,NA,7.35,NA,NA,NA,"Metroline",4,NA,1
"1203","E1","E1",5,"GW",16.25,16,20.5,NA,3,2013-10-11,"E1",NA,4,"Abellio West London",1728780,1728780,2200516,NA,6.7,NA,NA,NA,"Abellio",3,NA,1
"1204","E10","E10",8,"GW",21.6666666666667,27,52,"Daily",6,2013-10-11,"E10",NA,5,"TGM Group",1714000,1714000,1932000,NA,5.12,NA,NA,NA,"TGM",3,NA,0
"1205","E3","E3",20,"V",9.66666666666667,37,82,"Daily",9,2013-10-11,"E3",NA,3,"London United",6293872,6630000,7242000,NA,6.21,NA,NA,"Part of a joint bid with routes 272 283 and 440 totalling POUNDS13499372 per annum.","RATP",3,"13499372",0
"1206","112","112",11,"W",15,25,54,"Daily",7,2013-11-21,"112",NA,4,"Metroline West",1895670,1915000,2354762,NA,4.49,NA,NA,"Part of a joint bid with route 232 totalling POUNDS4903500 per annum.","Metroline",9,"4903500",1
"1207","232","232",16,"NP",17.6666666666667,47,101,"Daily",13,2013-11-21,"232",NA,1,"Metroline",3007830,3121000,3121000,NA,4.74,NA,NA,"Part of a joint bid with route 112 totalling POUNDS4903500 per annum.","Metroline",9,"4903500",0
"1208","281/N281","281",12,"FW",18.8,42.5,66.5,NA,11,2013-11-21,"281","N281",2,"London United",5964000,6159847,6436000,NA,5.47,NA,NA,"Part of a joint award with routes 71 & 681 totalling POUNDS9199500 per annum.","RATP",9,"9199500",1
"1209","286","286",14,"MG",16.6666666666667,31,68,"Daily",9,2013-11-21,"286",NA,3,"London Central",2903372,2903372,3090000,NA,4.58,NA,NA,NA,"GoAhead",9,NA,0
"1210","418","418",6,"TV",26.6666666666667,29,65,"Daily",8,2013-11-21,"418",NA,1,"Quality Line",1557245,1673127,1673127,NA,6.25,NA,NA,NA,"RATP",9,NA,1
"1211","49","49",20,"QB",10,29,64,"Daily",6,2013-11-21,"49",NA,3,"Abellio London",4350383,4350383,4919625,NA,7.78,NA,NA,NA,"Abellio",9,NA,1
"1212","611","611",1,"PA",NA,NA,NA,"Monday to Friday",7,2013-11-21,"611",NA,3,"Metroline",79000,79000,96000,NA,29.09,NA,NA,NA,"Metroline",9,NA,1
"1213","681","681",2,"FW",NA,NA,NA,"Monday to Friday",7,2013-11-21,"681",NA,2,"London United",170500,185000,293926,NA,30.53,NA,NA,"Part of a joint award with routes 71 & 281/N281 totalling POUNDS9199500 per annum.","RATP",9,"9199500",0
"1214","71","71",12,"FW",10.6666666666667,20,47,"Daily",6,2013-11-21,"71",NA,2,"London United",3065000,3230165,3353000,NA,5.54,NA,NA,"Part of a joint award with routes 281/N281 & 681 totalling POUNDS9199500","RATP",9,"9199500",1
"1215","100","100",9,"Q",14,19,46,"Daily",3,2013-12-19,"100",NA,3,"London General",3505708,3505708,4514250,NA,6.88,NA,NA,NA,"GoAhead",2,NA,0
"1216","8/N8","8",28,"BW",9,33,73,"Daily",7,2013-12-19,"8","N8",1,"Stagecoach East London",6732598,6824250,NA,NA,6.25,NA,NA,NA,"Stagecoach",2,NA,0
"1217","8/N8","N8",28,"BW",9,33,73,"Daily",7,2013-12-19,"8","N8",1,"Stagecoach East London",6732598,6824250,NA,NA,6.25,NA,NA,NA,"Stagecoach",2,NA,0
"1218","205/N205","205",25,"BW",12,49,103,"Daily",8,2014-01-09,"205","N205",2,"Stagecoach East London",6355000,6405000,7846299,NA,7.13,NA,NA,NA,"Stagecoach",2,NA,0
"1219","375","375",1,"GY",90,22,34,"Monday to Saturday",8,2014-01-09,"375",NA,3,"Arriva Kent Thameside",164750,178500,184710,NA,3.93,NA,NA,NA,"Arriva",2,NA,0
"1220","205/N205","N205",25,"BW",12,49,103,"Daily",8,2014-01-09,"205","N205",2,"Stagecoach East London",6355000,6405000,7846299,NA,7.13,NA,NA,NA,"Stagecoach",2,NA,0
"1221","395","395",5,"SO",26.6666666666667,23,41,"Daily",5,2014-01-22,"395",NA,5,"Metroline",971500,1054000,1292975,NA,4.93,NA,NA,NA,"Metroline",3,NA,0
"1222","640","640",2,"SM",NA,NA,NA,"Monday to Friday",5,2014-01-22,"640",NA,2,"Metroline",150000,170000,242000,NA,36.32,NA,NA,NA,"Metroline",3,NA,0
"1223","H13","H13",6,"UX",28,22,45,"Daily",8,2014-01-22,"H13",NA,2,"London Sovereign",1134000,1190000,1204000,NA,4.25,NA,NA,NA,"Stagecoach",3,NA,0
"1224","661","661",1,"TB",NA,NA,NA,"Monday to Friday",4,2014-01-23,"661",NA,2,"London Central",76474,85457,118000,NA,21.4,NA,NA,"Part of a joint award with route 669 totalling POUNDS214213 per annum","GoAhead",3,"214213",0
"1225","669","669",2,"PD",NA,NA,NA,"Monday to Friday",11,2014-01-23,"669",NA,2,"London Central",137739,153736,232500,NA,20.29,NA,NA,"Part of joint award with route 661 totalling POUNDS214213 per annum","GoAhead",3,"214213",0
"1226","672",NA,NA,NA,NA,NA,NA,NA,NA,2014-01-23,"672",NA,2,"Stagecoach Selkent",49250,134074,192000,NA,30.4,NA,NA,NA,"Stagecoach",3,NA,0
"1227","332","332",15,"W",11.3333333333333,37,71,"Daily",7,2014-02-19,"332",NA,3,"Metroline",3727000,3727000,4609243,NA,6.35,NA,NA,NA,"Metroline",3,NA,0
"1228","332","332",15,"W",11.3333333333333,37,71,"Daily",7,2014-02-19,"332",NA,3,"Metroline ",3727000,3727000,4609243,NA,6.35,NA,NA,NA,"Metroline",3,NA,1
"1229","689","689",1,"TH",NA,NA,NA,"Monday to Friday",4,2014-02-19,"689",NA,2,"Arriva London South",72000,72000,81014,NA,42.93,NA,NA,NA,"Arriva",3,NA,0
"1230","627","627",2,"TC",NA,NA,NA,"Monday to Friday",6,2014-03-20,"627",NA,4,"Arriva London South",157650,188942,2e+05,NA,31.29,NA,NA,NA,"Arriva",3,NA,0
"1231","S4","S4",6,"BC",33.5,50,74,"Monday to Saturday",11,2014-03-20,"S4",NA,4,"Abellio London",1299530,1299530,1630910,NA,4.55,NA,NA,NA,"Abellio",3,NA,1
"1232","606",NA,NA,NA,NA,NA,NA,NA,NA,2014-03-20,"606",NA,2,"Metroline",208000,208000,262000,NA,18.09,NA,NA,NA,"Metroline",3,NA,1
"1233","109/N109","109",26,"BC",8.66666666666667,32,70,"Daily",7,2014-04-17,"109","N109",3,"Abellio London",6189518,6189518,6914000,NA,6.38,NA,NA,NA,"Abellio",2,NA,0
"1234","415","415",9,"WL",17.3333333333333,22,45,"Daily",5,2014-04-17,"415",NA,3,"Abellio London",1720952,1720952,1908000,NA,6.63,NA,NA,NA,"Abellio",2,NA,1
"1235","109/N109","N109",26,"BC",8.66666666666667,32,70,"Daily",7,2014-04-17,"109","N109",3,"Abellio London",6189518,6189518,6914000,NA,6.38,NA,NA,NA,"Abellio",2,NA,0
"1236","102","102",15,"AD",18.4,42.5,71.5,NA,10.5,2014-05-20,"102",NA,3,"Arriva London North",6547000,6535222,7073695,NA,5.51,"More robust schedule offered","Higher quality expected from other bid",NA,"Arriva",4,NA,0
"1237","125","125",17,"PB",13.3333333333333,37,77,"Daily",10,2014-05-20,"125",NA,2,"Metroline",3371618,3432855,3925000,NA,6,NA,NA,"Joint bid","Metroline",4,"Joint bid",1
"1238","192","192",15,"E",13.3333333333333,31,63,"Daily",8,2014-05-20,"192",NA,3,"London General",3100121,3100121,3474000,NA,4.87,NA,NA,NA,"GoAhead",4,NA,0
"1239","34","34",7,"AD",15.5,38,60,NA,12,2014-05-20,"34",NA,4,"Metroline",5633060,5735370,6353013,NA,5.18,NA,NA,"Joint bid","Metroline",4,"Joint bid",0
"1240","201","201",10,"BC",21.6666666666667,33,68,"Daily",8,2014-06-11,"201",NA,2,"Abellio London",2294027,2294027,2377474,NA,6.11,NA,NA,NA,"Abellio",5,NA,0
"1241","212","212",12,"NP",13,25,48,"Daily",6,2014-06-11,"212",NA,5,"Tower Transit",2312473,2550185,3114000,NA,5.48,NA,NA,"Part of a joint bid with route 444 totalling POUNDS4567190 per annum","TowerTransit",5,"4567190",0
"1242","407","407",15,"BC",15.6666666666667,47,97,"Daily",13,2014-06-11,"407",NA,2,"Abellio London",3218342,3218342,3382998,NA,4.42,NA,NA,NA,"Abellio",5,NA,0
"1243","444","444",11,"NP",14,28,62,"Daily",8,2014-06-11,"444",NA,5,"Tower Transit",2254717,2350000,2588528,NA,4.92,NA,NA,"Part of a joint bid with route 212 totalling POUNDS4567190 per annum","TowerTransit",5,"4567190",0
"1244","657","657",1,"NP",NA,NA,NA,"Monday to Saturday",4,2014-06-11,"657",NA,3,"London General",61487,73833,115500,NA,36.89,NA,NA,NA,"GoAhead",5,NA,0
"1245","323","323",4,"WH",18.3333333333333,13,25,"Daily",3,2014-07-03,"323",NA,2,"Stagecoach East London",989000,1001929,1030750,NA,5.3,NA,NA,NA,"Stagecoach",1,NA,0
"1246","234","234",9,"PB",17.3333333333333,33,50,"Daily",8,2014-07-10,"234",NA,3,"Metroline",2007062,2093515,2374445,NA,4.28,NA,NA,"Joint bid","Metroline",6,"Joint bid",1
"1247","282","282",16,"G",14,43,90,"Daily",12,2014-07-10,"282",NA,2,"Metroline West",3582650,3794360,4158948,NA,4.66,NA,NA,"Part of a joint bid with route 482 totalling POUNDS5684040 per annum","Metroline",6,"5684040",0
"1248","350","350",5,"WS",20,30,44,"Daily",8,2014-07-10,"350",NA,3,"Abellio West London",1996229,1996229,2257000,NA,4.42,NA,NA,NA,"Abellio",6,NA,0
"1249","364","364",14,"RR",13.3333333333333,29,63,"Daily",8,2014-07-10,"364",NA,3,"Blue Triangle",2783000,2983500,3100000,NA,5.15,NA,NA,NA,"GoAhead",6,NA,0
"1250","482","482",8,"WS",26.6666666666667,37,68,"Daily",10,2014-07-10,"482",NA,3,"Metroline West",2101390,2209680,2387000,NA,4.8,NA,NA,"Part of a joint bid with route 282 totalling POUNDS5684040 per annum","Metroline",6,"5684040",0
"1251","488","488",9,"LI",18.6666666666667,26,57,"Daily",6,2014-07-10,"488",NA,4,"Tower Transit",2125386,2125386,2378250,NA,5.62,NA,NA,NA,"TowerTransit",6,NA,1
"1252","55/N55","55",38,"T",9.66666666666667,45,125,"Daily",9,2014-07-23,"55","N55",2,"Stagecoach East London",6880500,6504934,6880500,NA,6.04,"Volume of work","Volume additional work",NA,"Stagecoach",2,NA,0
"1253","56","56",22,"T",7.66666666666667,31,73,"Daily",8,2014-07-23,"56",NA,2,"Stagecoach East London",5145000,5674055,5710750,NA,5.63,NA,NA,NA,"Stagecoach",2,NA,1
"1254","55/N55","N55",38,"T",9.66666666666667,45,125,"Daily",9,2014-07-23,"55","N55",2,"Stagecoach East London",6880500,6504934,6880500,NA,6.04,"Volume of work","Volume additional work",NA,"Stagecoach",2,NA,1
"1255","177","177",19,"PD",12.6666666666667,47,98,"Daily",12,2014-08-22,"177",NA,2,"Stagecoach Selkent",4604750,5043500,5116933,NA,4.79,NA,NA,NA,"Stagecoach",6,NA,1
"1256","191","191",19,"E",15,37,85,"Daily",10,2014-08-22,"191",NA,3,"London General",3899339,3976046,4271916,NA,5.37,NA,NA,NA,"GoAhead",6,NA,0
"1257","322","322",10,"SW",16.3333333333333,29,65,"Daily",6,2014-08-22,"322",NA,2,"London General",2331770,2352202,2424062,NA,5.93,"Joint bid discount","Lower joint bid","Part of a joint bid with route G1 totalling POUNDS5040576 per annum","GoAhead",6,"5040576",1
"1258","432","432",12,"SW",14,18,57,"Daily",4,2014-08-22,"432",NA,3,"London General",2321005,2426182,2618328,NA,6.78,NA,NA,NA,"GoAhead",6,NA,1
"1259","663","663",1,"C",NA,NA,NA,"Monday to Friday",4,2014-08-22,"663",NA,3,"Arriva London South",64550,64550,82665,NA,39.5,NA,NA,NA,"Arriva",6,NA,0
"1260","G1","G1",13,"SW",21.6666666666667,45,99,NA,10,2014-08-22,"G1",NA,2,"London General",2708806,2816514,2962978,NA,5.61,NA,NA,"Part of a joint bid with route 322 totalling POUNDS5040576 per annum","GoAhead",6,"5040576",0
"1261","135","135",16,"SI",14,37,80,"Daily",8,2014-10-03,"135",NA,4,"Docklands Buses",3031245,3461138,4014000,NA,5.51,NA,NA,NA,"GoAhead",6,NA,1
"1262","245","245",21,"PV",10.6666666666667,45,77,"Daily",9,2014-10-03,"245",NA,3,"Metroline West",4722300,4856000,5341000,NA,5.53,NA,NA,"Part of a joint bid with route 460 totalling POUNDS7155000 per annum","Metroline",6,"7155000",1
"1263","253/N253","253",22,"SF",7.66666666666667,33,69,"Daily",8,2014-10-03,"253","N253",1,"Arriva London North",7651000,7773000,7773000,NA,6.46,NA,NA,NA,"Arriva",6,NA,0
"1264","331","331",8,"UX",27.6666666666667,43,74,"Daily",14,2014-10-03,"331",NA,3,"Metroline West",1749000,1895000,2031749,NA,3.96,NA,NA,NA,"Metroline",6,NA,1
"1265","460","460",10,"AC",14,25,54,"Daily",7,2014-10-03,"460",NA,2,"Metroline",2432700,2649000,3051000,NA,6.06,NA,NA,"Part of a joint bid with route 460 totalling POUNDS7155000 per annum","Metroline",6,"7155000",1
"1266","253/N253","N253",22,"SF",7.66666666666667,33,69,"Daily",8,2014-10-03,"253","N253",1,"Arriva London North",7651000,7773000,7773000,NA,6.46,NA,NA,NA,"Arriva",6,NA,1
"1267","U10","U10",2,"UX",60,28,42,"Monday to Saturday",6,2014-10-03,"U10",NA,4,"Metroline West",345000,350000,460665,NA,6.58,NA,NA,NA,"Metroline",6,NA,1
"1268","326","326",15,"BT",14,37,81,"Daily",10,2014-11-03,"326",NA,3,"London Sovereign",3080000,3209200,3380000,NA,4.43,NA,NA,NA,"Stagecoach",2,NA,1
"1269","383","383",3,"HF",30,28,40,"Monday to Saturday",7,2014-11-03,"383",NA,3,"Uno",539487,539487,667241,NA,4.59,NA,NA,NA,"Uno",2,NA,1
"1270","248","248",16,"RM",12.6666666666667,23,49,"Daily",7,2014-12-01,"248",NA,3,"Stagecoach East London",3027000,3100500,3549921,NA,5.28,NA,NA,NA,"Stagecoach",1,NA,1
"1271","498","498",6,"NS",29.6666666666667,24,49,"Daily",7,2014-12-04,"498",NA,3,"Stagecoach East London",1325000,1325000,1590000,NA,5.15,NA,NA,NA,"Stagecoach",2,NA,1
"1272","499","499",7,"RM",26.6666666666667,40,63,"Daily",8,2014-12-04,"499",NA,3,"Stagecoach East London",1522750,1522750,1730000,NA,3.94,NA,NA,NA,"Stagecoach",2,NA,1
"1273","116","116",7,"AV",17.3333333333333,17,36,"Daily",6,2015-02-03,"116",NA,3,"London United",1783000,1655000,1728000,NA,5.37,"Awarded on double deck alternative.","Higher quality expected from other bid",NA,"RATP",21,NA,1
"1274","119/N119","119",9,"C",20.4,36,61,NA,11,2015-02-03,"119","N119",4,"Metrobus",4616821,4689477,5123000,NA,5.25,NA,NA,"Part of a joint bid with route 202 totalling POUNDS8714834 per annum","GoAhead",21,"8714834",1
"1275","168","168",21,"W",10.3333333333333,36,67,"Daily",7,2015-02-03,"168",NA,3,"Metroline ",3826160,3930000,5195000,NA,5.17,NA,NA,"Part of a joint bid","Metroline",21,"Part of a joint bid",0
"1276","168","168",21,"W",10.3333333333333,36,67,"Daily",7,2015-02-03,"168",NA,3,"Metroline",3826160,3930000,5195000,NA,5.17,NA,NA,"Part of a joint bid with routes 226 &324","Metroline",21,"Part of a joint bid with routes 226 &324",1
"1277","198","198",11,"TH",17.3333333333333,30,64,"Daily",7,2015-02-03,"198",NA,3,"Arriva London South",2916540,3072000,3337114,NA,6.19,NA,NA,"Part of a joint bid with routes 264/N264 & 312 totalling POUNDS8212634 per annum.","Arriva",21,"8212634",1
"1278","202","202",15,"C",13.3333333333333,29,65,"Daily",9,2015-02-03,"202",NA,2,"Metrobus",4098013,4098013,4130000,NA,6.62,NA,NA,"Part of a joint bid with route 119/N119 totalling POUNDS8714834 per annum","GoAhead",21,"8714834",1
"1279","226","226",16,"WJ",17.3333333333333,45,90,"Daily",9,2015-02-03,"226",NA,3,"Metroline West",3177686,3399000,3952000,NA,5.14,NA,NA,"Part of a joint bid","Metroline",21,"Part of a joint bid",0
"1280","226","226",16,"WJ",17.3333333333333,45,90,"Daily",9,2015-02-03,"226",NA,3,"Metroline West",3177686,3399000,3952000,NA,5.14,NA,NA,"Part of a joint bid with routes 168 & 324","Metroline",21,"Part of a joint bid with routes 168 & 324",1
"1281","246","246",4,"MB",50,36,54,"Daily",15,2015-02-03,"246",NA,2,"Metrobus",1018992,1058992,1086500,NA,3.42,NA,NA,NA,"GoAhead",21,NA,1
"1282","264/N264","264",8,"TC",20.4,26,45.5,NA,6,2015-02-03,"264","N264",3,"Arriva London South",3733290,3859794,4042919,NA,6.27,NA,NA,"Part of a joint bid with routes 198 & 312 totalling POUNDS8212634 per annum.","Arriva",21,"8212634",1
"1283","312","312",7,"TC",17.3333333333333,18,41,"Daily",4,2015-02-03,"312",NA,3,"Arriva London South",1562804,1685000,2139349,NA,6.04,NA,NA,"Part of a joint bid with routes 198 & 264/N264 totalling POUNDS8212634 per annum.","Arriva",21,"8212634",1
"1284","324","324",6,"W",24.6666666666667,29,60,"Daily",8,2015-02-03,"324",NA,3,"Metroline",1288654,1376000,1588000,NA,3.98,NA,NA,"Part of a joint bid","Metroline",21,"Part of a joint bid",0
"1285","324","324",6,"W",24.6666666666667,29,60,"Daily",8,2015-02-03,"324",NA,3,"Metroline",1288654,1376000,1588000,NA,3.98,NA,NA,"Part of a joint bid with routes 168 & 226","Metroline",21,"Part of a joint bid with routes 168 & 226",1
"1286","352","352",6,"MB",28,24,47,"Daily",9,2015-02-03,"352",NA,2,"Metrobus",1399997,1399997,1432250,NA,4.5,NA,NA,NA,"GoAhead",21,NA,1
"1287","354","354",5,"TB",26.6666666666667,22,43,"Daily",7,2015-02-03,"354",NA,2,"Stagecoach Selkent",1128500,1157750,1249988,NA,4.61,NA,NA,NA,"Stagecoach",21,NA,1
"1288","358","358",17,"MB",17.3333333333333,46,101,"Daily",15,2015-02-03,"358",NA,2,"Metrobus",4282233,4282233,4992000,NA,4.39,NA,NA,NA,"GoAhead",21,NA,1
"1289","405","405",10,"C",25,31,66,"Daily",11,2015-02-03,"405",NA,2,"Metrobus",2446575,2474671,2579181,NA,4.91,NA,NA,NA,"GoAhead",21,NA,1
"1290","674","674",1,"RR",NA,NA,NA,"Monday to Friday",6,2015-02-03,"674",NA,2,"Blue Triangle",75000,75000,80000,NA,36.66,NA,NA,NA,"GoAhead",21,NA,1
"1291","692/699","692",3,"SM",NA,NA,NA,"Monday to Friday",9,2015-02-03,"692/699",NA,4,"Sullivan Buses",206178,206178,240000,NA,21.09,NA,NA,NA,"SullivanBuses",21,NA,0
"1292","692/699","699",3,"SM",NA,NA,NA,"Monday to Friday",9,2015-02-03,"692/699",NA,4,"Sullivan Buses",206178,206178,240000,NA,21.09,NA,NA,NA,"SullivanBuses",21,NA,1
"1293","A10","A10",5,"UX",21.6666666666667,24,33,"Daily",8,2015-02-03,"A10",NA,4,"Metroline West",1317500,1519000,1755000,NA,3.39,NA,NA,NA,"Metroline",21,NA,1
"1294","675",NA,NA,NA,NA,NA,NA,NA,NA,2015-02-03,"675",NA,4,"London General",70000,70000,83098,NA,29.86,NA,NA,NA,"GoAhead",21,NA,1
"1295","149/N149","149",24,"AR",14.4,46,77.5,NA,9,2015-03-13,"149","N149",3,"Arriva London North",7942000,7942000,8306912,NA,6.76,NA,NA,"Part of a joint bid with route 349 totalling POUNDS11613000 per annum.","Arriva",2,"11613000",1
"1296","349","349",14,"E",11.3333333333333,25,58,"Daily",6,2015-03-13,"349",NA,4,"Arriva London North",3671000,4166000,4450412,NA,6.69,NA,NA,"Part of a joint bid with route 149/N149 totalling POUNDS11613000 per annum.","Arriva",2,"11613000",1
"1297","78","78",17,"AE",11.3333333333333,40,71,"Daily",6,2015-03-31,"78",NA,3,"Arriva London North",4442000,4435499,4804344,NA,7.67,"Good performance of incumbent.","Good performance incumbent",NA,"Arriva",1,NA,1
"1298","297/N297","297",10,"PA",19.4,37.5,59,NA,9,2015-04-21,"297","N297",2,"Metroline",3920000,4206000,4741434,NA,5,NA,NA,NA,"Metroline",2,NA,1
"1299","92","92",18,"G",10,40,70,"Daily",9,2015-04-21,"92",NA,2,"Metroline West",4050000,4250000,4966112,NA,4.56,NA,NA,NA,"Metroline",2,NA,1
"1300","11/N11","11",22,"SW",11.3333333333333,38,95,"Daily",7,2015-04-29,"11","N11",2,"London General",8215976,8215976,8265355,NA,10.37,NA,NA,NA,"GoAhead",4,NA,0
"1301","190","190",10,"AH",18.3333333333333,29,65,"Daily",7,2015-04-29,"190",NA,3,"Metroline",2045516,2143000,2286000,NA,6.15,NA,NA,"Part of a joint bid with route 295/N295 totalling POUNDS6825500 per annum.","Metroline",4,"6825500",1
"1302","23/N23","23",14,"X",17.6,40.5,70.5,NA,9,2015-04-29,"23","N23",2,"Tower Transit",7300818,7625000,7858252,NA,8.54,NA,NA,NA,"TowerTransit",4,NA,1
"1303","295/N295","295",12,"WJ",18.6,41,60.5,NA,7,2015-04-29,"295","N295",4,"Metroline West",4779984,4815000,6211778,NA,6.59,NA,NA,"Part of a joint bid with route 190 totalling POUNDS6825500 per annum.","Metroline",4,"6825500",1
"1304","11/N11","N11",22,"SW",11.3333333333333,38,95,"Daily",7,2015-04-29,"11","N11",2,"London General",8215976,8215976,8265355,NA,10.37,NA,NA,NA,"GoAhead",4,NA,1
"1305","173","173",15,"DX",13.6666666666667,33,73,"Daily",9,2015-05-13,"173",NA,3,"Arriva London North",3500000,3524173,3979500,NA,5.23,NA,NA,NA,"Arriva",9,NA,1
"1306","174","174",23,"RM",12.6666666666667,38,83,"Daily",10,2015-05-13,"174",NA,2,"Stagecoach East London",4693250,4876500,5249993,NA,4.92,NA,NA,NA,"Stagecoach",9,NA,1
"1307","296","296",6,"NS",23.75,28.5,41.5,NA,8,2015-05-13,"296",NA,3,"Stagecoach East London",1496250,1533000,1598923,NA,4.7,NA,NA,NA,"Stagecoach",9,NA,1
"1308","339","339",12,"LI",18.3333333333333,38,76,"Daily",8,2015-05-13,"339",NA,4,"Tower Transit",2144868,2178899,2299994,NA,5.43,NA,NA,NA,"TowerTransit",9,NA,1
"1309","347","347",1,"GY",12,45,53,"Monday to Saturday",12,2015-05-13,"347",NA,3,"Arriva Kent Thameside",125500,125500,150000,NA,4.07,NA,NA,NA,"Arriva",9,NA,1
"1310","385","385",1,"AW",70,27,31,"Monday to Saturday",4,2015-05-13,"385",NA,4,"CT Plus",112774,120000,136670,NA,7.11,NA,NA,NA,"HCT",9,NA,1
"1311","496","496",8,"RM",18.3333333333333,28,53,"Daily",8,2015-05-13,"496",NA,3,"Stagecoach East London",1865000,1959500,2099995,NA,4.81,NA,NA,NA,"Stagecoach",9,NA,1
"1312","649/650/651","649",3,"RR",NA,NA,NA,"Monday to Friday",4,2015-05-13,"649/650/651",NA,2,"Blue Triangle",576000,625000,64975,NA,34.53,NA,NA,NA,"GoAhead",9,NA,0
"1313","649/650/651","650",3,"RR",NA,NA,NA,"Monday to Friday",4,2015-05-13,"649/650/651",NA,2,"Blue Triangle",576000,625000,64975,NA,34.53,NA,NA,NA,"GoAhead",9,NA,0
"1314","649/650/651","651",3,"RR",NA,NA,NA,"Monday to Friday",4,2015-05-13,"649/650/651",NA,2,"Blue Triangle",576000,625000,64975,NA,34.53,NA,NA,NA,"GoAhead",9,NA,1
"1315","673","673",1,"DX",NA,NA,NA,"Monday to Friday",7,2015-05-13,"673",NA,3,"Arriva London North",55450,75780,88000,NA,35.54,NA,NA,NA,"Arriva",9,NA,1
"1316","155","155",19,"SW",10.6666666666667,31,65,"Daily",6,2015-06-01,"155",NA,2,"London General",5656847,5646824,5656847,NA,7.11,"Successful 10d.schedule was considered more robus","Higher quality expected from other bid",NA,"GoAhead",2,NA,1
"1317","159","159",19,"QB",14.2,42,70.5,NA,9,2015-06-01,"159",NA,3,"Abellio London",7366116,7366116,7791357,NA,7.24,NA,NA,NA,"Abellio",2,NA,1
"1318","15H","15",23,"RR",8.66666666666667,31,74,"Daily",6,2015-06-02,"15H",NA,2,"Stagecoach East London",1222000,1432222,1442500,NA,25.4,NA,NA,NA,"Stagecoach",5,NA,1
"1319","263","263",18,"PB",11.3333333333333,40,83,"Daily",11,2015-06-02,"263",NA,1,"Metroline",4225224,4478000,4478000,NA,5.36,NA,NA,"Part of a joint bid with routes 91/N91 & 307/N307 totalling POUNDS12009000 per annum.","Metroline",5,"12009000",1
"1320","307/N307","307",9,"PB",20.25,36,53,NA,10,2015-06-02,"307","N307",5,"Metroline",3219783,3420000,3913167,NA,4.82,NA,NA,"Part of a joint bid with routes 91/N91 & 263 totalling POUNDS12009000 per annum.","Metroline",5,"12009000",1
"1321","47/N47","47",11,"TL",21.6,47.5,78.5,NA,9,2015-06-02,"47","N47",2,"Stagecoach Selkent",4817250,4817250,5240864,NA,6.46,NA,NA,NA,"Stagecoach",5,NA,1
"1322","91/N91","91",23,"HT",9.33333333333333,35,70,"Daily",6,2015-06-02,"91","N91",1,"Metroline",4563993,4621000,4621000,NA,5.84,NA,NA,"Part of a joint bid with routes 263 & 307/N307 totalling POUNDS12009000 per annum.","Metroline",5,"12009000",0
"1323","91/N91","N91",23,"HT",9.33333333333333,35,70,"Daily",6,2015-06-02,"91","N91",1,"Metroline",4563993,4621000,4621000,NA,5.84,NA,NA,"Part of a joint bid with routes 263 & 307/N307 totalling POUNDS12009000 per annum.","Metroline",5,"12009000",1
"1324","151","151",14,"A",16.6666666666667,34,68,"Daily",9,2015-06-17,"151",NA,2,"London General",3308368,3588368,3701000,NA,5.25,NA,NA,"Part of a joint bid with routes 8093154163 & 164 at a total cost of POUNDS22414978 per annum.","GoAhead",7,"22414978",1
"1325","154","154",10,"A",17.5,35,57,NA,11,2015-06-17,"154",NA,2,"London General",3633779,3828859,3921779,NA,5.04,NA,NA,"Part of a joint bid with routes 8093151163 & 164 at a total cost of POUNDS22414978 per annum.","GoAhead",7,"22414978",1
"1326","163","163",12,"AL",11.3333333333333,17,53,"Daily",5,2015-06-17,"163",NA,1,"London General",2786301,2976301,2976301,NA,6,NA,NA,"Part of a joint bid with routes 8093151154 & 164 at a total cost of POUNDS22414978 per annum.","GoAhead",7,"22414978",1
"1327","164","164",12,"AL",13.3333333333333,25,58,"Daily",6,2015-06-17,"164",NA,2,"London General",2813431,2866491,2927431,NA,5.73,NA,NA,"Part of a joint bid with routes 8093151154 & 163 at a total cost of POUNDS22414978 per annum.","GoAhead",7,"22414978",1
"1328","184","184",19,"WN",11,38,73,"Daily",10,2015-06-17,"184",NA,4,"Arriva London North",4004000,4026000,4540088,NA,4.82,NA,NA,NA,"Arriva",7,NA,1
"1329","80","80",16,"A",12.6666666666667,28,63,"Daily",9,2015-06-17,"80",NA,2,"London General",3583625,3404414,3819625,NA,4.64,"Joint bid","Lower joint bid","Part of a joint bid with routes 93151154163 & 164 at a total cost of POUNDS22414978 per annum.","GoAhead",7,"22414978",1
"1330","93","93",13,"A",17.6,32,59.5,NA,9,2015-06-17,"93",NA,2,"London General",6289474,6470000,7079588,NA,5.89,NA,NA,"Part of a joint bid with routes 80151154163 & 164 at a total cost of POUNDS22414978 per annum.","GoAhead",7,"22414978",1
"1331","229","229",14,"DT",13.3333333333333,40,91,"Daily",13,2015-07-01,"229",NA,2,"Arriva Kent Thameside",4696412,4825000,5056193,NA,4.81,NA,NA,"Part of a joint bid with routes 469 492 B12 & B13 totalling POUNDS10945900 per annum.","Arriva",10,"10945900",1
"1332","353","353",7,"MB",26.6666666666667,30,63,"Daily",10,2015-07-01,"353",NA,2,"Metrobus",1891500,2029047,2181750,NA,4.14,NA,NA,"Part of joint bid with route 654 totalling POUNDS1950000 pa.","GoAhead",10,"1950000",1
"1333","359","359",3,"C",30,20,37,"Daily",6,2015-07-01,"359",NA,2,"Metrobus",571162,592162,706150,NA,4.58,NA,NA,NA,"GoAhead",10,NA,1
"1334","469","469",9,"DT",18.3333333333333,34,59,"Daily",9,2015-07-01,"469",NA,3,"Arriva Kent Thameside",2073154,2065500,2285040,NA,4.33,"Joint bid discount.",NA,"Part of a joint bid with routes 229 492 B12 & B13 totalling POUNDS10945900 per annum.","Arriva",10,"10945900",1
"1335","492","492",6,"DT",40,50,94,"Daily",14,2015-07-01,"492",NA,2,"Arriva Kent Thameside",1571699,1614900,1799709,NA,4.49,NA,NA,"Part of a joint bid with routes 229 469 B12 & B13 totalling POUNDS10945900 per annum.","Arriva",10,"10945900",1
"1336","616","616",2,"NP",NA,NA,NA,"Monday to Friday",7,2015-07-01,"616",NA,2,"London General",158000,170000,198759,NA,29.04,NA,NA,NA,"GoAhead",10,NA,1
"1337","654","654",1,"MB",NA,NA,NA,"Monday to Friday",10,2015-07-01,"654",NA,2,"Metrobus",58500,75000,120000,NA,14.39,NA,NA,"Part of a joint bid with route 353 totalling POUNDS1950000 pa.","GoAhead",10,"1950000",1
"1338","B12","B12",7,"DT",30,35,62,"Daily",9,2015-07-01,"B12",NA,2,"Arriva Kent Thameside",1358386,1440000,1500000,NA,3.94,NA,NA,"Part of a joint bid with routes 229 469 492 & B13 totalling POUNDS10945900 per annum.","Arriva",10,"10945900",1
"1339","B13","B13",6,"DT",25,23,40,"Daily",6,2015-07-01,"B13",NA,2,"Arriva Kent Thameside",1245643,1275000,1280000,NA,4.44,NA,NA,"Part of a joint bid with routes 229 469 492 & B12 totalling POUNDS10945900 per annum.","Arriva",10,"10945900",1
"1340","W10","W10",1,"NP",60,15,19,"Monday to Saturday",4,2015-07-01,"W10",NA,2,"London General",65000,110000,129239,NA,5.99,NA,NA,NA,"GoAhead",10,NA,1
"1341","187","187",12,"WJ",14,40,69,"Daily",8,2015-07-14,"187",NA,3,"Metroline West",3128000,3245932,3429000,NA,5.57,NA,NA,"Part of a joint bid with route 487 at a total cost of POUNDS5589000 per annum.","Metroline",3,"5589000",1
"1342","487","487",11,"ON",16.6666666666667,35,69,"Daily",9,2015-07-14,"487",NA,3,"Metroline West",2461000,2483000,2782590,NA,4.65,NA,NA,"Part of a joint bid with route 187 at a total cost of POUNDS5589000 per annum.","Metroline",3,"5589000",1
"1343","C10","C10",22,"WL",10.6666666666667,39,80,"Daily",8,2015-07-14,"C10",NA,2,"Abellio London",4526441,4526441,4821240,NA,5.67,NA,NA,NA,"Abellio",3,NA,0
"1344","N97","N97",4,"X",25,28,47,"Nights",6,2015-07-15,NA,"N97",5,"Tower Transit",375453,375453,450000,NA,5.22,NA,NA,NA,"TowerTransit",1,NA,0
"1345","162","162",8,"MB",18.3333333333333,42,80,"Daily",12,2015-07-28,"162",NA,3,"Metrobus",2624632,2699795,2971500,NA,4.21,NA,NA,NA,"GoAhead",3,NA,1
"1346","367","367",10,"BC",28.3333333333333,41,82,"Daily",11,2015-07-28,"367",NA,2,"Abellio London",2039735,2039735,2116366,NA,4.76,NA,NA,NA,"Abellio",3,NA,1
"1347","484","484",11,"WL",14,27,53,"Daily",7,2015-07-28,"484",NA,2,"Abellio London",2838711,2819348,3087982,NA,5.8,"Good performance of incumbent operator","Good performance incumbent",NA,"Abellio",3,NA,1
"1348","H32","H32",7,"AV",17.5,21,38.5,NA,6,2015-07-29,"H32",NA,3,"London United",2755906,3005362,3091000,NA,6.79,NA,NA,"Part of a joint bid with route H91 totalling POUNDS5916500 per annum.","RATP",2,"5916500",1
"1349","H91","H91",14,"V",13.3333333333333,26,71,"Daily",8,2015-07-29,"H91",NA,3,"London United",3160594,3140000,3383407,NA,5.8,"Joint bid discount","Lower joint bid","Part of a joint bid with route H32 totalling POUNDS5916500 per annum.","RATP",2,"5916500",1
"1350","129","129",7,"MG",16.6666666666667,11,26,"Daily",2,2015-08-18,"129",NA,2,"London Central",1504409,1568409,1624250,NA,7.86,NA,NA,NA,"GoAhead",7,NA,1
"1351","28/N28","28",18,"X",12,37,94,"Daily",7,2015-08-18,"28","N28",2,"Tower Traansit",5892771,6081964,6550000,NA,7.01,NA,NA,"Part of a joint bid with routes 69/N69 & 328 totalling &15842750 per annum.","TowerTransit",7,"15842750",0
"1352","328","328",18,"X",11.6666666666667,36,95,"Daily",8,2015-08-18,"328",NA,1,"Tower Transit",5972548,6087921,6087921,NA,7.33,NA,NA,"Part of a joint bid with routes 28/N28 69/N69 totalling POUNDS15842750 per annum.","TowerTransit",7,"15842750",1
"1353","345/N345","345",24,"QB",18.8,43,93,NA,9,2015-08-18,"345","N345",2,"Abellio London",6097472,6297391,6991105,NA,6.26,NA,NA,NA,"Abellio",7,NA,1
"1354","35/N35","35",20,"Q",16.6,44.5,80,NA,8,2015-08-18,"35","N35",2,"London Central",5779721,5717281,5991811,NA,7.72,"Garage capacity constraints.","Garage capacity constraints","Part of a joint bid with route 40 totalling POUNDS10029617 per annum.","GoAhead",7,"10029617",1
"1355","40","40",20,"Q",12.6666666666667,30,67,"Daily",6,2015-08-18,"40",NA,2,"London Central",4312336,4205084,4470765,NA,8.64,"Garage capacity constraints.","Garage capacity constraints","Part of a joint bid with route 35/N35 totalling POUNDS10029617 per annum","GoAhead",7,"10029617",1
"1356","28/N28","N28",18,"X",12,37,94,"Daily",7,2015-08-18,"28","N28",2,"Tower Traansit",5892771,6081964,6550000,NA,7.01,NA,NA,"Part of a joint bid with routes 69/N69 & 328 totalling &15842750 per annum.","TowerTransit",7,"15842750",1
"1357","W5","W5",7,"HK",17.3333333333333,18,34,"Daily",4,2015-08-18,"W5",NA,3,"CT Plus",1399162,1500463,1595000,NA,5.71,NA,NA,NA,"HCT",7,NA,1
"1358","377","377",4,"E",45.5,24,41,"Monday to Saturday",6,2015-09-09,"377",NA,4,"Arriva London North",676000,685373,817000,NA,5.83,NA,NA,NA,"Arriva",3,NA,1
"1359","481","481",4,"TF",45,39,69,"Daily",8,2015-09-09,"481",NA,2,"Abellio London West",731827,842895,1045000,NA,5.08,NA,NA,NA,"Abellio",3,NA,1
"1360","P5","P5",9,"WL",18.3333333333333,34,59,"Daily",6,2015-09-09,"P5",NA,2,"London Central",2135253,2143622,2223732,NA,6.46,NA,NA,NA,"GoAhead",3,NA,0
"1361","507","507",15,"RA",10.6666666666667,10,26,"Daily",2,2015-09-15,"507",NA,2,"London General",2672859,2942473,3373616,NA,9.17,NA,NA,"Part of a joint bid with route 521 totalling POUNDS7033839 per annum","GoAhead",2,"7033839",1
"1362","521","521",27,"RA",11,21,35,"Monday to Friday",3,2015-09-15,"521",NA,1,"London General",4360980,4627743,4627743,NA,11.82,NA,NA,"Part of a joint bid with route 507 totalling POUNDS7033839 per annum","GoAhead",2,"7033839",1
"1363","53/N53","53",29,"PD",10.6666666666667,49,120,"Daily",11,2015-09-22,"53","N53",2,"Stagecoach Selkent",8113750,8196750,8823947,NA,5.9,NA,NA,NA,"Stagecoach",1,NA,0
"1364","53/N53","N53",29,"PD",10.6666666666667,49,120,"Daily",11,2015-09-22,"53","N53",2,"Stagecoach Selkent",8113750,8196750,8823947,NA,5.9,NA,NA,NA,"Stagecoach",1,NA,1
"1365","145","145",11,"BK",18,49,72.5,NA,12,2015-10-07,"145",NA,4,"Stagecoach East London",4059844,4230464,4475000,NA,5.02,NA,NA,NA,"Stagecoach",12,NA,1
"1366","147","147",21,"RR",10,36,68,"Daily",7,2015-10-07,"147",NA,3,"Docklands Buses",4860856,4605125,5050500,NA,7.46,"Garage capacity constraints","Garage capacity constraints",NA,"GoAhead",12,NA,1
"1367","25/N25","25",31,"BW",8,54,100,"Daily",11,2015-10-07,"25","N25",2,"Tower Transit",18170049,18445000,18779891,NA,7.77,NA,NA,NA,"TowerTransit",12,NA,0
"1368","26/N26","26",21,"HK",10.6666666666667,28,73,"Daily",7,2015-10-07,"26","N26",4,"CT Plus",4446038,4446038,5880250,NA,6.34,NA,NA,NA,"HCT",12,NA,0
"1369","294","294",12,"NS",17.3333333333333,37,69,"Daily",10,2015-10-07,"294",NA,1,"Stagecoach East London",2872500,2872500,2872500,NA,4.98,NA,NA,NA,"Stagecoach",12,NA,1
"1370","366","366",18,"BK",13.3333333333333,52,84,"Daily",11,2015-10-07,"366",NA,3,"Stagecoach East London",3946740,4082076,4387767,NA,4.43,NA,NA,NA,"Stagecoach",12,NA,1
"1371","368","368",10,"DX",17,23,49,"Daily",6,2015-10-07,"368",NA,3,"Arriva London North",2205407,2238407,2425750,NA,5.51,NA,NA,NA,"Arriva",12,NA,1
"1372","463","463",9,"EB",29.3333333333333,46,84,"Daily",13,2015-10-07,"463",NA,2,"Quality Line",2233980,2200000,2405758,NA,4.37,"Joint bid","Lower joint bid","Part of a joint bid with routes 467 and K5 at a total cost of POUNDS3679328 per annum.","RATP",12,"3679328",1
"1373","62","62",16,"BK",13.3333333333333,34,81,"Daily",9,2015-10-07,"62",NA,3,"Stagecoach East London",3731750,3744250,3822714,NA,5.75,NA,NA,NA,"Stagecoach",12,NA,1
"1374","687","687",1,"RR",NA,NA,NA,"Monday to Friday",12,2015-10-07,"687",NA,2,"Docklands Buses",79998,87998,97500,NA,42.96,NA,NA,NA,"GoAhead",12,NA,1
"1375","69/N69","69",9,"LI",18.6,30.5,56.5,NA,9,2015-10-07,"69","N69",4,"Tower Transit",3977431,3848920,4730567,NA,5.97,"Garage capacity restraints","Garage capacity constraints",NA,"TowerTransit",12,NA,1
"1376","86/N86","86",31,"NS",8.66666666666667,41,80,"Daily",10,2015-10-07,"86","N86",3,"Stagecoach East London",7252250,7882750,8019138,NA,5.63,NA,NA,"Part of a joint bid with routes 62 145 294 & 366 totalling POUNDS21853084 per annum ","Stagecoach",12,"21853084",0
"1377","25/N25","N25",31,"BW",8,54,100,"Daily",11,2015-10-07,"25","N25",2,"Tower Transit",18170049,18445000,18779891,NA,7.77,NA,NA,NA,"TowerTransit",12,NA,0
"1378","26/N26","N26",21,"HK",10.6666666666667,28,73,"Daily",7,2015-10-07,"26","N26",4,"CT Plus",4446038,4446038,5880250,NA,6.34,NA,NA,NA,"HCT",12,NA,1
"1379","86/N86","N86",31,"NS",8.66666666666667,41,80,"Daily",10,2015-10-07,"86","N86",3,"Stagecoach East London",7252250,7882750,8019138,NA,5.63,NA,NA,"Part of a joint bid with routes 62 145 294 & 366 totalling POUNDS21853084 per annum ","Stagecoach",12,"21853084",1
"1380","146","146",1,"TB",62,22,28,"Daily",6,2015-10-22,"146",NA,2,"Stagecoach Selkent",324125,360000,567000,NA,4.29,NA,NA,"Part of a joint bid with route 336 totalling POUNDS2582750 per annum.","Stagecoach",7,"2582750",1
"1381","336","336",10,"TB",18.3333333333333,33,69,"Daily",11,2015-10-22,"336",NA,2,"Stagecoach Selkent",2258625,2301500,2443045,NA,4.48,NA,NA,"Part of a joint bid with route 146 totalling POUNDS2582750 per annum.","Stagecoach",7,"2582750",1
"1382","344/N344","344",15,"QB",19.5,37,60,NA,6,2015-10-22,"344","N344",2,"Abellio London",6070957,6117145,6843809,NA,7.1,NA,NA,NA,"Abellio",7,NA,1
"1383","417","417",12,"N",13.3333333333333,23,49,"Daily",5,2015-10-22,"417",NA,3,"Arriva London South",2761000,2831000,3100000,NA,6.36,NA,NA,NA,"Arriva",7,NA,1
"1384","618","618",2,"BT",NA,NA,NA,"Monday to Friday",10,2015-10-22,"618",NA,3,"London Sovereign",150500,150500,169000,NA,18.9,NA,NA,NA,"Stagecoach",7,NA,1
"1385","619","619",1,"BT",NA,NA,NA,"Monday to Friday",8,2015-10-22,"619",NA,3,"London Sovereign",74000,74000,84500,NA,22.24,NA,NA,NA,"Stagecoach",7,NA,1
"1386","64","64",13,"TH",19.6,39,60.5,NA,11,2015-10-22,"64",NA,3,"Arriva London South",4888000,5003000,5614918,NA,4.57,NA,NA,NA,"Arriva",7,NA,1
"1387","213/N213","213",10,"A",19.4,30.5,56.5,NA,9,2015-11-04,"213","N213",2,"London General",4682000,4910510,5514348,NA,5.27,NA,NA,NA,"GoAhead",11,NA,1
"1388","265","265",12,"TV",14,33,69,"Daily",11,2015-11-04,"265",NA,2,"London United",2830452,2819311,2978000,NA,4.22,"Joint bid discount.","Lower joint bid","Part of a joint bid with routes 65/N65 85/N85 & 371 totalling POUNDS17265000 per annum.","RATP",11,"17265000",1
"1389","371","371",11,"FW",12.3333333333333,30,58,"Daily",8,2015-11-04,"371",NA,2,"London United",3387419,3370610,3700000,NA,5.17,"Joint bid discount.","Lower joint bid","Part of a joint bid with routes 65/N65 85/N85 & 265 totalling POUNDS17265000 per annum.","RATP",11,"17265000",1
"1390","57/N57","57",14,"AL",18.8,44.5,77.5,NA,11,2015-11-04,"57","N57",2,"London General",6560000,6800000,7570000,NA,6.02,NA,NA,NA,"GoAhead",11,NA,1
"1391","65/N65","65",27,"FW",8.66666666666667,33,75,"Daily",10,2015-11-04,"65","N65",4,"London United",6641774,6917761,7300000,NA,5.74,NA,NA,"Part of a joint bid with routes 85/N85 265 & 371 totalling POUNDS17265000 per annum.","RATP",11,"17265000",0
"1392","85/N85","85",9,"TV",17.6,26,41.5,NA,7,2015-11-04,"85","N85",2,"London United",4405355,4200000,4595000,NA,5.88,"Joint bid discount.","Lower joint bid","Part of a joint bid with routes 65/N65 265 & 371 totalling POUNDS17265000 per annum.","RATP",11,"17265000",1
"1393","E2","E2",16,"AH",9.33333333333333,30,53,"Daily",6,2015-11-04,"E2",NA,3,"Metroline",3654000,3752703,3872000,NA,5.68,NA,NA,"Part of a joint bid with route E8 at a total cost of POUNDS7595000 per annum.","Metroline",11,"7595000",1
"1394","E5","E5",12,"GW",17.3333333333333,37,68,"Daily",8,2015-11-04,"E5",NA,4,"Abellio London West",2554448,2593348,2974000,NA,5.49,NA,NA,"Part of a joint bid with routes E7 and E9 at a total cost of POUNDS6946070 per annum.","Abellio",11,"6946070",1
"1395","E7","E7",11,"GW",20.6666666666667,30,65,"Daily",9,2015-11-04,"E7",NA,4,"Abellio London West",2481398,2490000,2698000,NA,4.74,NA,NA,"Part of a joint bid with routes E5 and E9 at a total cost of POUNDS6946070 per annum.","Abellio",11,"6946070",1
"1396","E8","E8",15,"AH",9.33333333333333,32,52,"Daily",7,2015-11-04,"E8",NA,4,"Metroline",3941000,3955000,4238767,NA,5.4,NA,NA,"Part of a joint bid with route E2 at a total cost of POUNDS7595000 per annum.","Metroline",11,"7595000",1
"1397","E9","E9",8,"GW",17.3333333333333,28,45,"Daily",6,2015-11-04,"E9",NA,3,"Abellio London West",1910224,2024814,2262000,NA,5.09,NA,NA,"Part of a joint bid with routes E5 and E7 at a total cost of POUNDS6946070 per annum.","Abellio",11,"6946070",1
"1398","65/N65","N65",27,"FW",8.66666666666667,33,75,"Daily",10,2015-11-04,"65","N65",4,"London United",6641774,6917761,7300000,NA,5.74,NA,NA,"Part of a joint bid with routes 85/N85 265 & 371 totalling POUNDS17265000 per annum.","RATP",11,"17265000",1
"1399","114/N114","114",11,"UX",17.5,42,63.5,NA,12,2015-12-04,"114","N114",2,"Metroline",4781785,4991100,5023000,NA,5.05,NA,NA,"Part of a joint bid with routes 83/N83 117 140/N140 182 & 483 totalling POUNDS31001031 per annum.","Metroline",15,"31001031",1
"1400","117","117",10,"AH",27.6666666666667,48,91,"Daily",10,2015-12-04,"117",NA,4,"Metroline",1931454,2082222,2193000,NA,5.12,NA,NA,"Part of a joint bid with routes 83/N83 114/N114 140/N140 182 & 483 totalling POUNDS31001031 per annum.","Metroline",15,"31001031",1
"1401","140/N140","140",21,"HD",10.6666666666667,38,73,"Daily",10,2015-12-04,"140","N140",1,"Metroline",7650799,7985700,7985700,NA,4.88,NA,NA,"Part of a joint bid with routes 83/N83 114/N114 117 182 & 483 totalling POUNDS31001031 per annum.","Metroline",15,"31001031",0
"1402","182","182",23,"HD",10.6666666666667,47,88,"Daily",11,2015-12-04,"182",NA,1,"Metroline",5819558,6074300,6074300,NA,5.07,NA,NA,"Part of a joint bid with routes 83/N83 114/N114 117 140/N140 & 483 totalling POUNDS31001031 per annum.","Metroline",15,"31001031",1
"1403","183/N183","183",13,"SO",14.5,36.5,61.5,NA,11,2015-12-04,"183","N183",2,"London Sovereign",5674000,5880000,6037275,NA,5.45,NA,NA,NA,"Stagecoach",15,NA,1
"1404","203","203",7,"AV",26.6666666666667,34,63,"Daily",10,2015-12-04,"203",NA,3,"London United",1726500,1777601,1950000,NA,4.7,NA,NA,NA,"RATP",15,NA,1
"1405","251","251",13,"BT",17.3333333333333,29,57,"Daily",9,2015-12-04,"251",NA,4,"London Sovereign",2498000,2590648,2834397,NA,4.47,NA,NA,NA,"Stagecoach",15,NA,1
"1406","315","315",4,"SW",26.6666666666667,16,38,"Daily",4,2015-12-04,"315",NA,2,"London General",1037579,1028827,1079623,NA,7.17,"Good performance of incumbent","Good performance incumbent",NA,"GoAhead",15,NA,1
"1407","340","340",9,"AD",17.3333333333333,24,50,"Daily",6,2015-12-04,"340",NA,3,"Arriva the Shires",2046695,2046695,2204000,NA,5.19,NA,NA,NA,"Arriva",15,NA,1
"1408","398","398",3,"RP",30,22,47,"Daily",6,2015-12-04,"398",NA,2,"London Sovereign",799000,845000,921500,NA,4.82,NA,NA,NA,"Stagecoach",15,NA,1
"1409","483","483",21,"ON",10.6666666666667,45,89,"Daily",11,2015-12-04,"483",NA,3,"Metroline Travel",5893521,6055138,6755000,NA,6.28,NA,NA,"Part of a joint bid with routes 83/N83 114/N114 117 140/N140 & 182 totalling POUNDS31001031 per annum.","Metroline",15,"31001031",1
"1410","697","697",4,"AV",NA,NA,NA,"Monday to Friday",8,2015-12-04,"697",NA,1,"London United",250250,320000,320000,NA,25.64,NA,NA,NA,"RATP",15,NA,1
"1411","83/N83","83",19,"ON",10,34,71,"Daily",8,2015-12-04,"83","N83",2,"Metroline West",4923914,5487000,5641000,NA,6.14,NA,NA,"Part of a joint bid with routes 114/N114 117 140/N140 182 & 483 totalling POUNDS31001031 per annum.","Metroline",15,"31001031",0
"1412","H9/H10","H10",9,"SO",13.3333333333333,36,80,NA,10,2015-12-04,"H9/H10",NA,2,"London Sovereign",3279000,3441000,3599700,NA,4.44,NA,NA,NA,"Stagecoach",15,NA,0
"1413","H11","H11",7,"SO",20,21,46,"Daily",7,2015-12-04,"H11",NA,2,"London Sovereign",1456000,1528000,1650200,NA,4.49,NA,NA,NA,"Stagecoach",15,NA,1
"1414","H9/H10","H9",9,"SO",13.3333333333333,36,80,NA,10,2015-12-04,"H9/H10",NA,2,"London Sovereign",3279000,3441000,3599700,NA,4.44,NA,NA,NA,"Stagecoach",15,NA,1
"1415","140/N140","N140",21,"HD",10.6666666666667,38,73,"Daily",10,2015-12-04,"140","N140",1,"Metroline",7650799,7985700,7985700,NA,4.88,NA,NA,"Part of a joint bid with routes 83/N83 114/N114 117 182 & 483 totalling POUNDS31001031 per annum.","Metroline",15,"31001031",1
"1416","83/N83","N83",19,"ON",10,34,71,"Daily",8,2015-12-04,"83","N83",2,"Metroline West",4923914,5487000,5641000,NA,6.14,NA,NA,"Part of a joint bid with routes 114/N114 117 140/N140 182 & 483 totalling POUNDS31001031 per annum.","Metroline",15,"31001031",1
"1417","137/N137","137",22,"N",8.33333333333333,30,62,"Daily",7,2015-12-16,"137","N137",1,"Arriva London South",6591800,6591800,6591800,NA,6.46,NA,NA,NA,"Arriva",11,NA,0
"1418","148/N148","148",15,"S",15.6,37.5,64.5,NA,9,2015-12-16,"148","N148",3,"London United",5853000,5853000,6532982,NA,6,NA,NA,NA,"RATP",11,NA,1
"1419","156","156",15,"QB",11.3333333333333,33,67,"Daily",7,2015-12-16,"156",NA,2,"Abellio London",3960061,4163570,4400000,NA,5.77,NA,NA,NA,"Abellio",11,NA,1
"1420","160","160",12,"DT",20,39,93,"Daily",10,2015-12-16,"160",NA,3,"Arriva Kent Thameside",2866172,2964172,3250000,NA,5.45,NA,NA,"Part of a joint bid with route 660 totalling POUNDS2936500 per annum.","Arriva",11,"2936500",1
"1421","199","199",12,"TL",15,29,60,"Daily",7,2015-12-16,"199",NA,1,"Stagecoach Selkent",2639771,2715000,2715000,NA,5.57,NA,NA,"Part of a joint bid with route N199 totalling POUNDS3251271 per annum.","Stagecoach",11,"3251271",1
"1422","381/N381","381",19,"WL",12.3333333333333,40,92,"Daily",8,2015-12-16,"381","N381",2,"Abellio London",4914503,4988636,5022286,NA,6.36,NA,NA,NA,"Abellio",11,NA,0
"1423","660","660",1,"DT",NA,NA,NA,"Monday to Friday",5,2015-12-16,"660",NA,3,"Arriva Kent Thameside",70328,97680,2e+05,NA,28.39,NA,NA,"Part of a joint bid with route 160 totalling POUNDS2936500 per annum.","Arriva",11,"2936500",1
"1424","72/N72","72",17,"S",10.6666666666667,16,39,"Daily",4,2015-12-16,"72","N72",1,"London United",4686000,4713000,4713000,NA,6.54,NA,NA,NA,"RATP",11,NA,0
"1425","137/N137","N137",22,"N",8.33333333333333,30,62,"Daily",7,2015-12-16,"137","N137",1,"Arriva London South",6591800,6591800,6591800,NA,6.46,NA,NA,NA,"Arriva",11,NA,1
"1426","N199","N199",12,"TL",25,84,109,"Nights",22,2015-12-16,NA,"N199",2,"Stagecoach Selkent",611500,717849,751000,NA,5.57,NA,NA,"Part of a joint bid with route 199 totalling POUNDS3251271 per annum.","Stagecoach",11,"3251271",0
"1427","381/N381","N381",19,"WL",12.3333333333333,40,92,"Daily",8,2015-12-16,"381","N381",2,"Abellio London",4914503,4988636,5022286,NA,6.36,NA,NA,NA,"Abellio",11,NA,1
"1428","72/N72","N72",17,"S",10.6666666666667,16,39,"Daily",4,2015-12-16,"72","N72",1,"London United",4686000,4713000,4713000,NA,6.54,NA,NA,NA,"RATP",11,NA,1
"1429","P13","P13",12,"WL",18.3333333333333,43,80,"Daily",10,2015-12-16,"P13",NA,2,"Abellio London",2532630,2520000,2549525,NA,5.72,"Acceptable increment to retain incumbent.","Good performance incumbent",NA,"Abellio",11,NA,1
"1430","690",NA,NA,NA,NA,NA,NA,NA,NA,2015-12-16,"690",NA,2,"Arriva London South",112400,200979,202400,NA,17.47,NA,NA,NA,"Arriva",11,NA,1
"1431","608","608",3,"RR",NA,NA,NA,"Monday to Friday",7,2016-01-13,"608",NA,2,"Blue Triangle",284293,302750,310000,NA,34.91,NA,NA,"Part of a joint bid with routes 646 648 652 656 679 & 686 totalling POUNDS1439060 per annum.","GoAhead",7,"1439060",1
"1432","646","646",3,"RR",NA,NA,NA,"Monday to Friday",8,2016-01-13,"646",NA,2,"Blue Triangle",241762,275000,280750,NA,23.68,NA,NA,"Part of a joint bid with routes 608 648 652 656 679 & 686 totalling POUNDS1439060 per annum.","GoAhead",7,"1439060",1
"1433","648","648",2,"RR",NA,NA,NA,"Monday to Friday",5,2016-01-13,"648",NA,2,"Blue Triangle",155418,173250,175000,NA,34.41,NA,NA,"Part of a joint bid with routes 608 646 652 656 679 & 686 totalling POUNDS1439060 per annum.","GoAhead",7,"1439060",1
"1434","652","652",2,"RR",NA,NA,NA,"Monday to Friday",8,2016-01-13,"652",NA,2,"Blue Triangle",139589,167750,185000,NA,31.4,NA,NA,"Part of a joint bid with routes 608 646 648 656 679 & 686 totalling POUNDS1439060 per annum.","GoAhead",7,"1439060",1
"1435","656","656",2,"RR",NA,NA,NA,"Monday to Friday",8,2016-01-13,"656",NA,2,"Blue Triangle",164053,220000,272250,NA,30.06,NA,NA,"Part of a joint bid with routes 608 646 648 652 679 & 686 totalling POUNDS1439060 per annum.","GoAhead",7,"1439060",1
"1436","679","679",4,"RR",NA,NA,NA,"Monday to Friday",10,2016-01-13,"679",NA,3,"Blue Triangle",284934,294750,320000,NA,33.96,NA,NA,"Part of a joint bid with routes 608 646 648 652 656 & 686 totalling POUNDS1439060 per annum.","GoAhead",7,"1439060",1
"1437","686","686",2,"RR",NA,NA,NA,"Monday to Friday",2,2016-01-13,"686",NA,2,"Blue Triangle",168370,172250,190000,NA,63.95,NA,NA,"Part of a joint bid with routes 608 646 648 652 656 & 679 totalling POUNDS1439060 per annum.","GoAhead",7,"1439060",1
"1438","107","107",11,"EW",21.6666666666667,38,78,"Daily",11,2016-02-09,"107",NA,3,"Metroline",2208911,2391323,2496000,NA,4.09,NA,NA,"Part of a joint bid with routes 16/N16 & 32 totalling POUNDS11052306 per annum.","Metroline",12,"11052306",1
"1439","16/N16","16",18,"W",9.33333333333333,31,58,"Daily",6,2016-02-09,"16","N16",1,"Metroline",4936141,5095000,5095000,NA,6.38,NA,NA,"Part of a joint bid with routes 32 & 107 totalling POUNDS11052306 per annum.","Metroline",12,"11052306",0
"1440","189/N189","189",10,"W",18.8,30,48.5,"24-hour service",6,2016-02-09,"189","N189",1,"Metroline",4018668,4148000,4148000,NA,6.52,NA,NA,"Part of a joint bid with route 316 totalling POUNDS7591194 per annum.","Metroline",12,"7591194",1
"1441","21/N21","21",27,"NX",11,42,95,"Daily",9,2016-02-09,"21","N21",1,"London Central",7172113,7650301,7650301,NA,7.15,NA,NA,"Part of a joint bid with routes 63/N63 321/N321 363 & P12 totalling POUNDS27393332 per annum.","GoAhead",12,"27393332",0
"1442","316","316",17,"W",10.6666666666667,37,61,"Daily",7,2016-02-09,"316",NA,2,"Metroline",3572526,4233000,4473000,NA,6.03,NA,NA,"Part of a joint bid with route 189/N189 totalling POUNDS7591194 per annum.","Metroline",12,"7591194",1
"1443","32","32",17,"EW",10.6666666666667,34,68,"Daily",7,2016-02-09,"32",NA,2,"Metroline",3907254,4060000,4233000,NA,6.47,NA,NA,"Part of a joint bid with routes 16/N16 & 107 totalling POUNDS11052306 per annum.","Metroline",12,"11052306",1
"1444","321/N321","321",17,"BX",19.2,34,80,NA,10,2016-02-09,"321","N321",2,"London Central",5321860,5594998,5918000,NA,5.5,NA,NA,"Part of a joint bid with routes 21/N21 63/N63 363 & P12 totalling POUNDS27393332 per annum.","GoAhead",12,"27393332",1
"1445","363","363",14,"PM",11.3333333333333,32,55,"Daily",7,2016-02-09,"363",NA,1,"London Central",3500416,3733800,3733800,NA,6.35,NA,NA,"Part of a joint bid with routes 21/N21 63/N63 321/N321 & P12 totalling POUNDS27393332 per annum.","GoAhead",12,"27393332",1
"1446","405D","405",10,"C",25,31,66,"Daily",11,2016-02-09,"405D",NA,2,"Arriva London South",105000,142000,172387,NA,51.42,NA,NA,NA,"Arriva",12,NA,1
"1447","450","450",19,"N",12.6666666666667,37,70,"Daily",9,2016-02-09,"450",NA,3,"Arriva London South",3893000,3893000,4071484,NA,5.74,NA,NA,NA,"Arriva",12,NA,1
"1448","63/N63","63",26,"PM",9.33333333333333,37,71,"Daily",7,2016-02-09,"63","N63",1,"London Central",7914613,8442305,8442305,NA,7.69,NA,NA,"Part of a joint bid with routes 21/N21 321/N321 363 & P12 totalling POUNDS27393332 per annum.","GoAhead",12,"27393332",0
"1449","16/N16","N16",18,"W",9.33333333333333,31,58,"Daily",6,2016-02-09,"16","N16",1,"Metroline",4936141,5095000,5095000,NA,6.38,NA,NA,"Part of a joint bid with routes 32 & 107 totalling POUNDS11052306 per annum.","Metroline",12,"11052306",1
"1450","21/N21","N21",27,"NX",11,42,95,"Daily",9,2016-02-09,"21","N21",1,"London Central",7172113,7650301,7650301,NA,7.15,NA,NA,"Part of a joint bid with routes 63/N63 321/N321 363 & P12 totalling POUNDS27393332 per annum.","GoAhead",12,"27393332",1
"1451","63/N63","N63",26,"PM",9.33333333333333,37,71,"Daily",7,2016-02-09,"63","N63",1,"London Central",7914613,8442305,8442305,NA,7.69,NA,NA,"Part of a joint bid with routes 21/N21 321/N321 363 & P12 totalling POUNDS27393332 per annum.","GoAhead",12,"27393332",1
"1452","P12","P12",14,"PM",17.3333333333333,35,74,"Daily",8,2016-02-09,"P12",NA,1,"London Central",3484330,3649928,3649928,NA,5.85,NA,NA,"Part of a joint bid with routes 21/N21 63/N63 321/N321 & 363 totalling POUNDS27393332 per annum.","GoAhead",12,"27393332",1
"1453","276","276",17,"SI",15.6666666666667,46,91,"Daily",9,2016-03-04,"276",NA,4,"Docklands Buses",4230034,4191000,4820266,NA,5.55,"Joint bid discount.","Lower joint bid","Part of a joint bid with routes 376 & D7 totalling POUNDS9106638 per annum.","GoAhead",9,"9106638",1
"1454","279/N279","279",29,"E",10,42,93,"Daily",9,2016-03-04,"279","N279",3,"Arriva London North",7870200,8216000,9219495,NA,6.3,NA,NA,"Part of a joint bid with routes 313 & W3/NW3 totalling POUNDS14944250 per annum.","Arriva",9,"14944250",0
"1455","313","313",7,"E",25,34,73,"Daily",11,2016-03-04,"313",NA,6,"Arriva London North",1772000,1698298,2012472,NA,4.2,"Joint bid discount.","Lower joint bid","Part of a joint bid with routes 279/N279 & W3/NW3 totalling POUNDS14944250 per annum.","Arriva",9,"14944250",1
"1456","346","346",3,"RR",22.5,7,17,"Monday to Saturday",3,2016-03-04,"346",NA,3,"Blue Triangle",510000,540000,642000,NA,4.82,NA,NA,NA,"GoAhead",9,NA,1
"1457","376","376",8,"SI",21.6666666666667,26,53,"Daily",6,2016-03-04,"376",NA,2,"Blue Triangle",1621892,1853993,1988250,NA,5.79,NA,NA,"Part of a joint bid with routes 276 & D7 totalling POUNDS9106638 per annum.","GoAhead",9,"9106638",1
"1458","D3","D3",14,"WH",15,30,59,"Daily",7,2016-03-04,"D3",NA,4,"Stagecoach East London",2903000,2758478,3185515,NA,6.13,"Volume of additional work.","Volume additional work",NA,"Stagecoach",9,NA,1
"1459","D7","D7",15,"SI",10.3333333333333,22,45,"Daily",5,2016-03-04,"D7",NA,4,"Docklands Buses",3254712,3089659,3724379,NA,5.79,"Volume of additional work.","Volume additional work","Part of a joint bid with routes 276 & 376 totalling POUNDS9106638 per annum.","GoAhead",9,"9106638",1
"1460","279/N279","N279",29,"E",10,42,93,"Daily",9,2016-03-04,"279","N279",3,"Arriva London North",7870200,8216000,9219495,NA,6.3,NA,NA,"Part of a joint bid with routes 313 & W3/NW3 totalling POUNDS14944250 per annum.","Arriva",9,"14944250",1
"1461","W19","W19",18,"AW",16.6666666666667,43,81,"Daily",7,2016-03-04,"W19",NA,5,"CT Plus",2815805,2815805,3297250,NA,5.83,NA,NA,NA,"HCT",9,NA,1
"1462","W3/NW3","W3",13,"WN",14.75,34,53,NA,8,2016-03-04,"W3/NW3",NA,2,"Arriva London North",5302050,5500000,5546000,NA,6.19,NA,NA,"Part of a joint bid with routes 279/N279 & 313 totalling POUNDS14944250 per annum.","Arriva",9,"14944250",1
"1463","1/N1","1",15,"MG",11.3333333333333,28,63,"Daily",6,2016-04-07,"1","N1",1,"London General",4683084,5040384,5040384,NA,7.09,NA,NA,"Part of a joint bid with route 108 totalling POUNDS9253877 per annum.","GoAhead",9,"9253877",0
"1464","132/N132","132",10,"BX",17.5,35,55,NA,10,2016-04-07,"132","N132",1,"London Central",3489411,4373675,4373675,NA,4.79,NA,NA,"Part of a joint bid with route 180 totalling POUNDS7571527 per annum.","GoAhead",9,"7571527",1
"1465","14/N14","14",16,"AF",13.4,36,83,NA,7,2016-04-07,"14","N14",1,"London General",8717431,8969276,8969276,NA,9.14,NA,NA,"Part of a joint bid with routes 39 74/N74 430 & 436 totalling POUNDS27551930 per annum.","GoAhead",9,"27551930",1
"1466","180","180",17,"MG",13.3333333333333,40,82,"Daily",11,2016-04-07,"180",NA,2,"London General",4082116,4630000,4788063,NA,5.04,NA,NA,"Part of a joint bid with route 132/N132 totalling POUNDS7571527 per annum.","GoAhead",9,"7571527",1
"1467","185","185",25,"Q",10.6666666666667,42,93,"Daily",10,2016-04-07,"185",NA,3,"London Central",6070668,6283500,6755931,NA,6.92,NA,NA,"Part of a joint bid with route 42 totalling POUNDS9744769 per annum.","GoAhead",9,"9744769",1
"1468","39","39",14,"PL",12,24,58,"Daily",5,2016-04-07,"39",NA,1,"London General",3590016,3749864,3749864,NA,6.24,NA,NA,"Part of a joint bid with routes 14 74/N74 430 & 436 totalling POUNDS27551930 per annum.","GoAhead",9,"27551930",1
"1469","430","430",13,"AF",11.3333333333333,28,69,"Daily",7,2016-04-07,"430",NA,2,"London General",4284325,4410820,4420000,NA,6.88,NA,NA,"Part of a joint bid with routes 14/N14 39 74/N74 & 436 totalling POUNDS27551930 per annum.","GoAhead",9,"27551930",1
"1470","639/670","639",2,"AF",NA,NA,NA,"Monday to Friday",7,2016-04-07,"639/670",NA,2,"London General",108470,181000,183092,NA,19.84,NA,NA,NA,"GoAhead",9,NA,0
"1471","639/670","670",2,"AF",NA,NA,NA,"Monday to Friday",7,2016-04-07,"639/670",NA,2,"London General",108470,181000,183092,NA,19.84,NA,NA,NA,"GoAhead",9,NA,1
"1472","74/N74","74",18,"AF",11.6666666666667,34,78,"Daily",7,2016-04-07,"74","N74",1,"London General",5725291,6479999,6479999,NA,7.35,NA,NA,"Part of a joint bid with routes 14/N14 39 430 & 436 totalling POUNDS27551930 per annum.","GoAhead",9,"27551930",0
"1473","1/N1","N1",15,"MG",11.3333333333333,28,63,"Daily",6,2016-04-07,"1","N1",1,"London General",4683084,5040384,5040384,NA,7.09,NA,NA,"Part of a joint bid with route 108 totalling POUNDS9253877 per annum.","GoAhead",9,"9253877",1
"1474","74/N74","N74",18,"AF",11.6666666666667,34,78,"Daily",7,2016-04-07,"74","N74",1,"London General",5725291,6479999,6479999,NA,7.35,NA,NA,"Part of a joint bid with routes 14/N14 39 430 & 436 totalling POUNDS27551930 per annum.","GoAhead",9,"27551930",1
"1475","290","290",7,"TF",23.3333333333333,33,64,"Daily",10,2016-04-13,"290",NA,2,"Abellio West London",1595352,1649497,1686000,NA,4.17,NA,NA,"Part of a joint bid with routes H20 U7 and U9 totalling POUNDS4559451 per annum.","Abellio",4,"4559451",1
"1476","H20","H20",6,"TF",17.3333333333333,20,29,"Daily",4,2016-04-13,"H20",NA,2,"Abellio West London",1261144,1286986,1433000,NA,5.34,NA,NA,"Part of a joint bid with routes 290 U7 and U9 totalling POUNDS4559451 per annum.","Abellio",4,"4559451",1
"1477","U7","U7",5,"WS",32,32,45,"Daily",6,2016-04-13,"U7",NA,2,"Abellio West London",1020861,1052746,1129000,NA,4.82,NA,NA,"Part of a joint bid with routes 290 H20 and U9 totalling POUNDS4559451 per annum.","Abellio",4,"4559451",1
"1478","U9","U9",3,"WS",40,17,24,"Daily",6,2016-04-13,"U9",NA,2,"Abellio West London",682094,637300,696086,NA,4.27,"Joint bid discount.","Lower joint bid","Part of a joint bid with routes 290 H20 and U7 totalling POUNDS4559451 per annum.","Abellio",4,"4559451",1
"1479","152","152",15,"AL",17.3333333333333,33,85,"Daily",8,2016-05-09,"152",NA,3,"London General",2891105,2997000,3328396,NA,6.21,NA,NA,NA,"GoAhead",7,NA,1
"1480","157","157",18,"N",17.3333333333333,41,95,"Daily",12,2016-05-09,"157",NA,3,"Arriva London South",4236000,4316000,4558917,NA,5.57,NA,NA,NA,"Arriva",7,NA,1
"1481","221","221",23,"WN",10.6666666666667,41,84,"Daily",11,2016-05-09,"221",NA,2,"Arriva London North",5598000,5692000,5806000,NA,5.9,NA,NA,NA,"Arriva",7,NA,1
"1482","38/N38","38",53,"CT",5,45,84,"Daily",7,2016-05-09,"38","N38",1,"Arriva London North",13597000,14114000,14114000,NA,7.71,NA,NA,NA,"Arriva",7,NA,0
"1483","413","413",8,"EB",25,21,58,"Daily",6,2016-05-09,"413",NA,2,"Quality Line",1596548,1596548,1679735,NA,5.39,NA,NA,NA,"RATP",7,NA,1
"1484","655","655",1,"AL",NA,NA,NA,"Monday to Friday",5,2016-05-09,"655",NA,2,"London General",84000,94000,111356,NA,47.7,NA,NA,NA,"GoAhead",7,NA,1
"1485","38/N38","N38",53,"CT",5,45,84,"Daily",7,2016-05-09,"38","N38",1,"Arriva London North",13597000,14114000,14114000,NA,7.71,NA,NA,NA,"Arriva",7,NA,1
"1486","931",NA,NA,NA,NA,NA,NA,NA,NA,2016-05-09,"931",NA,1,"Abellio London",7071,7071,7071,NA,8.69,NA,NA,NA,"Abellio",7,NA,1
"1487","133/N133","133",32,"BN",10.6666666666667,37,78,"Daily",7,2016-05-19,"133","N133",2,"Arriva London South",7389913,7581540,7663502,NA,7.97,NA,NA,"Part of a Joint Bid with routes 59 and 333 totalling POUNDS16877037 per annum.","Arriva",3,"16877037",0
"1488","333","333",16,"BN",11.3333333333333,33,68,"Daily",7,2016-05-19,"333",NA,2,"Arriva London South",3896000,3896000,4425295,NA,6.42,NA,NA,"Part of a Joint Bid with routes 59 and 133/N133 totalling POUNDS16877037 per annum.","Arriva",3,"16877037",1
"1489","59","59",25,"BN",10.3333333333333,31,68,"Daily",6,2016-05-19,"59",NA,2,"Arriva London South",5591124,6025000,6051000,NA,6.88,NA,NA,"Part of a Joint Bid with routes 133/N133 and 333 totalling POUNDS16877037 per annum.","Arriva",3,"16877037",1
"1490","133/N133","N133",32,"BN",10.6666666666667,37,78,"Daily",7,2016-05-19,"133","N133",2,"Arriva London South",7389913,7581540,7663502,NA,7.97,NA,NA,"Part of a Joint Bid with routes 59 and 333 totalling POUNDS16877037 per annum.","Arriva",3,"16877037",1
"1491","235","235",20,"AH",11.3333333333333,41,75,"Daily",9,2016-06-06,"235",NA,3,"Metroline",4216148,4287000,4479000,NA,4.66,NA,NA,"Part of a joint bid with route 237 totalling POUNDS8926000 per annum.","Metroline",4,"8926000",1
"1492","237","237",21,"AH",11.6666666666667,43,76,"Daily",9,2016-06-06,"237",NA,3,"Metroline",4709852,5019000,5210744,NA,5.5,NA,NA,"Part of a joint bid with route 235 totalling POUNDS8926000 per annum.","Metroline",4,"8926000",1
"1493","696","696",2,"AV",NA,NA,NA,"Monday to Friday",10,2016-06-06,"696",NA,1,"London United",161000,181000,181000,NA,16.36,NA,NA,NA,"RATP",4,NA,1
"1494","H26","H26",5,"TF",30,26,47,"Daily",6,2016-06-06,"H26",NA,2,"Abellio West London",1138513,1138513,1213000,NA,5.11,NA,NA,NA,"Abellio",4,NA,1
"1495","10/N10","10",23,"V",NA,NA,NA,"24-hour service",7,2016-06-28,"10","N10",3,"London United",5300000,5300000,5653542,NA,7.52,NA,NA,NA,"RATP",5,NA,1
"1496","259","259",19,"EC",9.66666666666667,33,73,"Daily",8,2016-06-28,"259",NA,2,"Arriva London North",5241995,5489000,6119038,NA,6.51,NA,NA,"Part of a Joint Bid with routes 48 and 242 totalling POUNDS14809185 per annum.","Arriva",5,"14809185",1
"1497","476","476",15,"NP",11.3333333333333,33,72,"Daily",7,2016-06-28,"476",NA,2,"London General",4909149,5330411,5344000,NA,7.29,NA,NA,"Part of a joint bid with route 76/76 totalling POUNDS10191242 per annum.","GoAhead",5,"10191242",1
"1498","76/N76","76",15,"NP",18.8,41.5,77.5,NA,8,2016-06-28,"76","N76",2,"London General",5282093,5541242,5552000,NA,6.13,NA,NA,"Part of a joint bid with route 476 totalling POUNDS10191242 per annum.","GoAhead",5,"10191242",1
"1499","89/N89","89",15,"BX",17.3333333333333,41,80,"Daily",11,2016-06-28,"89","N89",1,"London Central",5036967,5317863,5317863,NA,5.45,NA,NA,NA,"GoAhead",5,NA,0
"1500","89/N89","N89",15,"BX",17.3333333333333,41,80,"Daily",11,2016-06-28,"89","N89",1,"London Central",5036967,5317863,5317863,NA,5.45,NA,NA,NA,"GoAhead",5,NA,1
"1501","436","436",21,"NX",11.3333333333333,41,89,"Daily",7,2016-07-13,"436",NA,2,"London Central",5234867,5137078,5989465,NA,7.57,"Joint bid discount.","Lower joint bid","Part of a joint bid with routes 14/N14 39 74/N74 & 430 totalling POUNDS27551930 per annum.","GoAhead",1,"27551930",1
"1502","108/N108","108",10,"MG",20,41.5,70,"24-hour service",10,2016-07-19,"108","N108",3,"London Central",4570793,4547639,4959411,NA,4.83,"Joint bid discount.","Lower joint bid","Part of a joint bid with route 1/N1 totalling POUNDS9253877 per annum.","GoAhead",2,"9253877",1
"1503","42","42",13,"Q",15,33,72,"Daily",7,2016-07-19,"42",NA,3,"London Central",3674101,3427848,4088838,NA,7.32,"Joint bid discount.","Lower joint bid","Part of a joint bid with route 185 totalling POUNDS9744769 per annum.","GoAhead",2,"9744769",1
"1504","215","215",5,"T",26.6666666666667,22,43,"Daily",5,2016-07-29,"215",NA,3,"Stagecoach East London",1273250,1276444,1355865,NA,6.27,NA,NA,NA,"Stagecoach",13,NA,1
"1505","242/N242","242",17,"CT",10.6666666666667,30,56,"Daily",6,2016-07-29,"242","N242",1,"Arriva London North",5066275,5305000,5305000,NA,7.09,NA,NA,"Part of a Joint Bid with routes 48 and 259 totalling POUNDS14809185 per annum.","Arriva",13,"14809185",0
"1506","273","273",8,"TL",26.6666666666667,43,84,"Daily",11,2016-07-29,"273",NA,2,"Stagecoach Selkent",2021250,1985000,2021250,NA,4.96,"Good performance of incumbent.","Good performance incumbent",NA,"Stagecoach",13,NA,1
"1507","277/N277","277",23,"BW",9,34,65,"Daily",8,2016-07-29,"277","N277",3,"Stagecoach East London",6508395,6563000,7023903,NA,6.9,NA,NA,NA,"Stagecoach",13,NA,0
"1508","325","325",12,"DX",17.3333333333333,35,60,"Daily",8,2016-07-29,"325",NA,3,"Arriva London North",2584000,2633000,3230250,NA,5.02,NA,NA,NA,"Arriva",13,NA,1
"1509","380","380",14,"TL",14,41,66,"Daily",7,2016-07-29,"380",NA,2,"Stagecoach Selkent",3059500,3059500,3100000,NA,5.18,NA,NA,NA,"Stagecoach",13,NA,1
"1510","388","388",13,"HK",12,34,67,"Daily",6,2016-07-29,"388",NA,4,"CT Plus",3413139,3438931,3948000,NA,7.14,NA,NA,"Part of a Joint Bid with route 309 totalling POUNDS5300507 per annum.","HCT",13,"5300507",1
"1511","48","48",20,"AE",NA,NA,NA,"Daily",8,2016-07-29,"48",NA,3,"Arriva London South",4500915,4713000,4936500,NA,6.32,NA,NA,"Part of a joint bid with routes 242 and 259 totalling POUNDS14809185 per annum.","Arriva",13,"14809185",1
"1512","58","58",15,"LI",14,34,92,"Daily",8,2016-07-29,"58",NA,3,"Tower Transit",4447216,4420500,4856448,NA,7.26,"Joint bid discount.","Lower joint bid","Part of a Joint Bid with routes 308 W14 and W15 totalling POUNDS14733298 per annum.","TowerTransit",13,"14733298",1
"1513","97","97",21,"WH",11.6666666666667,33,81,"Daily",7,2016-07-29,"97",NA,4,"Stagecoach East London",4795500,5077250,5377080,NA,6.09,NA,NA,NA,"Stagecoach",13,NA,1
"1514","EL1/NEL1","EL1",11,"RR",17.2,24.5,38,NA,5,2016-07-29,"EL1/NEL1",NA,2,"Blue Triangle",3666901,3760000,4244000,NA,5.52,NA,NA,"Part of a Joint Bid with routes EL2 and EL3 totalling POUNDS9485000 per annum.","GoAhead",13,"9485000",1
"1515","EL2","EL2",15,"RR",12.6666666666667,28,51,"Daily",8,2016-07-29,"EL2",NA,2,"Blue Triangle",3116771,3200000,3429750,NA,5.08,NA,NA,"Part of a Joint Bid with routes EL1 and EL3 totalling POUNDS9485000 per annum.","GoAhead",13,"9485000",1
"1516","EL3","EL3",14,"RR",16.6666666666667,30,56,"Daily",7,2016-07-29,"EL3",NA,3,"Blue Triangle",2701328,2774000,2901250,NA,5.87,NA,NA,"Part of a Joint Bid with routes EL1 and EL2 totalling POUNDS9485000 per annum.","GoAhead",13,"9485000",1
"1517","242/N242","N242",17,"CT",10.6666666666667,30,56,"Daily",6,2016-07-29,"242","N242",1,"Arriva London North",5066275,5305000,5305000,NA,7.09,NA,NA,"Part of a Joint Bid with routes 48 and 259 totalling POUNDS14809185 per annum.","Arriva",13,"14809185",1
"1518","277/N277","N277",23,"BW",9,34,65,"Daily",8,2016-07-29,"277","N277",3,"Stagecoach East London",6508395,6563000,7023903,NA,6.9,NA,NA,NA,"Stagecoach",13,NA,1
"1519","298","298",5,"SM",26.6666666666667,24,52,"Daily",7,2016-08-11,"298",NA,3,"Sullivan Buses",1030425,1225321,1445502,NA,3.38,NA,NA,"Part of a Joint Bid with route W9 totalling POUNDS2480914 per annum.","SullivanBuses",2,"2480914",1
"1520","W9","W9",7,"SM",25,28,44,"Daily",7,2016-08-11,"W9",NA,3,"Sullivan Buses",1450489,1480170,1700000,NA,4.46,NA,NA,"Part of a Joint Bid with route 298 totalling POUNDS2480914 per annum.","SullivanBuses",2,"2480914",1
"1521","19/N19","19",26,"AR",9.33333333333333,44,92,"Daily",8,2016-08-25,"19","N19",3,"Arriva London South",7132000,7132000,8389322,NA,7.8,NA,NA,NA,"Arriva",6,NA,0
"1522","2/N2","2",24,"N",10,41,84,"Daily",8,2016-08-25,"2","N2",2,"Arriva London South",6295300,6500000,6630000,NA,6.81,NA,NA,"Part of a Joint Bid with route 249 totalling POUNDS9569050 per annum.","Arriva",6,"9569050",0
"1523","249","249",15,"N",13.3333333333333,30,72,"Daily",8,2016-08-25,"249",NA,3,"Arriva London South",3273750,3288961,3589017,NA,6.34,NA,NA,"Part of a Joint Bid with route 2/N2 totalling POUNDS9569050 per annum.","Arriva",6,"9569050",1
"1524","455","455",11,"C",29,53,92,"Daily",13,2016-08-25,"455",NA,3,"Metrobus",2302000,2350000,2500795,NA,4.61,NA,NA,NA,"GoAhead",6,NA,1
"1525","624/658","624",3,"BX",NA,NA,NA,"Monday to Friday",5,2016-08-25,"624/658",NA,2,"London Central",306000,419750,488000,NA,31.98,NA,NA,NA,"GoAhead",6,NA,0
"1526","625","625",2,"BX",NA,NA,NA,"Monday to Friday",7,2016-08-25,"625",NA,2,"London Central",160000,177000,237500,NA,28.23,NA,NA,NA,"GoAhead",6,NA,1
"1527","624/658","658",3,"BX",NA,NA,NA,"Monday to Friday",5,2016-08-25,"624/658",NA,2,"London Central",306000,419750,488000,NA,31.98,NA,NA,NA,"GoAhead",6,NA,1
"1528","19/N19","N19",26,"AR",9.33333333333333,44,92,"Daily",8,2016-08-25,"19","N19",3,"Arriva London South",7132000,7132000,8389322,NA,7.8,NA,NA,NA,"Arriva",6,NA,1
"1529","2/N2","N2",24,"N",10,41,84,"Daily",8,2016-08-25,"2","N2",2,"Arriva London South",6295300,6500000,6630000,NA,6.81,NA,NA,"Part of a Joint Bid with route 249 totalling POUNDS9569050 per annum.","Arriva",6,"9569050",1
"1530","113/N113","113",28,"EW",10.6666666666667,48,87,"Daily",12,2016-08-31,"113","N113",2,"Metroline",6398000,6500000,6615000,NA,5.21,NA,NA,NA,"Metroline",2,NA,0
"1531","13/N13 (formerly 82)","13",18,"X",17.2,42,67.5,"24-hour service",10,2016-08-31,"13","N13",3,"Tower Transit",7584664,7584664,8215000,NA,6.62,NA,NA,NA,"TowerTransit",2,NA,0
"1532","113/N113","N113",28,"EW",10.6666666666667,48,87,"Daily",12,2016-08-31,"113","N113",2,"Metroline",6398000,6500000,6615000,NA,5.21,NA,NA,NA,"Metroline",2,NA,1
"1533","13/N13 (formerly 82)","N13",18,"X",17.2,42,67.5,"24-hour service",10,2016-08-31,"13","N13",3,"Tower Transit",7584664,7584664,8215000,NA,6.62,NA,NA,NA,"TowerTransit",2,NA,1
"1534","308","308",13,"LI",17.3333333333333,40,66,"Daily",8,2016-09-08,"308",NA,4,"Tower Transit",3136932,3136932,3478000,NA,6.58,NA,NA,"Part of a Joint Bid with routes 58 W14 and W15 totalling POUNDS14718005 per annum.","TowerTransit",8,"14718005",1
"1535","309","309",8,"HK",15.6666666666667,24,51,"Daily",5,2016-09-08,"309",NA,3,"CT Plus",1887368,1967468,2138500,NA,5.93,NA,NA,"Part of a Joint Bid with route 388 totalling POUNDS5300507 per annum.","HCT",8,"5300507",1
"1536","W11","W11",9,"AW",14,28,45,"Daily",5,2016-09-08,"W11",NA,5,"CT Plus",1980792,1995812,2443017,NA,5.62,NA,NA,"Part of a Joint Bid with routes W12 and W16 totalling POUNDS5336185 per annum.","HCT",8,"5336185",1
"1537","W12","W12",5,"AW",30,35,64,"Daily",8,2016-09-08,"W12",NA,2,"CT Plus",1337248,1415276,1698094,NA,4.74,NA,NA,"Part of a Joint Bid with routes W11 and W16 totalling POUNDS5336185 per annum.","HCT",8,"5336185",1
"1538","W13","W13",5,"HK",25,19,36,"Daily",5,2016-09-08,"W13",NA,3,"CT Plus",1338314,1358150,1535598,NA,6.73,NA,NA,NA,"HCT",8,NA,1
"1539","W14","W14",10,"LI",18.3333333333333,33,70,"Daily",7,2016-09-08,"W14",NA,3,"Tower Transit",2246937,2379823,2619107,NA,5.53,NA,NA,"Part of a Joint Bid with routes 58 308 and W15 totalling POUNDS14718005 per annum.","TowerTransit",8,"14718005",1
"1540","W15","W15",21,"LI",11.6666666666667,44,79,"Daily",9,2016-09-08,"W15",NA,3,"Tower Transit",4902213,4865750,5013619,NA,6.12,"Joint bid discount.","Lower joint bid","Part of a Joint Bid with routes 58 308 and W14 totalling POUNDS14718005 per annum.","TowerTransit",8,"14718005",1
"1541","W16","W16",9,"AW",17.6666666666667,25,54,"Daily",6,2016-09-08,"W16",NA,5,"CT Plus",2018145,2033340,2317382,NA,5.4,NA,NA,"Part of a Joint Bid with routes W11 and W12 totalling POUNDS5336185 per annum.","HCT",8,"5336185",1
"1542","360","360",11,"Q",15.6666666666667,35,61,"Daily",6,2016-09-14,"360",NA,1,"London Central",3234506,3234506,3234506,NA,8.37,NA,NA,NA,"GoAhead",1,NA,1
"1543","101","101",12,"RR",14,31,55,"Daily",7,2016-09-27,"101",NA,4,"Blue Triangle",2970000,3100000,3280250,NA,5.94,NA,NA,NA,"GoAhead",19,NA,1
"1544","167","167",7,"BK",26.6666666666667,28,56,"Daily",8,2016-09-27,"167",NA,4,"Stagecoach East London",1619000,1619000,1750000,NA,5.21,NA,NA,NA,"Stagecoach",19,NA,1
"1545","238/N238","238",12,"BK",20,26,50,NA,5,2016-09-27,"238","N238",5,"Stagecoach East London",2938754,2950000,3111556,NA,7.91,NA,NA,NA,"Stagecoach",19,NA,1
"1546","362","362",3,"BK",31.6666666666667,24,45,"Daily",7,2016-09-27,"362",NA,2,"Stagecoach East London",851500,851500,950000,NA,4.16,NA,NA,NA,"Stagecoach",19,NA,1
"1547","379","379",2,"NP",25,9,12,"Daily",2,2016-09-27,"379",NA,4,"London General",5e+05,5e+05,724051,NA,4.98,NA,NA,NA,"GoAhead",19,NA,1
"1548","397","397",5,"AW",31,36,66,"Daily",9,2016-09-27,"397",NA,4,"CT Plus",1000861,1031169,1360920,NA,4.99,NA,NA,NA,"HCT",19,NA,1
"1549","462","462",8,"BK",25,30,54,"Daily",7,2016-09-27,"462",NA,2,"Stagecoach East London",1830250,1830250,1950000,NA,5.11,NA,NA,NA,"Stagecoach",19,NA,1
"1550","549","549",1,"WH",70,18,33,"Monday to Saturday",5,2016-09-27,"549",NA,2,"Stagecoach East London",202250,202250,220000,NA,4.66,NA,NA,NA,"Stagecoach",19,NA,1
"1551","667","667",2,"RR",NA,NA,NA,"Monday to Friday",7,2016-09-27,"667",NA,3,"Blue Triangle",150000,180000,198500,NA,34.89,NA,NA,NA,"GoAhead",19,NA,1
"1552","677","677",1,"BK",NA,NA,NA,"Monday to Friday",12,2016-09-27,"677",NA,4,"Stagecoach East London",89000,97250,99000,NA,17.55,NA,NA,NA,"Stagecoach",19,NA,1
"1553","678","678",4,"WH",NA,NA,NA,"Monday to Friday",7,2016-09-27,"678",NA,4,"Stagecoach East London",296000,335750,456886,NA,36.14,NA,NA,NA,"Stagecoach",19,NA,1
"1554","R1","R1",6,"MB",25,28,53,"Daily",8,2016-09-27,"R1",NA,1,"Metrobus",1391575,1489000,1489000,NA,4.24,NA,NA,"Part of a Joint Bid with routes R2 R3 R4 R6 R8 and R11 totalling POUNDS7485611 per annum.","GoAhead",19,"7485611",1
"1555","R11","R11",9,"MB",17.3333333333333,24,49,"Daily",9,2016-09-27,"R11",NA,1,"Metrobus",2045069,2181080,2181080,NA,4.34,NA,NA,"Part of a Joint Bid with routes R1 R2 R3 R4 R6 and R8 totalling POUNDS7485611 per annum.","GoAhead",19,"7485611",1
"1556","R2","R2",3,"MB",30,23,42,"Monday to Saturday",9,2016-09-27,"R2",NA,2,"Metrobus",680442,707863,711500,NA,4.29,NA,NA,"Part of a Joint Bid with routes R1 R3 R4 R6 R8 and R11 totalling POUNDS7485611 per annum.","GoAhead",19,"7485611",1
"1557","R3","R3",6,"MB",26.6666666666667,34,55,"Daily",9,2016-09-27,"R3",NA,2,"Metrobus",1312228,1406885,1453000,NA,4.12,NA,NA,"Part of a Joint Bid with routes R1 R2 R4 R6 R8 and R11 totalling POUNDS7485611 per annum.","GoAhead",19,"7485611",1
"1558","R4","R4",6,"MB",46.6666666666667,30,53,"Daily",8,2016-09-27,"R4",NA,2,"Metrobus",1250845,1342607,1380750,NA,4.77,NA,NA,"Part of a Joint Bid with routes R1 R2 R3 R6 R8 and R11 totalling POUNDS7485611 per annum.","GoAhead",19,"7485611",1
"1559","R6","R6",2,"MB",50,14,30,"Daily",4,2016-09-27,"R6",NA,2,"Metrobus",528484,567806,571500,NA,5.4,NA,NA,"Part of a Joint Bid with routes R1 R2 R3 R4 R8 and R11 totalling POUNDS7485611 per annum.","GoAhead",19,"7485611",1
"1560","R8","R8",1,"MB",85,27,43,"Monday to Saturday",8,2016-09-27,"R8",NA,1,"Metrobus",276968,359338,359338,NA,5.24,NA,NA,"Part of a Joint Bid with routes R1 R2 R3 R4 R6 and R11 totalling POUNDS7485611 per annum.","GoAhead",19,"7485611",1
"1561","110","110",7,"AV",26.6666666666667,23,65,"Daily",7,2016-10-28,"110",NA,3,"London United",1570335,1568213,1592000,NA,6.02,"Joint bid discount.","Lower joint bid","Part of a joint bid with route 111 totalling POUNDS8053000 per annum.","RATP",13,"8053000",1
"1562","111/N111","111",15,"AV",19.4,50.5,78.5,NA,15,2016-10-28,"111","N111",2,"London United",6482665,6536206,6785000,NA,4.87,NA,NA,"Part of a joint bid with route 110 totalling POUNDS8053000 per annum.","RATP",13,"8053000",1
"1563","204","204",15,"ON",13.3333333333333,37,68,"Daily",9,2016-10-28,"204",NA,3,"Metroline",3407313,3640000,3649000,NA,5.33,NA,NA,"Part of a Joint Bid with routes 206 and 266 totalling POUNDS12839500 per annum.","Metroline",13,"12839500",1
"1564","206","206",12,"WJ",17.3333333333333,38,78,"Daily",9,2016-10-28,"206",NA,3,"Metroline West",2833187,2999000,3175353,NA,5.1,NA,NA,"Part of a Joint Bid with routes 204 and 266 totalling POUNDS12839500 per annum.","Metroline",13,"12839500",1
"1565","236","236",14,"LI",13.6666666666667,33,59,"Daily",7,2016-10-28,"236",NA,2,"Tower Transit",3846973,3846973,3977502,NA,6.16,NA,NA,NA,"TowerTransit",13,NA,1
"1566","394","394",10,"HK",17.3333333333333,26,54,NA,5,2016-10-28,"394",NA,1,"CT Plus",1951132,1951132,1951132,NA,6.74,NA,NA,NA,"HCT",13,NA,1
"1567","427","427",24,"GW",10,46,84,"Daily",10,2016-10-28,"427",NA,3,"Abellio West London",5654600,5654000,6715000,NA,5.91,NA,NA,NA,"Abellio",13,NA,0
"1568","433","433",10,"BC",16.6666666666667,19,42,"Daily",7,2016-10-28,"433",NA,3,"Abellio London`",2286775,2386926,2475000,NA,4.27,NA,NA,NA,"Abellio",13,NA,1
"1569","464","464",3,"BC",51.3333333333333,17,24,"Daily",6,2016-10-28,"464",NA,2,"Abellio London",606856,606856,677888,NA,4.47,NA,NA,NA,"Abellio",13,NA,1
"1570","617","617",1,"SM",NA,NA,NA,"Monday to Friday",7,2016-10-28,"617",NA,3,"Sullivan Buses",148718,180000,260700,NA,28.67,NA,NA,"Part of a joint bid with route 629 totalling POUNDS299209 per annum.","SullivanBuses",13,"299209",1
"1571","629","629",2,"SM",NA,NA,NA,"Monday to Friday",6,2016-10-28,"629",NA,3,"Sullivan Buses",150491,180000,260024,NA,25.83,NA,NA,"Part of a Joint Bid with route 617 totalling POUNDS299209 per annum.","SullivanBuses",13,"299209",1
"1572","S3","S3",8,"EB",20,56,80,"Monday to Saturday",12,2016-10-28,"S3",NA,3,"Quality Line",1573010,1600000,1757034,NA,4.8,NA,NA,NA,"RATP",13,NA,1
"1573","X26","X26",10,"C",30,76,144,"Daily",24,2016-10-28,"X26",NA,4,"Metrobus",2747378,2881540,3175723,NA,4.13,NA,NA,NA,"GoAhead",13,NA,1
"1574","217","217",11,"SM",17.3333333333333,30,66,"Daily",8,2016-11-07,"217",NA,4,"Sullivan Buses",2449009,2449009,2859000,NA,5.15,NA,NA,NA,"SullivanBuses",7,NA,1
"1575","254","254",28,"AE",7.66666666666667,39,82,"Daily",8,2016-11-07,"254",NA,2,"Arriva London North",6928000,6928000,7850500,NA,6.45,NA,NA,NA,"Arriva",7,NA,1
"1576","E6","E6",11,"G",14,35,61,"Daily",8,2016-11-07,"E6",NA,3,"Metroline West",2794404,2722426,3220000,NA,4.61,"Joint bid discount.","Lower joint bid","Part of a joint bid with route 205 U1 U2 U3 & U4 totalling POUNDS12502000 per annum.","Metroline",7,"12502000",1
"1577","U1","U1",8,"UX",25,31,61,"Daily",10,2016-11-07,"U1",NA,3,"Metroline West",1794720,1779518,1915000,NA,4.71,"Joint bid discount.","Lower joint bid","Part of a joint bid with route 205 E6 U2 U3 & U4 totalling POUNDS12502000 per annum.","Metroline",7,"12502000",1
"1578","U2","U2",9,"UX",16.6666666666667,22,37,"Daily",6,2016-11-07,"U2",NA,2,"Metroline West",1905142,2099871,2192000,NA,5.18,NA,NA,"Part of a joint bid with route 205 E6 U1 U3 & U4 totalling POUNDS12502000 per annum.","Metroline",7,"12502000",1
"1579","U3","U3",9,"UX",17.3333333333333,37,58,"Daily",9,2016-11-07,"U3",NA,2,"Metroline West",2694780,2979000,3032298,NA,4.54,NA,NA,"Part of a joint bid with route 205 E6 U1 U2 & U4 totalling POUNDS12502000 per annum.","Metroline",7,"12502000",1
"1580","U4","U4",12,"UX",15,30,51,"Daily",8,2016-11-07,"U4",NA,2,"Metroline West",3278297,3436217,3686000,NA,5.42,NA,NA,"Part of a joint bid with route 205 E6 U1 U2 & U3 totalling POUNDS12502000 per annum.","Metroline",7,"12502000",1
"1581","143","143",12,"W",14,33,60,"Daily",8,2016-11-21,"143",NA,1,"Metroline",2860690,3074000,3074000,NA,5.72,NA,NA,"Part of a Joint Bid with routes 260 and 302 totalling POUNDS11320500 per annum.","Metroline",5,"11320500",1
"1582","195","195",15,"GW",15.6666666666667,46,79,"Daily",10,2016-11-21,"195",NA,3,"Metroline West",3471657,3181720,3860000,NA,5.46,"Joint bid discount.","Lower joint bid","Part of a joint bid with route E6 U1 U2 U3 & U4 totalling POUNDS12502000 per annum.","Metroline",5,"12502000",1
"1583","260","260",17,"AC",14,47,91,"Daily",10,2016-11-21,"260",NA,3,"Metroline",4458013,4616000,4979638,NA,6.46,NA,NA,"Part of a Joint Bid with routes 143 and 302 totalling POUNDS11320500 per annum.","Metroline",5,"11320500",1
"1584","302","302",16,"AC",11,34,67,"Daily",8,2016-11-21,"302",NA,2,"Metroline",4001797,4106000,4143000,NA,6.03,NA,NA,"Part of a Joint Bid with routes 143 and 260 totalling POUNDS11320500 per annum.","Metroline",5,"11320500",1
"1585","350","350",5,"WS",20,30,44,"Daily",8,2016-11-21,"350",NA,3,"Abellio West London",1315217,1315217,1606000,NA,3.73,NA,NA,NA,"Abellio",5,NA,1
"1586","120","120",17,"PA",12.3333333333333,30,65,"Daily",8,2016-12-02,"120",NA,3,"Metroline West",3999000,3872332,4140000,NA,6.42,"Capacity Constraints","Garage capacity constraints",NA,"Metroline",5,NA,1
"1587","70","70",19,"S",14.3333333333333,38,98,"Daily",10,2016-12-02,"70",NA,3,"London United",4199108,4255000,4500361,NA,6.62,NA,NA,"Part of a Joint Bid with route C1 totalling POUNDS7517200 per annum.","RATP",5,"7517200",1
"1588","C1","C1",13,"S",13,27,66,"Daily",6,2016-12-02,"C1",NA,2,"London United",3318092,3495000,3512388,NA,7.4,NA,NA,"Part of a Joint Bid with route 70 totalling POUNDS7517200 per annum.","RATP",5,"7517200",1
"1589","R68","R68",10,"TF",16.6666666666667,35,70,"Daily",9,2016-12-02,"R68",NA,2,"Abellio West London",2256435,2256435,2660000,NA,4.74,NA,NA,NA,"Abellio",5,NA,1
"1590","R70","R70",11,"TF",15,27,50,"Daily",8,2016-12-02,"R70",NA,2,"Abellio West London",2338906,2338906,2590000,NA,4.5,NA,NA,NA,"Abellio",5,NA,1
"1591","17","17",18,"HT",13,30,66,"Daily",6,2016-12-15,"17",NA,1,"Metroline",4638276,4754000,4754000,NA,9.39,NA,NA,"Part of a Joint Bid with routes 186 382 384 C11 and W8 totalling POUNDS19230000 per annum.","Metroline",10,"19230000",1
"1592","186","186",16,"HD",17.3333333333333,54,97,"Daily",11,2016-12-15,"186",NA,1,"Metroline",3974841,4348000,4348000,NA,5.46,NA,NA,"Part of a Joint Bid with routes 17 382 384 C11 and W8 totalling POUNDS19230000 per annum.","Metroline",10,"19230000",1
"1593","382","382",9,"PB",25,28,60,"Daily",7,2016-12-15,"382",NA,2,"Metroline",1969152,2094000,2153000,NA,5.11,NA,NA,"Part of a Joint Bid with routes 17 186 384 C11 and W8 totalling POUNDS19230000 per annum.","Metroline",10,"19230000",1
"1594","384","384",6,"PB",28.6666666666667,30,45,"Daily",7,2016-12-15,"384",NA,2,"Metroline",1346100,1425000,1497538,NA,5.15,NA,NA,"Part of a Joint Bid with routes 17 186 382 C11 and W8 totalling POUNDS19230000 per annum.","Metroline",10,"19230000",1
"1595","613","613",1,"TV",NA,NA,NA,"Monday to Friday",8,2016-12-15,"613",NA,1,"London United",76000,88000,88000,NA,23.97,NA,NA,NA,"RATP",10,NA,1
"1596","662","662",1,"TV",NA,NA,NA,"Monday to Friday",4,2016-12-15,"662",NA,1,"London United",72000,84000,84000,NA,38.27,NA,NA,NA,"RATP",10,NA,1
"1597","665","665",1,"TV",NA,NA,NA,"Monday to Friday",5,2016-12-15,"665",NA,1,"London United",65000,75000,75000,NA,38.27,NA,NA,NA,"RATP",10,NA,1
"1598","671","671",1,"TV",NA,NA,NA,"Monday to Friday",7,2016-12-15,"671",NA,1,"London United",77000,89000,89000,NA,29.29,NA,NA,NA,"RATP",10,NA,1
"1599","C11","C11",16,"W",12.6666666666667,35,69,"Daily",8,2016-12-15,"C11",NA,1,"Metroline",4311366,4583000,4583000,NA,6.53,NA,NA,"Part of a Joint Bid with routes 17 186 382 384 and W8 totalling POUNDS19230000 per annum.","Metroline",10,"19230000",1
"1600","W8","W8",16,"PB",10.6666666666667,23,48,"Daily",6,2016-12-15,"W8",NA,3,"Metroline",2990265,3235000,3512166,NA,5.44,NA,NA,"Part of a Joint Bid with routes 17 186 382 384 and C11 totalling POUNDS19230000 per annum.","Metroline",10,"19230000",1
"1601","131","131",21,"AL",10.6666666666667,28,74,"Daily",8,2017-01-12,"131",NA,3,"London General",4620000,4712633,5220000,NA,6.68,NA,NA,NA,"GoAhead",6,NA,1
"1602","411","411",6,"FW",40.6666666666667,16,34,"Daily",5,2017-01-12,"411",NA,2,"Quality Line",1060223,974626,1088947,NA,6.73,NA,NA,NA,"RATP",6,NA,1
"1603","605","605",2,"SM",NA,NA,NA,"Monday to Friday",3,2017-01-12,"605",NA,3,"Sullivan Buses",110437,177923,189000,NA,27.21,NA,NA,"Part of a joint bid with routes 628/688 & 653/683 totalling POUNDS1013344 per annum.","SullivanBuses",6,"1013344",1
"1604","628/688","628",6,"SM",NA,NA,NA,"Monday to Friday",10,2017-01-12,"628/688",NA,1,"Sullivan Buses",494403,748441,748441,NA,17.09,NA,NA,"Part of a joint bid with routes 605 & 653/683 totalling POUNDS1013344 per annum.","SullivanBuses",6,"1013344",0
"1605","653/683","653",3,"SM",NA,NA,NA,"Monday to Friday",8,2017-01-12,"653/683",NA,1,"Sullivan Buses",408504,627849,627849,NA,26.77,NA,NA,NA,"SullivanBuses",6,NA,0
"1606","653/683","683",3,"SM",NA,NA,NA,"Monday to Friday",8,2017-01-12,"653/683",NA,1,"Sullivan Buses",408504,627849,627849,NA,26.77,NA,NA,NA,"SullivanBuses",6,NA,1
"1607","628/688","688",6,"SM",NA,NA,NA,"Monday to Friday",10,2017-01-12,"628/688",NA,1,"Sullivan Buses",494403,748441,748441,NA,17.09,NA,NA,"Part of a joint bid with routes 605 & 653/683 totalling POUNDS1013344 per annum.","SullivanBuses",6,"1013344",1
"1608","632",NA,NA,NA,NA,NA,NA,NA,NA,2017-01-12,"632",NA,2,"Metroline",253000,283000,290000,NA,40.47,NA,NA,NA,"Metroline",6,NA,1
"1609","266/N266","266",23,"RP",11.3333333333333,36,76,"Daily",7,2017-01-26,"266","N266",2,"Metroline West",6599000,6999000,7425638,NA,6.66,NA,NA,"Part of a Joint Bid with routes 204 and 206 totalling POUNDS12839500 per annum.","Metroline",1,"12839500",0
"1610","266/N266","N266",23,"RP",11.3333333333333,36,76,"Daily",7,2017-01-26,"266","N266",2,"Metroline West",6599000,6999000,7425638,NA,6.66,NA,NA,"Part of a Joint Bid with routes 204 and 206 totalling POUNDS12839500 per annum.","Metroline",1,"12839500",0
"1611","103","103",14,"GY",16.6666666666667,32,60,"Daily",10,2017-02-09,"103",NA,3,"Arriva London North",2887000,3115000,3650000,NA,4.96,NA,NA,"Part of a joint bid with route 66 150 175 341 & 370 totalling POUNDS20323000 per annum.","Arriva",19,"20323000",1
"1612","130","130",11,"BC",15.6666666666667,35,63,"Daily",9,2017-02-09,"130",NA,3,"Abellio London",2537036,2537036,2845000,NA,4.68,NA,NA,NA,"Abellio",19,NA,1
"1613","150","150",15,"DX",17.3333333333333,37,70,"Daily",9,2017-02-09,"150",NA,3,"Arriva London North",3174000,3225000,3750000,NA,5.67,NA,NA,"Part of a joint bid with route 66 103 175 341 & 370 totalling POUNDS20323000 per annum.","Arriva",19,"20323000",1
"1614","175","175",14,"DX",16.6666666666667,33,63,"Daily",9,2017-02-09,"175",NA,3,"Arriva London North",2844000,3066000,3378829,NA,5.19,NA,NA,"Part of a joint bid with route 66 103 150 341 & 370 totalling POUNDS20323000 per annum.","Arriva",19,"20323000",1
"1615","194","194",14,"TC",17.3333333333333,44,77,"Daily",11,2017-02-09,"194",NA,3,"Arriva London South",3650000,3579902,3900000,NA,6.74,"Joint bid discount.","Lower joint bid","Part of a joint bid with routes 50 250 255 289 & 410 totalling POUNDS21642360 per annum.","Arriva",19,"21642360",1
"1616","250/N250","250",22,"TH",10.6666666666667,31,76,"Daily",8,2017-02-09,"250","N250",3,"Arriva London South",5610000,5690248,6300000,NA,6.78,NA,NA,"Part of a joint bid with routes 50 194 255 289 & 410 totalling POUNDS21642360 per annum.","Arriva",19,"21642360",0
"1617","255","255",9,"TH",17.3333333333333,28,48,"Daily",4,2017-02-09,"255",NA,3,"Arriva London South",2019360,1928649,2229628,NA,6.22,"Joint bid discount.","Lower joint bid","Part of a joint bid with routes 50 194 250 289 & 410 totalling POUNDS21642360 per annum.","Arriva",19,"21642360",1
"1618","257","257",16,"T",10.6666666666667,24,55,"Daily",5,2017-02-09,"257",NA,4,"Stagecoach East London",3779500,3865000,4356284,NA,7.25,NA,NA,NA,"Stagecoach",19,NA,1
"1619","280","280",14,"AL",14,30,73,"Daily",7,2017-02-09,"280",NA,3,"London General",3406000,3520304,3598000,NA,6.5,NA,NA,NA,"GoAhead",19,NA,1
"1620","289","289",15,"TH",17.3333333333333,41,82,"Daily",9,2017-02-09,"289",NA,3,"Arriva London South",2581200,2650000,2727042,NA,6.14,NA,NA,"Part of a joint bid with routes 50 194 250 255 & 410 totalling POUNDS21642360 per annum.","Arriva",19,"21642360",1
"1621","314","314",15,"TB",20.6666666666667,48,88,"Daily",14,2017-02-09,"314",NA,2,"Stagecoach Selkent",2863000,2900000,2958250,NA,4.53,NA,NA,NA,"Stagecoach",19,NA,1
"1622","341/N341","341",14,"AR",18.8,51.5,82.5,"24-hour service",11,2017-02-09,"341","N341",2,"Arriva London North",6008000,6e+06,6008000,NA,6.38,"Joint bid discount.","Lower joint bid","Part of a joint bid with route 66 103 150 175 & 370 totalling POUNDS20323000 per annum.","Arriva",19,"20323000",1
"1623","370","370",11,"GY",25,40,70,"Daily",12,2017-02-09,"370",NA,3,"Arriva London North",2439000,2478000,3e+06,NA,4.16,NA,NA,"Part of a joint bid with route 66 103 150 175 & 341 totalling POUNDS20323000 per annum.","Arriva",19,"20323000",1
"1624","410","410",18,"TH",13.3333333333333,40,74,"Daily",9,2017-02-09,"410",NA,3,"Arriva London South",4173800,4081796,4288000,NA,5.68,"Joint bid discount.","Lower joint bid","Part of a joint bid with routes 50 194 250 255 & 289 totalling POUNDS21642360 per annum.","Arriva",19,"21642360",1
"1625","50","50",15,"BN",17.3333333333333,39,81,"Daily",9,2017-02-09,"50",NA,3,"Arriva London South",3608000,3760000,3832000,NA,6.63,NA,NA,"Part of a joint bid with routes 194 250 255 289 & 410 totalling POUNDS21642360 per annum.","Arriva",19,"21642360",1
"1626","621","621",1,"TL",NA,NA,NA,"Monday to Friday",5,2017-02-09,"621",NA,2,"Stagecoach Selkent",72000,76250,117000,NA,35.29,NA,NA,NA,"Stagecoach",19,NA,1
"1627","636/ 637 / 638","636",7,"TB",NA,NA,NA,"Monday to Friday",11,2017-02-09,"636/ 637 / 638",NA,2,"Stagecoach Selkent",507500,610000,619750,NA,26.29,NA,NA,NA,"Stagecoach",19,NA,0
"1628","636/ 637 / 638","637",7,"TB",NA,NA,NA,"Monday to Friday",11,2017-02-09,"636/ 637 / 638",NA,2,"Stagecoach Selkent",507500,610000,619750,NA,26.29,NA,NA,NA,"Stagecoach",19,NA,1
"1629","66","66",15,"GY",16.6666666666667,30,68,"Daily",10,2017-02-09,"66",NA,4,"Arriva London North",2971000,3211000,3440000,NA,5.28,NA,NA,"Part of a joint bid with route 103 150 175 341 & 370 totalling POUNDS20323000 per annum.","Arriva",19,"20323000",1
"1630","664","664",2,"TB",NA,NA,NA,"Monday to Friday",11,2017-02-09,"664",NA,2,"Stagecoach Selkent",145000,196000,205000,NA,14.96,NA,NA,NA,"Stagecoach",19,NA,1
"1631","250/N250","N250",22,"TH",10.6666666666667,31,76,"Daily",8,2017-02-09,"250","N250",3,"Arriva London South",5610000,5690248,6300000,NA,6.78,NA,NA,"Part of a joint bid with routes 50 194 255 289 & 410 totalling POUNDS21642360 per annum.","Arriva",19,"21642360",1
"1632","210","210",14,"W",11.3333333333333,32,55,"Daily",7,2017-02-24,"210",NA,2,"Metroline",4075060,4411000,4615000,NA,5.85,NA,NA,"Part of a joint bid with routes 4 & W7 totalling POUNDS11956000 per annum.","Metroline",4,"11956000",1
"1633","320","320",12,"MB",17.3333333333333,36,67,"Daily",12,2017-02-24,"320",NA,2,"Metrobus",3164000,3248000,3320000,NA,4.45,NA,NA,NA,"GoAhead",4,NA,1
"1634","4","4",17,"HT",14,38,69,"Daily",7,2017-02-24,"4",NA,2,"Metroline",4097432,4244000,4600000,NA,7.03,NA,NA,"Part of a joint bid with routes 210 & W7 totalling POUNDS11956000 per annum.","Metroline",4,"11956000",1
"1635","W7","W7",10,"HT",11,12,18,NA,3,2017-02-24,"W7",NA,2,"Metroline",3013508,3301000,3500000,NA,8.74,NA,NA,"Part of a joint bid with routes 4 & 210 totalling POUNDS11956000 per annum.","Metroline",4,"11956000",1
"1636","176/N176","176",16,"Q",16.8,48,83.5,NA,11,2017-03-09,"176","N176",3,"London Central",6589872,6174899,7065000,NA,7.59,"Insufficient garage space.","Garage capacity constraints","Part of a joint bid with route 188 totalling POUNDS13853000 per annum.","GoAhead",6,"13853000",1
"1637","188/N188","188",16,"Q",18.4,47,88,NA,10,2017-03-09,"188","N188",2,"London Central",7263128,7052587,7788000,NA,7.18,"Insufficient garage space.","Garage capacity constraints","Part of a joint bid with route 176 totalling POUNDS13853000 per annum.","GoAhead",6,"13853000",1
"1638","222","222",9,"UX",18.8,35,55.5,NA,11,2017-03-09,"222",NA,3,"Metroline West",4456149,4568000,4722959,NA,4.99,NA,NA,"Part of a joint bid with route 90 totalling POUNDS7968000 per annum.","Metroline",6,"7968000",1
"1639","243/N243","243",22,"AR",15.2,48,88.5,NA,10.5,2017-03-09,"243","N243",2,"Arriva London North",8414000,8430000,8488000,NA,7.39,NA,NA,NA,"Arriva",6,NA,1
"1640","45","45",12,"WL",13.3333333333333,22,47,"Daily",5,2017-03-09,"45",NA,2,"Abellio London",5095711,5095711,5550000,NA,8.4,NA,NA,NA,"Abellio",6,NA,1
"1641","90","90",16,"PA",14,41,76,"Daily",11,2017-03-09,"90",NA,3,"Metroline",3511851,3600000,4320000,NA,4.21,NA,NA,"Part of a joint bid with route 222 totalling POUNDS7968000 per annum.","Metroline",6,"7968000",1
"1642","115","115",18,"RR",10,31,60,"Daily",7,2017-03-28,"115",NA,2,"Blue Triangle",4458528,4570000,4992250,NA,6.9,NA,NA,"Part of a joint bid with routes 5 and 15/N15 totalling POUNDS18080000 per annum.","GoAhead",7,"18080000",1
"1643","15/N15","15",23,"RR",8.66666666666667,31,74,"Daily",6,2017-03-28,"15","N15",2,"Blue Triangle",6469024,6630000,6967280,NA,6.6,NA,NA,"Part of a joint bid with routes 5 and 115 totalling POUNDS18080000 per annum.","GoAhead",7,"18080000",0
"1644","18/N18","18",35,"RP",6.66666666666667,49,107,"Daily",9,2017-03-28,"18","N18",3,"London United",10216000,10300000,11995000,NA,6.25,NA,NA,NA,"RATP",7,NA,0
"1645","22/N22","22",22,"AF",11,30,99,"Daily",6,2017-03-28,"22","N22",1,"London General",5900000,6e+06,6e+06,NA,8.53,NA,NA,NA,"GoAhead",7,NA,0
"1646","5","5",30,"RR",8.33333333333333,46,88,"Daily",10,2017-03-28,"5",NA,2,"Blue Triangle",7152448,7390000,7550000,NA,6.17,NA,NA,"Part of a joint bid with routes 15/N15 and 115 totalling POUNDS18080000 per annum.","GoAhead",7,"18080000",1
"1647","6/N6","6",16,"AC",14.6,41.5,60.5,NA,6,2017-03-28,"6","N6",1,"Metroline",6756186,7393000,7393000,NA,7.5,NA,NA,"Part of a joint bid with route 98/N98 totalling POUNDS13101000 per annum.","Metroline",7,"13101000",1
"1648","98/N98","98",22,"AC",10,35,70,"Daily",7,2017-03-28,"98","N98",1,"Metroline",6344814,6693000,6693000,NA,7.89,NA,NA,"Part of a joint bid with route 6 totalling POUNDS13101000 per annum.","Metroline",7,"13101000",0
"1649","15/N15","N15",23,"RR",8.66666666666667,31,74,"Daily",6,2017-03-28,"15","N15",2,"Blue Triangle",6469024,6630000,6967280,NA,6.6,NA,NA,"Part of a joint bid with routes 5 and 115 totalling POUNDS18080000 per annum.","GoAhead",7,"18080000",1
"1650","18/N18","N18",35,"RP",6.66666666666667,49,107,"Daily",9,2017-03-28,"18","N18",3,"London United",10216000,10300000,11995000,NA,6.25,NA,NA,NA,"RATP",7,NA,1
"1651","22/N22","N22",22,"AF",11,30,99,"Daily",6,2017-03-28,"22","N22",1,"London General",5900000,6e+06,6e+06,NA,8.53,NA,NA,NA,"GoAhead",7,NA,1
"1652","98/N98","N98",22,"AC",10,35,70,"Daily",7,2017-03-28,"98","N98",1,"Metroline",6344814,6693000,6693000,NA,7.89,NA,NA,"Part of a joint bid with route 6 totalling POUNDS13101000 per annum.","Metroline",7,"13101000",1
"1653","118","118",13,"SW",17.3333333333333,32,71,"Daily",9,2017-04-11,"118",NA,3,"London General",3312972,3428743,3837000,NA,6.23,NA,NA,"Part of a joint bid with routes 88 170 & 355 totalling POUNDS16328102 per annum.","GoAhead",8,"16328102",1
"1654","170","170",23,"SW",10.6666666666667,33,78,"Daily",8,2017-04-11,"170",NA,1,"London General",4622486,4969000,4969000,NA,6.3,NA,NA,"Part of a joint bid with routes 88 118 & 355 totalling POUNDS16328102 per annum.","GoAhead",8,"16328102",1
"1655","220/N220","220",14,"RP",18,30,59.5,NA,8,2017-04-11,"220","N220",3,"London United",5226815,5660000,6177184,NA,6.8,NA,NA,"Part of a joint bid with routes 33 & 419 totalling POUNDS10462000 per annum.","RATP",8,"10462000",1
"1656","33/N33","33",22,"FW",13.6666666666667,31,68,"Daily",8,2017-04-11,"33","N33",2,"London United",3906511,3822975,4200000,NA,4.85,"Joint bid discount.","Lower joint bid","Part of a joint bid with routes 220 & 419 totalling POUNDS10462000 per annum.","RATP",8,"10462000",0
"1657","355","355",12,"C",14,28,68,"Daily",7,2017-04-11,"355",NA,2,"Metrobus",3006003,2808571,3190000,NA,7,"Joint bid discount.","Lower joint bid","Part of a joint bid with routes 88 118 & 170 totalling POUNDS16328102 per annum.","GoAhead",8,"16328102",1
"1658","419","419",13,"FW",17.3333333333333,27,68,"Daily",8,2017-04-11,"419",NA,3,"London United",1328674,1379000,1504455,NA,5.82,NA,NA,"Part of a joint bid with routes 33 & 220 totalling POUNDS10462000 per annum.","RATP",8,"10462000",1
"1659","470","470",7,"EB",30,55,83,"Monday to Saturday",8,2017-04-11,"470",NA,3,"Quality Line",1225000,1250000,1363347,NA,5.53,NA,NA,NA,"RATP",8,NA,1
"1660","88/N88","88",17,"SW",18.4,45.5,83.5,NA,9,2017-04-11,"88","N88",1,"London General",5386641,5716102,5716102,NA,7.24,NA,NA,"Part of a joint bid with routes 118 170 & 355 totalling POUNDS16328102 per annum.","GoAhead",8,"16328102",1
"1661","33/N33","N33",22,"FW",13.6666666666667,31,68,"Daily",8,2017-04-11,"33","N33",2,"London United",3906511,3822975,4200000,NA,4.85,"Joint bid discount.","Lower joint bid","Part of a joint bid with routes 220 & 419 totalling POUNDS10462000 per annum.","RATP",8,"10462000",1
"1662","142","142",16,"BT",15.6666666666667,45,96,"Daily",12,2017-05-10,"142",NA,3,"London Sovereign",3632000,3900000,4692000,NA,4.73,NA,NA,"Part of a joint bid with route 642 totalling POUNDS3831000 per annum.","Stagecoach",3,"3831000",1
"1663","258","258",11,"BT",25,36,73,"Daily",8,2017-05-10,"258",NA,3,"London Sovereign",2561000,2612000,2936000,NA,5.57,NA,NA,NA,"Stagecoach",3,NA,1
"1664","642","642",3,"BT",NA,NA,NA,"Monday to Friday",6,2017-05-10,"642",NA,3,"London Sovereign",199000,275000,390000,NA,23.01,NA,NA,"Part of a joint bid with route 142 totalling POUNDS3831000 per annum.","Stagecoach",3,"3831000",1
"1665","121","121",21,"E",14.3333333333333,47,105,"Daily",12,2017-06-01,"121",NA,2,"Arriva London North",5093000,5275000,5744256,NA,5.71,NA,NA,"Part of a joint bid with route 41/N41 141 329 W4 & W6 totalling POUNDS24567185 per annum.","Arriva",9,"24567185",1
"1666","141","141",26,"AD",10.3333333333333,36,80,"Daily",8,2017-06-01,"141",NA,2,"Arriva London North",6079000,6744000,7118740,NA,7.19,NA,NA,"Part of a joint bid with route 41/N41 121 329 W4 & W6 totalling POUNDS24567185 per annum.","Arriva",9,"24567185",1
"1667","233","233",6,"MB",27.3333333333333,28,53,"Daily",9,2017-06-01,"233",NA,1,"Metrobus",1421805,1661000,1661000,NA,4.31,NA,NA,"Part of a joint bid with route 684 totalling POUNDS1507107 per annum.","GoAhead",9,"1507107",1
"1668","299","299",7,"SM",21.6666666666667,22,53,"Daily",6,2017-06-01,"299",NA,4,"Sullivan Buses",1546205,1546205,1764779,NA,5.64,NA,NA,NA,"SullivanBuses",9,NA,1
"1669","329","329",16,"AD",8.66666666666667,24,48,"Daily",6,2017-06-01,"329",NA,2,"Arriva London North",4056000,4200500,4585583,NA,6.52,NA,NA,"Part of a joint bid with route 41/N41 121 141 W4 & W6 totalling POUNDS24567185 per annum.","Arriva",9,"24567185",1
"1670","41/N41","41",12,"AR",8.66666666666667,24,54,"Daily",5,2017-06-01,"41","N41",3,"Arriva London North",4724000,4918000,5222875,NA,7.14,NA,NA,"Part of a joint bid with route 121 141 329 W4 & W6 totalling POUNDS24567185 per annum.","Arriva",9,"24567185",0
"1671","684","684",1,"MB",NA,NA,NA,"Monday to Friday",9,2017-06-01,"684",NA,2,"Metrobus",85302,86500,10100,NA,23.26,NA,NA,"Part of a joint bid with route 233 totalling POUNDS1507107 per annum.","GoAhead",9,"1507107",1
"1672","41/N41","N41",12,"AR",8.66666666666667,24,54,"Daily",5,2017-06-01,"41","N41",3,"Arriva London North",4724000,4918000,5222875,NA,7.14,NA,NA,"Part of a joint bid with route 121 141 329 W4 & W6 totalling POUNDS24567185 per annum.","Arriva",9,"24567185",1
"1673","W4","W4",14,"WN",13.3333333333333,32,60,"Daily",6,2017-06-01,"W4",NA,2,"Arriva London North",2775360,2891000,3161182,NA,5.96,NA,NA,"Part of a joint bid with route 41/N41 121 141 329 & W6 totalling POUNDS24567185 per annum.","Arriva",9,"24567185",1
"1674","W6","W6",9,"E",16.6666666666667,20,34,"Daily",5,2017-06-01,"W6",NA,3,"Arriva London North",1839825,1811000,1929940,NA,6.38,"Joint bid discount.","Lower joint bid","Part of a joint bid with route 41/N41 121 141 329 & W4 totalling POUNDS24567185 per annum.","Arriva",9,"24567185",1
"1675","153","153",11,"NP",14.6666666666667,25,53,"Daily",6,2017-06-14,"153",NA,3,"London General",3018618,3077717,3596950,NA,8.84,NA,NA,"Part of a joint bid with route 214 totalling POUNDS8345640 per annum.","GoAhead",4,"8345640",1
"1676","214/N214","214",14,"NP",14.4,31,51.5,NA,6,2017-06-14,"214","N214",3,"London General",5327022,5757752,6109775,NA,8.09,NA,NA,"Part of a joint bid with route 153 totalling POUNDS8345640 per annum.","GoAhead",4,"8345640",1
"1677","274","274",13,"KC",11.3333333333333,33,67,"Daily",6,2017-06-14,"274",NA,3,"Metroline",4560157,5758625,6699028,NA,7.4,NA,NA,"Part of a joint bid with route 46 totalling POUNDS9859799 per annum.","Metroline",4,"9859799",1
"1678","46","46",19,"HT",13.3333333333333,44,94,"Daily",9,2017-06-14,"46",NA,3,"Metroline",5299642,5366775,6515193,NA,8.59,NA,NA,"Part of a joint bid with route 274 totalling POUNDS9859799 per annum.","Metroline",4,"9859799",1
"1679","138","138",3,"MB",26.6666666666667,17,32,"Daily",5,2017-06-21,"138",NA,1,"Metrobus",783000,807000,807000,NA,4.48,NA,NA,NA,"GoAhead",4,NA,1
"1680","161","161",16,"PD",11.3333333333333,37,75,"Daily",11,2017-06-21,"161",NA,2,"Stagecoach Selkent",4614000,4703000,4968000,NA,5.61,NA,NA,NA,"Stagecoach",4,NA,1
"1681","181","181",13,"KB",14,32,71,"Daily",7,2017-06-21,"181",NA,2,"Stagecoach Selkent",3023750,3023750,3409000,NA,5.86,NA,NA,NA,"Stagecoach",4,NA,1
"1682","284","284",12,"KB",17.3333333333333,25,52,"Daily",6,2017-06-21,"284",NA,2,"Stagecoach Selkent",2551750,2551750,2991000,NA,6.09,NA,NA,NA,"Stagecoach",4,NA,1
"1683","172","172",15,"NX",14.3333333333333,32,78,"Daily",7,2017-06-29,"172",NA,2,"London Central",4286931,4197137,4545000,NA,7.58,"Joint bid discount.","Lower joint bid","Part of a joint bid with route 225 totalling POUNDS5812000 per annum.","GoAhead",4,"5812000",1
"1684","225","225",6,"MG",21.3333333333333,21,66,"Daily",5,2017-06-29,"225",NA,1,"London Central",1525069,1673000,1673000,NA,6.1,NA,NA,"Part of a joint bid with route 172 totalling POUNDS5812000 per annum.","GoAhead",4,"5812000",1
"1685","343/N343","343",24,"NX",9.66666666666667,40,82,"Daily",8,2017-06-29,"343","N343",2,"London Central",5628621,5614667,5938000,NA,7.01,"Joint bid discount.","Lower joint bid","Part of a joint bid with route 36/N36 totalling POUNDS14548000 per annum.","GoAhead",4,"14548000",0
"1686","36/N36","36",23,"NX",18,49.5,78,NA,9,2017-06-29,"36","N36",3,"London Central",8919379,9244646,10062126,NA,7.26,NA,NA,"Part of a joint bid with route 343/N343 totalling POUNDS14548000 per annum.","GoAhead",4,"14548000",1
"1687","343/N343","N343",24,"NX",9.66666666666667,40,82,"Daily",8,2017-06-29,"343","N343",2,"London Central",5628621,5614667,5938000,NA,7.01,"Joint bid discount.","Lower joint bid","Part of a joint bid with route 36/N36 totalling POUNDS14548000 per annum.","GoAhead",4,"14548000",1
"1688","269","269",12,"DT",15.6666666666667,30,68,"Daily",10,2017-07-21,"269",NA,3,"Arriva London North",2839550,3089000,3302038,NA,4.65,NA,NA,"Part of a joint bid with routes 99 and 401 totalling POUNDS7663650 per annum.","Arriva",11,"7663650",1
"1689","401","401",8,"DT",25,23,45,"Daily",8,2017-07-21,"401",NA,3,"Arriva London North",1627350,1777500,1967954,NA,4.77,NA,NA,"Part of a joint bid with routes 99 and 269 totalling POUNDS7663650 per annum.","Arriva",11,"7663650",1
"1690","422","422",16,"PD",11.3333333333333,41,76,"Daily",12,2017-07-21,"422",NA,3,"Stagecoach Selkent",4212000,4230000,4895307,NA,4.42,NA,NA,NA,"Stagecoach",11,NA,1
"1691","423","423",7,"AV",26.6666666666667,33,55,"Daily",9,2017-07-21,"423",NA,2,"London United",1701948,1773662,1798000,NA,4.43,NA,NA,"Part of a joint bid with route H22 H37 & H98 totalling POUNDS10435000 per annum.","RATP",11,"10435000",1
"1692","635","635",3,"HH",NA,NA,NA,"Monday to Friday",NA,2017-07-21,"635",NA,2,"London United",292000,292000,322000,NA,36.76,NA,NA,NA,"RATP",11,NA,1
"1693","99","99",14,"MR",14,37,73,"Daily",10,2017-07-21,"99",NA,3,"Arriva London North",3196750,3480000,4035159,NA,4.47,NA,NA,"Part of a joint bid with routes 269 and 401 totalling POUNDS7663650 per annum.","Arriva",11,"7663650",1
"1694","B14","B14",5,"TB",35,38,67,"Daily",12,2017-07-21,"B14",NA,2,"Stagecoach Selkent",1238250,1238250,1278277,NA,4.5,NA,NA,NA,"Stagecoach",11,NA,1
"1695","H22","H22",11,"AV",17.3333333333333,29,62,"Daily",8,2017-07-21,"H22",NA,2,"London United",2415702,2479000,2519052,NA,5.13,NA,NA,"Part of a joint bid with route 423 H37 & H98 totalling POUNDS10435000 per annum.","RATP",11,"10435000",1
"1696","H28","H28",9,"TF",26.6666666666667,45,92,"Daily",11,2017-07-21,"H28",NA,3,"Abellio West London",2098243,2142073,2258000,NA,5.44,NA,NA,NA,"Abellio",11,NA,1
"1697","H37/NH37","H37",9,"AV",13.5,20,33,NA,5,2017-07-21,"H37/NH37",NA,2,"London United",3352766,3385000,3543743,NA,5.96,NA,NA,"Part of a joint bid with route 423 H22 & H98 totalling POUNDS10435000 per annum.","RATP",11,"10435000",1
"1698","H98","H98",9,"AV",13.3333333333333,31,61,"Daily",9,2017-07-21,"H98",NA,3,"London United",2964584,3228000,3410000,NA,4.8,NA,NA,"Part of a joint bid with route 423 H22 & H37 totalling POUNDS10435000 per annum.","RATP",11,"10435000",1
"1699","468","468",24,"N",13,48,97,"Daily",12,2017-07-31,"468",NA,3,"Arriva London South",6780000,6855000,7720371,NA,6.33,NA,NA,NA,"Arriva",3,NA,1
"1700","68/N68","68",23,"WL",11,35,82,"Daily",8,2017-07-31,"68","N68",2,"Abellio London",5330447,5330447,5747867,NA,6.56,NA,NA,NA,"Abellio",3,NA,0
"1701","68/N68","N68",23,"WL",11,35,82,"Daily",8,2017-07-31,"68","N68",2,"Abellio London",5330447,5330447,5747867,NA,6.56,NA,NA,NA,"Abellio",3,NA,1
"1702","X68","X68",8,"Q",31,54,88,"Monday to Friday",12,2017-07-31,"X68",NA,2,"London Central",1559568,1562568,1733439,NA,22.12,NA,NA,NA,"GoAhead",3,NA,1
"1703","169","169",14,"BK",15,24,59,"Daily",6,2017-08-24,"169",NA,1,"Stagecoach East London",3131890,3199000,3199000,NA,7.5,NA,NA,"Part of a joint bid with route 241 247 287 330 & 474/N474 totalling POUNDS15587000 per annum.","Stagecoach",9,"15587000",1
"1704","196","196",16,"WL",17.3333333333333,43,85,"Daily",9,2017-08-24,"196",NA,3,"Abellio London",4008481,3717000,4191084,NA,7.35,"Bid withdrawn owing to lack of garage capacity","Garage capacity constraints",NA,"Abellio",9,NA,1
"1705","241","241",10,"WH",16.6666666666667,26,43,"Daily",5,2017-08-24,"241",NA,5,"Stagecoach East London",2308533,2319660,2732000,NA,6.91,NA,NA,"Part of a joint bid with route 169 247 287 330 & 474/N474 totalling POUNDS15587000 per annum.","Stagecoach",9,"15587000",1
"1706","247","247",11,"NS",16.6666666666667,28,46,"Daily",8,2017-08-24,"247",NA,1,"Stagecoach East London",2390526,2705750,2705750,NA,4.53,NA,NA,"Part of a joint bid with route 169 241 287 330 & 474/N474 totalling POUNDS15587000 per annum.","Stagecoach",9,"15587000",1
"1707","287","287",7,"RM",18.3333333333333,28,49,"Daily",8,2017-08-24,"287",NA,1,"Stagecoach East London",1664581,2013750,2013750,NA,4.2,NA,NA,"Part of a joint bid with route 169 241 247 330 & 474/N474 totalling POUNDS15587000 per annum.","Stagecoach",9,"15587000",1
"1708","31/N31","31",15,"PA",10,34,68,"Daily",6,2017-08-24,"31","N31",3,"Metroline West",5769792,5750000,5932408,NA,6.92,"Joint bid discount.","Lower joint bid","Part of a joint bid with route 95 totalling POUNDS8904000 per annum.","Metroline",9,"8904000",0
"1709","330","330",8,"WH",17.3333333333333,17,39,"Daily",4,2017-08-24,"330",NA,3,"Stagecoach East London",2379755,2430750,2530250,NA,7.91,NA,NA,"Part of a joint bid with route 169 241 247 287 & 474/N474 totalling POUNDS15587000 per annum.","Stagecoach",9,"15587000",1
"1710","474/N474","474",9,"WH",20.4,36,55.5,NA,5,2017-08-24,"474","N474",3,"Stagecoach East London",3711715,3791250,4309498,NA,5.25,NA,NA,"Part of a joint bid with route 169 241 247 287 & 330 totalling POUNDS15587000 per annum.","Stagecoach",9,"15587000",1
"1711","95","95",14,"G",17.3333333333333,36,89,"Daily",10,2017-08-24,"95",NA,4,"Metroline West",3134208,3243000,3565412,NA,5.12,NA,NA,"Part of a joint bid with route 31/N31 totalling POUNDS8904000 per annum.","Metroline",9,"8904000",1
"1712","31/N31","N31",15,"PA",10,34,68,"Daily",6,2017-08-24,"31","N31",3,"Metroline West",5769792,5750000,5932408,NA,6.92,"Joint bid discount.","Lower joint bid","Part of a joint bid with route 95 totalling POUNDS8904000 per annum.","Metroline",9,"8904000",1
"1713","171/N171","171",21,"NX",11.6666666666667,38,97,"Daily",8,2017-09-15,"171","N171",2,"London Central",6702811,6600558,7040589,NA,6.76,"Joint bid discount.","Lower joint bid","Part of a joint bid with route 37/N37 44/N44 77 87/N87 219 337 424 & 485 totalling POUNDS34726889 per annum.","GoAhead",10,"34726889",0
"1714","219","219",11,"AL",15,27,60,"Daily",6,2017-09-15,"219",NA,2,"London General",2440710,2439561,2629721,NA,6.79,"Joint bid discount.","Lower joint bid","Part of a joint bid with route 37/N37 44/N44 77 87/N87 171/N171 337 424 & 485 totalling POUNDS34726889 per annum.","GoAhead",10,"34726889",1
"1715","337","337",11,"AF",14.6666666666667,25,67,"Daily",7,2017-09-15,"337",NA,3,"London General",2729047,2918207,2986556,NA,6.16,NA,NA,"Part of a joint bid with route 37/N37 44/N44 77 87/N87 171/N171 219 424 & 485 totalling POUNDS34726889 per annum.","GoAhead",10,"34726889",1
"1716","37/N37","37",12,"PM",19.4,40,69,NA,10,2017-09-15,"37","N37",2,"London Central",5042101,5068985,5506180,NA,6.44,NA,NA,"Part of a joint bid with route 44/N44 77 87/N87 171/N171 219 337 424 & 485 totalling POUNDS34726889 per annum.","GoAhead",10,"34726889",1
"1717","386","386",11,"MG",18.3333333333333,37,78,"Daily",9,2017-09-15,"386",NA,2,"London Central",2652000,2700000,2855250,NA,5.4,NA,NA,NA,"GoAhead",10,NA,1
"1718","424","424",5,"AF",33,38,84,"Monday to Saturday",7,2017-09-15,"424",NA,2,"London General",92568,972324,1037908,NA,7.54,NA,NA,"Part of a joint bid with route 37/N37 44/N44 77 87/N87 171/N171 219 337 & 485 totalling POUNDS34726889 per annum.","GoAhead",10,"34726889",1
"1719","44/N44","44",20,"AL",13.3333333333333,31,71,"Daily",7,2017-09-15,"44","N44",2,"London General",5328181,5069681,5601839,NA,8.09,"Joint bid discount.","Lower joint bid","Part of a joint bid with route 37/N37 77 87/N87 171/N171 219 337 424 & 485 totalling POUNDS34726889 per annum.","GoAhead",10,"34726889",0
"1720","485","485",4,"PL",30,14,34,"Monday to Saturday",4,2017-09-15,"485",NA,4,"London General",694052,564000,753008,NA,8.76,"Joint bid discount.","Lower joint bid","Part of a joint bid with route 37/N37 44/N44 77 87/N87 171/N171 219 337 & 424 totalling POUNDS34726889 per annum.","GoAhead",10,"34726889",1
"1721","77","77",18,"SW",13,38,81,"Daily",8,2017-09-15,"77",NA,2,"London General",4552591,4561664,4782022,NA,7.04,NA,NA,"Part of a joint bid with route 37/N37 44/N44 87/N87 171/N171 219 337 424 & 485 totalling POUNDS34726889 per annum.","GoAhead",10,"34726889",1
"1722","87/N87","87",22,"SW",10,29,63,"Daily",6,2017-09-15,"87","N87",2,"London General",6311716,6100171,6809795,NA,6.88,"Joint bid discount.","Lower joint bid","Part of a joint bid with route 37/N37 44/N44 77 171/N171 219 337 424 & 485 totalling POUNDS34726889 per annum.","GoAhead",10,"34726889",0
"1723","171/N171","N171",21,"NX",11.6666666666667,38,97,"Daily",8,2017-09-15,"171","N171",2,"London Central",6702811,6600558,7040589,NA,6.76,"Joint bid discount.","Lower joint bid","Part of a joint bid with route 37/N37 44/N44 77 87/N87 219 337 424 & 485 totalling POUNDS34726889 per annum.","GoAhead",10,"34726889",1
"1724","44/N44","N44",20,"AL",13.3333333333333,31,71,"Daily",7,2017-09-15,"44","N44",2,"London General",5328181,5069681,5601839,NA,8.09,"Joint bid discount.","Lower joint bid","Part of a joint bid with route 37/N37 77 87/N87 171/N171 219 337 424 & 485 totalling POUNDS34726889 per annum.","GoAhead",10,"34726889",1
"1725","87/N87","N87",22,"SW",10,29,63,"Daily",6,2017-09-15,"87","N87",2,"London General",6311716,6100171,6809795,NA,6.88,"Joint bid discount.","Lower joint bid","Part of a joint bid with route 37/N37 44/N44 77 171/N171 219 337 424 & 485 totalling POUNDS34726889 per annum.","GoAhead",10,"34726889",1
"1726","143D","143",12,"W",14,33,60,"Daily",8,2017-10-05,"143D",NA,1,"Metroline",90500,98000,98000,NA,74.98,NA,NA,NA,"Metroline",5,NA,1
"1727","268","268",6,"W",18.3333333333333,16,43,"Daily",3,2017-10-05,"268",NA,4,"Metroline",1252000,1287000,1571500,NA,6.9,NA,NA,NA,"Metroline",5,NA,1
"1728","H3/631","631",1,"W",NA,NA,NA,"Monday to Friday",2,2017-10-05,"H3/631",NA,4,"Metroline",237939,248000,360862,NA,8.89,NA,NA,"Part of a joint bid with route H2 totalling POUNDS946000 per annum.","Metroline",5,"946000",0
"1729","643","643",2,"W",NA,NA,NA,"Monday to Friday",4,2017-10-05,"643",NA,1,"Metroline",175000,190000,190000,NA,62.06,NA,NA,NA,"Metroline",5,NA,1
"1730","H2","H2",3,"W",17.3333333333333,10,15,"Daily",2,2017-10-05,"H2",NA,4,"Metroline",708061,738000,856000,NA,5.21,NA,NA,"Part of a joint bid with route H3/631 totalling POUNDS946000 per annum.","Metroline",5,"946000",1
"1731","H3/631","H3",1,"W",NA,NA,NA,"Monday to Friday",2,2017-10-05,"H3/631",NA,4,"Metroline",237939,248000,360862,NA,8.89,NA,NA,"Part of a joint bid with route H2 totalling POUNDS946000 per annum.","Metroline",5,"946000",1
"1732","231","231",7,"PB",18.3333333333333,22,42,"Daily",6,2017-11-02,"231",NA,4,"Metroline",1693000,1729000,2074083,NA,5.22,NA,NA,NA,"Metroline",10,NA,1
"1733","30","30",23,"KC",14,42,79,"Daily",8,2017-11-02,"30",NA,5,"Metroline",5264000,5264000,5828072,NA,8,NA,NA,NA,"Metroline",10,NA,1
"1734","327","327",1,"SM",40,10,17,"Monday to Saturday",2,2017-11-02,"327",NA,4,"Sullivan Buses",136374,149945,244700,NA,6.13,NA,NA,NA,"SullivanBuses",10,NA,1
"1735","389/399","389",0,"SM",60,10,12,"Daily",2,2017-11-02,"389/399",NA,3,"Sullivan Buses",70114,70114,121273,NA,4.69,NA,NA,NA,"SullivanBuses",10,NA,0
"1736","389/399","399",0,"SM",60,10,12,"Daily",2,2017-11-02,"389/399",NA,3,"Sullivan Buses",70114,70114,121273,NA,4.69,NA,NA,NA,"SullivanBuses",10,NA,1
"1737","491","491",9,"PB",23.3333333333333,34,85,"Daily",9,2017-11-02,"491",NA,3,"Metroline",1907000,1927000,2240672,NA,5.04,NA,NA,NA,"Metroline",10,NA,1
"1738","D6","D6",14,"HK",13.6666666666667,20,45,"Daily",5,2017-11-02,"D6",NA,3,"CT Plus",2746314,2746314,3269761,NA,6.38,NA,NA,NA,"HCT",10,NA,1
"1739","D8","D8",9,"LI",17.3333333333333,20,46,"Daily",5,2017-11-02,"D8",NA,5,"Tower Transit",2088386,2165783,2455730,NA,6,NA,NA,NA,"TowerTransit",10,NA,1
"1740","N550","N550",5,"HK",30,51,69,"Nights",10,2017-11-02,NA,"N550",6,"CT Plus",429136,437895,656750,NA,4.51,NA,NA,"Part of a joint bid with route N551 totalling POUNDS939848 per annum.","HCT",10,"939848",0
"1741","N551","N551",6,"HK",30,56,74,"Nights",10,2017-11-02,NA,"N551",6,"CT Plus",510712,521134,711500,NA,4.51,NA,NA,"Part of a joint bid with route N550 totalling POUNDS939848 per annum.","HCT",10,"939848",1
"1742","R9","R9",3,"MB",25.6666666666667,18,31,"Daily",2,2017-11-02,"R9",NA,1,"Metrobus",669000,8e+05,8e+05,NA,4.95,NA,NA,NA,"GoAhead",10,NA,1
"1743","105/N105","105",9,"HH",20.4,38.5,61,NA,9,2017-12-14,"105","N105",3,"London United",4228689,3993000,4420000,NA,5.5,"Joint bid discount.","Lower joint bid","Part of a joint bid with route 288 303/305 H12 H14 H17 & H18/H19 totalling POUNDS14368000 per annum.","RATP",11,"14368000",1
"1744","216","216",9,"FW",27,41,83,"Daily",13,2017-12-14,"216",NA,2,"London United",1879709,1955000,1978271,NA,4.83,NA,NA,"Part of a joint bid with route K2 K3 & K4 totalling POUNDS7433000 per annum.","RATP",11,"7433000",1
"1745","288","288",3,"BT",15,15,33,"Daily",4,2017-12-14,"288",NA,3,"London Sovereign",1446556,1512000,1721000,NA,5.36,NA,NA,"Part of a joint bid with route 105/N105 303/305 H12 H14 H17 & H18/H19 totalling POUNDS14368000 per annum.","Stagecoach",11,"14368000",1
"1746","303/305","303",7,"BT",21.6666666666667,26,52,"Daily",7,2017-12-14,"303/305",NA,2,"London Sovereign",1613024,1686000,1827000,NA,5.09,NA,NA,"Part of a joint bid with route 105/N105 288 H12 H14 H17 & H18/H19 totalling POUNDS14368000 per annum.","Stagecoach",11,"14368000",0
"1747","303/305","305",7,"BT",21.6666666666667,26,52,"Daily",7,2017-12-14,"303/305",NA,2,"London Sovereign",1613024,1686000,1827000,NA,5.09,NA,NA,"Part of a joint bid with route 105/N105 288 H12 H14 H17 & H18/H19 totalling POUNDS14368000 per annum.","Stagecoach",11,"14368000",1
"1748","H12","H12",9,"BT",13.3333333333333,31,60,"Daily",9,2017-12-14,"H12",NA,2,"London Sovereign",2602275,2720000,2738000,NA,4.77,NA,NA,"Part of a joint bid with route 105/N105 288 303/305 H14 H17 & H18/H19 totalling POUNDS14368000 per annum.","Stagecoach",11,"14368000",1
"1749","H14","H14",8,"SO",13.3333333333333,14,30,"Daily",4,2017-12-14,"H14",NA,2,"London Sovereign",1639820,1735000,1941000,NA,5.34,NA,NA,"Part of a joint bid with route 105/N105 288 303/305 H12 H17 & H18/H19 totalling POUNDS14368000 per annum.","Stagecoach",11,"14368000",1
"1750","H17","H17",7,"RP",18.3333333333333,17,34,"Daily",5,2017-12-14,"H17",NA,2,"London Sovereign",1308795,1424000,1555000,NA,5.31,NA,NA,"Part of a joint bid with route 105/N105 288 303/305 H12 H14 & H18/H19 totalling POUNDS14368000 per annum.","Stagecoach",11,"14368000",1
"1751","H18/H19","H18",4,"SO",31.6666666666667,30,66,NA,8,2017-12-14,"H18/H19",NA,2,"London Sovereign",1528841,1598000,1758000,NA,4.92,NA,NA,"Part of a joint bid with route 105/N105 288 303/305 H12 H14 & H17 totalling POUNDS14368000 per annum.","Stagecoach",11,"14368000",0
"1752","H18/H19","H19",4,"SO",31.6666666666667,30,66,NA,8,2017-12-14,"H18/H19",NA,2,"London Sovereign",1528841,1598000,1758000,NA,4.92,NA,NA,"Part of a joint bid with route 105/N105 288 303/305 H12 H14 & H17 totalling POUNDS14368000 per annum.","Stagecoach",11,"14368000",1
"1753","K2","K2",10,"TV",15,27,54,"Daily",7,2017-12-14,"K2",NA,2,"London United",2254667,2330717,2355000,NA,4.71,NA,NA,"Part of a joint bid with route 216 K3 & K4 totalling POUNDS7433000 per annum.","RATP",11,"7433000",1
"1754","K3","K3",11,"FW",21.6666666666667,42,72,"Daily",11,2017-12-14,"K3",NA,3,"London United",2432278,2465000,2550000,NA,4.61,NA,NA,"Part of a joint bid with route 216 K2 & K4 totalling POUNDS7433000 per annum.","RATP",11,"7433000",1
"1755","K4","K4",4,"TV",45,27,52,"Monday to Saturday",7,2017-12-14,"K4",NA,2,"London United",866346,878000,927549,NA,6.13,NA,NA,"Part of a joint bid with route 216 K2 & K3 totalling POUNDS7433000 per annum.","RATP",11,"7433000",1
"1756","144","144",16,"WN",10.3333333333333,27,64,"Daily",6,2018-01-25,"144",NA,3,"Arriva London North",4077000,3942000,4350000,NA,6.78,"Joint bid discount.","Lower joint bid","Part of a joint bid with routes 60 73/N73 166 412 612 & 685 totalling POUNDS19095300 per annum.","Arriva",13,"19095300",1
"1757","166","166",8,"TC",26.6666666666667,33,60,"Daily",9,2018-01-25,"166",NA,4,"Arriva London South",1641000,1665000,1800000,NA,4.42,NA,NA,"Part of a joint bid with routes 60 73/N73 144 412 612 & 685 totalling POUNDS19095300 per annum.","Arriva",13,"19095300",1
"1758","293","293",6,"EB",25,26,59,"Daily",8,2018-01-25,"293",NA,3,"Quality Line",1525000,1540000,1712932,NA,5.18,NA,NA,NA,"RATP",13,NA,1
"1759","356","356",7,"KB",26.6666666666667,34,65,"Daily",9,2018-01-25,"356",NA,2,"Stagecoach Selkent",1757250,1773000,1780000,NA,4.91,NA,NA,NA,"Stagecoach",13,NA,1
"1760","404","404",3,"EB",30,34,41,"Monday to Saturday",6,2018-01-25,"404",NA,3,"Quality Line",217000,215349,230000,NA,4.64,"Good performance of incumbent.","Good performance incumbent",NA,"RATP",13,NA,1
"1761","412","412",7,"TC",31,22,47,"Daily",6,2018-01-25,"412",NA,3,"Arriva London South",1645000,1717000,1849650,NA,6.45,NA,NA,"Part of a joint bid with routes 60 73/N73 144 166 612 & 685 totalling POUNDS19095300 per annum.","Arriva",13,"19095300",1
"1762","434","434",3,"C",30,25,48,"Daily",6,2018-01-25,"434",NA,2,"Metrobus",698000,694759,714000,NA,5.03,"Good performance of incumbent.","Good performance incumbent",NA,"GoAhead",13,NA,1
"1763","60","60",20,"TC",12.3333333333333,47,90,"Daily",12,2018-01-25,"60",NA,3,"Arriva London South",3799000,3980000,4278835,NA,5.43,NA,NA,"Part of a joint bid with routes 73/N73 144 166 412 612 & 685 totalling POUNDS19095300 per annum.","Arriva",13,"19095300",1
"1764","612","612",2,"TC",NA,NA,NA,"Monday to Saturday",4,2018-01-25,"612",NA,3,"Arriva London South",163300,180000,252100,NA,30.04,NA,NA,"Part of a joint bid with routes 60 73/N73 144 166 412 & 685 totalling POUNDS19095300 per annum.","Arriva",13,"19095300",1
"1765","626","626",4,"SM",NA,NA,NA,"Monday to Friday",11,2018-01-25,"626",NA,3,"Sullivan Buses",296401,399000,433000,NA,18.58,NA,NA,NA,"SullivanBuses",13,NA,1
"1766","634","634",1,"PB",NA,NA,NA,"Monday to Friday",6,2018-01-25,"634",NA,3,"Metroline",73000,80000,112400,NA,30.99,NA,NA,NA,"Metroline",13,NA,1
"1767","685","685",1,"TC",NA,NA,NA,"Monday to Friday",2,2018-01-25,"685",NA,3,"Arriva London South",19000,85000,112400,NA,44.08,NA,NA,"Part of a joint bid with routes 60 73/N73 144 166 412 & 612 totalling POUNDS19095300 per annum.","Arriva",13,"19095300",1
"1768","73/N73","73",34,"SF",7,37,70,"Daily",6,2018-01-25,"73","N73",3,"Arriva London North",7751000,7976000,9935000,NA,7.57,NA,NA,"Part of a joint bid with routes 60 144 166 412 612 & 685 totalling POUNDS19095300 per annum.","Arriva",13,"19095300",0
"1769","73/N73","N73",34,"SF",7,37,70,"Daily",6,2018-01-25,"73","N73",3,"Arriva London North",7751000,7976000,9935000,NA,7.57,NA,NA,"Part of a joint bid with routes 60 144 166 412 612 & 685 totalling POUNDS19095300 per annum.","Arriva",13,"19095300",1
"1770","165","165",12,"RM",17.3333333333333,41,67,NA,10,2018-03-01,"165",NA,2,"Stagecoach East London",2789230,2933000,2948250,NA,4.13,NA,NA,"Part of a joint bid with routes 179 193 & 252 totalling POUNDS10954387 per annum.","Stagecoach",5,"10954387",1
"1771","179","179",12,"BK",17.3333333333333,27,67,"Daily",8,2018-03-01,"179",NA,2,"Stagecoach East London",2901229,2836142,3158500,NA,5.69,"Joint bid discount.","Lower joint bid","Part of a joint bid with routes 165 193 & 252 totalling POUNDS10954387 per annum.","Stagecoach",5,"10954387",1
"1772","193","193",11,"NS",16.6666666666667,25,49,"Daily",7,2018-03-01,"193",NA,3,"Stagecoach East London",2239118,2301000,2406284,NA,4.72,NA,NA,"Part of a joint bid with routes 165 179 & 252 totalling POUNDS10954387 per annum.","Stagecoach",5,"10954387",1
"1773","252","252",12,"RM",14.3333333333333,28,53,"Daily",9,2018-03-01,"252",NA,1,"Stagecoach East London",3024810,3337500,3337500,NA,5.08,NA,NA,"Part of a joint bid with routes 165 179 & 193 totalling POUNDS10954387 per annum.","Stagecoach",5,"10954387",1
"1774","390/N390","390",17,"HT",17.2,35.5,59.5,NA,7,2018-03-01,"390","N390",2,"Metroline",6745000,6745000,6798000,NA,7.64,NA,NA,NA,"Metroline",5,NA,1
"1775","12/N12","12",16,"Q",17,37,70,NA,7,2018-03-23,"12","N12",2,"London Central",8119937,8154178,8184478,NA,7.33,NA,NA,NA,"GoAhead",10,NA,1
"1776","223","223",6,"RP",26.6666666666667,27,56,"Daily",7,2018-03-23,"223",NA,2,"London Sovereign",1383567,1407000,1596000,NA,6.12,NA,NA,"Part of a joint bid with route 79 & 224 totalling POUNDS5904000 per annum.","Stagecoach",10,"5904000",1
"1777","224","224",7,"RP",26.6666666666667,32,65,"Daily",6,2018-03-23,"224",NA,2,"London United",1658900,1687000,1754000,NA,5.59,NA,NA,"Part of a joint bid with route 79 & 223 totalling POUNDS5904000 per annum.","RATP",10,"5904000",1
"1778","318","318",9,"BT",15.6666666666667,29,53,"Daily",5,2018-03-23,"318",NA,4,"Arriva London North",1567500,1603500,1893000,NA,5.73,NA,NA,NA,"Arriva",10,NA,1
"1779","403","403",7,"C",15.6666666666667,22,38,"Daily",7,2018-03-23,"403",NA,3,"Metrobus",1760000,1800000,1978620,NA,4.69,NA,NA,NA,"GoAhead",10,NA,1
"1780","452","452",19,"X",11.3333333333333,37,92,"Daily",9,2018-03-23,"452",NA,5,"Tower Transit",4510791,4933511,5793000,NA,6.16,NA,NA,NA,"TowerTransit",10,NA,1
"1781","453/N453","453",23,"NX",14.8,44,83.5,NA,8,2018-03-23,"453","N453",2,"London Central",7802000,7802000,8255933,NA,7.41,NA,NA,NA,"GoAhead",10,NA,1
"1782","79","79",11,"BT",14,28,62,"Daily",7,2018-03-23,"79",NA,2,"London Sovereign",2861533,2910000,2988000,NA,5.84,NA,NA,"Part of a joint bid with route 223 & 224 totalling POUNDS5904000 per annum.","Stagecoach",10,"5904000",1
"1783","H25","H25",9,"TF",20.6666666666667,30,59,"Daily",8,2018-03-23,"H25",NA,3,"Abellio West London",2080004,2160000,2199000,NA,4.72,NA,NA,NA,"Abellio",10,NA,1
"1784","S1","S1",11,"EB",18.3333333333333,44,80,"Daily",9,2018-03-23,"S1",NA,3,"Quality Line",2478000,2595000,2763752,NA,4.36,NA,NA,NA,"RATP",10,NA,1
"1785","292","292",10,"EW",21.6666666666667,26,68,"Daily",9,2018-04-17,"292",NA,4,"Metroline",2029000,2074000,2309597,NA,5.01,NA,NA,NA,"Metroline",4,NA,1
"1786","317","317",5,"PB",26.6666666666667,20,38,"Daily",4,2018-04-17,"317",NA,4,"Metroline",1254644,1269000,1398738,NA,6.6,NA,NA,"Part of a joint bid with route 393 totalling POUNDS4370000 per annum.","Metroline",4,"4370000",1
"1787","393","393",14,"HT",15.6666666666667,39,76,"Daily",8,2018-04-17,"393",NA,5,"Metroline",3115356,3151000,3685000,NA,5.68,NA,NA,"Part of a joint bid with route 317 totalling POUNDS4370000 per annum.","Metroline",4,"4370000",1
"1788","603","603",2,"SM",NA,NA,NA,"Monday to Friday",6,2018-04-17,"603",NA,3,"Sullivan Buses",164754,205000,239000,NA,18.45,NA,NA,NA,"SullivanBuses",4,NA,1
"1789","104","104",18,"RR",14.3333333333333,30,61,"Daily",6,2018-05-18,"104",NA,5,"Docklands Buses",2560817,2740000,3234000,NA,6.81,NA,NA,"Part of a joint bid with route 300 & 304 totalling POUNDS6830301 per annum.","GoAhead",5,"6830301",1
"1790","3/N3","3",19,"WL",10.6666666666667,31,76,"Daily",9,2018-05-18,"3","N3",3,"Abellio London",4854859,4854859,5300000,NA,6.06,NA,NA,NA,"Abellio",5,NA,0
"1791","300","300",10,"SI",18.3333333333333,30,69,"Daily",7,2018-05-18,"300",NA,4,"Blue Triangle",2059824,2226750,2477000,NA,5.15,NA,NA,"Part of a joint bid with route 104 & 304 totalling POUNDS6830301 per annum.","GoAhead",5,"6830301",1
"1792","304","304",9,"SI",NA,NA,NA,"Daily",NA,2018-05-18,"304",NA,4,"Docklands Buses",2209660,2340301,3001000,NA,6.54,NA,NA,"Part of a joint bid with route 104 & 300 totalling POUNDS6830301 per annum.","GoAhead",5,"6830301",1
"1793","493","493",17,"PL",17.3333333333333,48,112,"Daily",13,2018-05-18,"493",NA,3,"London General",3565000,3745000,4078000,NA,4.89,NA,NA,NA,"GoAhead",5,NA,1
"1794","3/N3","N3",19,"WL",10.6666666666667,31,76,"Daily",9,2018-05-18,"3","N3",3,"Abellio London",4854859,4854859,5300000,NA,6.06,NA,NA,NA,"Abellio",5,NA,1
"1795","122","122",17,"PD",14,42,90,"Daily",12,2018-06-20,"122",NA,2,"Stagecoach Selkent",4271150,4493000,5067288,NA,5.61,NA,NA,"Part of a joint bid with routes 472 601 & 602 totalling POUNDS9948700 per annum.","Stagecoach",12,"9948700",1
"1796","134/N134","134",15,"PB",17.6,36,53,NA,8,2018-06-20,"134","N134",3,"Metroline",7695859,8600000,9494635,NA,8.34,NA,NA,"Part of a joint bid with route 43 totalling POUNDS16538000 per annum.","Metroline",12,"16538000",1
"1797","228","228",10,"X",26.6666666666667,37,82,"Daily",8,2018-06-20,"228",NA,3,"Tower Transit",2119846,2141259,2255000,NA,5.64,NA,NA,"Part of a joint bid with routes 262 & 473 totalling POUNDS6546910 per annum.","TowerTransit",12,"6546910",1
"1798","262","262",11,"LI",13.6666666666667,31,54,"Daily",6,2018-06-20,"262",NA,5,"Tower Transit",2074699,2117040,2371000,NA,5.31,NA,NA,"Part of a joint bid with routes 228 and 473 totalling POUNDS6546910 per annum.","TowerTransit",12,"6546910",1
"1799","372","372",6,"RM",26.6666666666667,35,56,"Daily",11,2018-06-20,"372",NA,3,"Stagecoach East London",1635700,1611000,2043763,NA,4.16,"Spare vehicle not hybrid.","Higher quality expected from other bid",NA,"Stagecoach",12,NA,1
"1800","396","396",5,"RR",23.3333333333333,15,34,"Daily",4,2018-06-20,"396",NA,2,"Blue Triangle",982341,1022341,1095750,NA,5.79,NA,NA,NA,"GoAhead",12,NA,1
"1801","43/N43","43",19,"HT",18.2,42.5,80.5,NA,9,2018-06-20,"43","N43",2,"Metroline",8842141,8990250,9056000,NA,8.51,NA,NA,"Part of a joint bid with route 134 totalling POUNDS16538000 per annum.","Metroline",12,"16538000",1
"1802","472/N472","472",13,"PD",17.2,30,44,NA,9,2018-06-20,"472","N472",2,"Stagecoach Selkent",4828300,5017219,5054000,NA,5,NA,NA,"Part of a joint bid with routes 122 601 & 602 totalling POUNDS9948700 per annum.","Stagecoach",12,"9948700",1
"1803","473","473",9,"LI",13.6666666666667,24,44,"Daily",5,2018-06-20,"473",NA,4,"Tower Transit",2352365,2368948,2775750,NA,5.57,NA,NA,"Part of a joint bid with routes 228 and 262 totalling POUNDS6546910 per annum.","TowerTransit",12,"6546910",1
"1804","486","486",9,"BX",17.5,30.5,45.5,NA,9,2018-06-20,"486",NA,2,"London Central",3744029,3824029,4304000,NA,5.43,NA,NA,NA,"GoAhead",12,NA,1
"1805","602","602",2,"PD",NA,NA,NA,"Monday to Friday",9,2018-06-20,"602",NA,3,"Stagecoach Selkent",170500,192196,268000,NA,23.5,NA,NA,"Part of a joint bid with routes 122 472 & 601 totalling POUNDS9948700 per annum.","Stagecoach",12,"9948700",1
"1806","601",NA,NA,NA,NA,NA,NA,NA,NA,2018-06-20,"601",NA,3,"Stagecoach Selkent",678750,664748,930000,NA,23.98,"Joint bid discount.","Lower joint bid","Part of a joint bid with routes 122 472 & 602 totalling POUNDS9948700 per annum.","Stagecoach",12,"9948700",1
"1807","207/N207","207",29,"GW",7.33333333333333,38,82,"Daily",9,2018-07-11,"207","N207",4,"Abellio West London",7995229,8301165,8888000,NA,6.37,NA,NA,NA,"Abellio",6,NA,0
"1808","261","261",13,"TB",15.6666666666667,33,65,"Daily",9,2018-07-11,"261",NA,2,"Stagecoach Selkent",3082160,3150000,3230250,NA,5.49,NA,NA,"Part of a joint bid with route 61 totalling POUNDS5378450 per annum.","Stagecoach",6,"5378450",1
"1809","51","51",19,"BX",13.3333333333333,40,86,"Daily",12,2018-07-11,"51",NA,2,"Metrobus",4595000,4700000,5046750,NA,5.05,NA,NA,NA,"GoAhead",6,NA,1
"1810","607","607",20,"G",12.3333333333333,56,85,"Daily",13,2018-07-11,"607",NA,3,"Metroline West",4806000,4991000,5260731,NA,5.78,NA,NA,NA,"Metroline",6,NA,1
"1811","61","61",9,"TB",18.3333333333333,35,66,"Daily",12,2018-07-11,"61",NA,2,"Stagecoach Selkent",2296290,2450000,2495750,NA,4.56,NA,NA,"Part of a joint bid with route 261 totalling POUNDS5378450 per annum.","Stagecoach",6,"5378450",1
"1812","207/N207","N207",29,"GW",7.33333333333333,38,82,"Daily",9,2018-07-11,"207","N207",4,"Abellio West London",7995229,8301165,8888000,NA,6.37,NA,NA,NA,"Abellio",6,NA,1
"1813","R5/R10","R10",1,"MB",15,56,69,"Monday to Saturday",8,2018-07-11,"R5/R10",NA,2,"Metrobus",195000,2e+05,330250,NA,2.92,NA,NA,NA,"GoAhead",6,NA,0
"1814","R5/R10","R5",1,"MB",15,56,69,"Monday to Saturday",8,2018-07-11,"R5/R10",NA,2,"Metrobus",195000,2e+05,330250,NA,2.92,NA,NA,NA,"GoAhead",6,NA,1
"1815","123/N123","123",12,"AR",17.5,44,71,NA,12,2018-08-21,"123","N123",4,"Arriva London North",5134000,4875985,5625500,NA,5.73,"Insufficient garage capacity","Garage capacity constraints","Part of a joint bid with route 158/N158 totalling POUNDS9445650 per annum.","Arriva",15,"9445650",1
"1816","158/N158","158",14,"EC",14.5,29,50,NA,7,2018-08-21,"158","N158",5,"Arriva London North",4311650,4111191,4900000,NA,6.57,"Insufficient garage capacity","Garage capacity constraints","Part of a joint bid with route 123/N123 totalling POUNDS9445650 per annum.","Arriva",15,"9445650",1
"1817","178","178",9,"MG",18.3333333333333,28,53,NA,9,2018-08-21,"178",NA,2,"London Central",2172361,2379633,2578500,NA,6.12,NA,NA,"Part of a joint bid with routes 244 291 & B11 totalling POUNDS7698848 per annum.","GoAhead",15,"7698848",1
"1818","20","20",10,"AW",25,33,75,"Daily",10,2018-08-21,"20",NA,4,"CT Plus",2260436,2260436,2649351,NA,5,NA,NA,NA,"HCT",15,NA,1
"1819","244","244",12,"BX",13.3333333333333,33,57,"Daily",8,2018-08-21,"244",NA,2,"London Central",2792811,3170000,3267500,NA,4.68,NA,NA,"Part of a joint bid with routes 178 291 & B11 totalling POUNDS7698848 per annum.","GoAhead",15,"7698848",1
"1820","275","275",13,"T",17.3333333333333,35,80,"Daily",9,2018-08-21,"275",NA,3,"Stagecoach East London",3178000,3116710,3435774,NA,5.87,"Increment to retain incumbent considered justified","Good performance incumbent",NA,"Stagecoach",15,NA,1
"1821","291","291",6,"MG",13.3333333333333,17,30,"Daily",4,2018-08-21,"291",NA,2,"London Central",1543273,1690000,1788250,NA,5.68,NA,NA,"Part of a joint bid with routes 178 244 & B11 totalling POUNDS7698848 per annum.","GoAhead",15,"7698848",1
"1822","301","301",10,"DT",13,29,46,NA,8,2018-08-21,"301",NA,3,"Arriva London North",2226560,2393000,2766000,NA,4.24,NA,NA,"Part of a joint bid with routes 428 & B15 totalling POUNDS4516330 per annum.","Arriva",15,"4516330",1
"1823","428","428",7,"DT",25,34,57,"Daily",10,2018-08-21,"428",NA,3,"Arriva London North",977060,1052000,1223750,NA,5.69,NA,NA,"Part of a joint bid with routes 301 & B15 totalling POUNDS4516330 per annum.","Arriva",15,"4516330",1
"1824","54","54",17,"TL",13.3333333333333,39,83,"Daily",10,2018-08-21,"54",NA,3,"Stagecoach Selkent",4377000,4500000,5045550,NA,5.58,NA,NA,"Part of a joint bid with route 75 totalling POUNDS8036750 per annum.","Stagecoach",15,"8036750",1
"1825","689","689",1,"TH",NA,NA,NA,"Monday to Friday",4,2018-08-21,"689",NA,4,"Arriva London South",18640,1e+05,114282,NA,11.12,NA,NA,NA,"Arriva",15,NA,1
"1826","75","75",15,"TL",14.6666666666667,39,79,"Daily",9,2018-08-21,"75",NA,3,"Stagecoach Selkent",3659750,3600000,4091336,NA,6.58,"Joint bid discount.","Lower joint bid","Part of a joint bid with route 54 totalling POUNDS8036750 per annum.","Stagecoach",15,"8036750",1
"1827","96","96",24,"PD",13.6666666666667,41,88,NA,13,2018-08-21,"96",NA,3,"Stagecoach Selkent",5737000,5953000,6100000,NA,5.22,NA,NA,NA,"Stagecoach",15,NA,1
"1828","B11","B11",7,"BX",25,29,47,"Daily",9,2018-08-21,"B11",NA,2,"London Central",1190403,1415000,1488250,NA,4.75,NA,NA,"Part of a joint bid with routes 178 244 & 291 totalling POUNDS7698848 per annum.","GoAhead",15,"7698848",1
"1829","B15","B15",6,"DT",26.6666666666667,30,55,"Daily",8,2018-08-21,"B15",NA,3,"Arriva London North",1312710,1400000,1670500,NA,4.39,NA,NA,"Part of a joint bid with routes 301 & 428 totalling POUNDS4516330 per annum.","Arriva",15,"4516330",1
"1830","124","124",14,"TL",13.3333333333333,34,62,"Daily",8,2018-09-27,"124",NA,2,"Stagecoach Selkent",3243500,3200000,3390000,NA,5.51,"Increment to retain incumbent considered acceptabl","Good performance incumbent","Part of a joint bid with route 136 totalling POUNDS8310712 per annum.","Stagecoach",3,"8310712",1
"1831","136","136",20,"TL",13.3333333333333,47,92,"Daily",10,2018-09-27,"136",NA,3,"Stagecoach Selkent",5067212,4950000,5298486,NA,6.25,"Increment to retain incumbent considered acceptabl","Good performance incumbent","Part of a joint bid with route 124 totalling POUNDS8310712 per annum.","Stagecoach",3,"8310712",1
"1832","227","227",12,"MB",10.6666666666667,18,40,"Daily",6,2018-09-27,"227",NA,2,"Metrobus",2670000,2670000,3049500,NA,5.61,NA,NA,NA,"GoAhead",3,NA,1
"1833","211","211",16,"V",13.3333333333333,30,71,"Daily",7,2018-10-11,"211",NA,5,"London United",3499226,3666144,3845000,NA,6.99,NA,NA,"Part of a joint bid with routes 272 440 & E3 totalling POUNDS13115000 per annum.","RATP",8,"13115000",1
"1834","272","272",8,"V",20,24,59,"Daily",6,2018-10-11,"272",NA,3,"London United",1802775,1899000,1987178,NA,6.86,NA,NA,"Part of a joint bid with routes 211 440 & E3 totalling POUNDS13115000 per annum.","RATP",8,"13115000",1
"1835","406","406",7,"TV",26.6666666666667,27,64,"Daily",8,2018-10-11,"406",NA,2,"Quality Line",1524546,1560000,1928658,NA,5.79,NA,NA,"Part of a joint bid with route 681 totalling POUNDS1720000 per annum.","RATP",8,"1720000",1
"1836","440","440",11,"RP",21.6666666666667,40,71,"Daily",8,2018-10-11,"440",NA,3,"London United",2639145,2761000,2866234,NA,6.29,NA,NA,"Part of a joint bid with routes 211 272 & E3 totalling POUNDS13115000 per annum.","RATP",8,"13115000",1
"1837","681","681",2,"FW",NA,NA,NA,"Monday to Friday",7,2018-10-11,"681",NA,3,"London United",195454,199000,220116,NA,34.97,NA,NA,"Part of a joint bid with route 406 totalling POUNDS1720000 per annum.","RATP",8,"1720000",1
"1838","E10","E10",8,"GW",21.6666666666667,27,52,"Daily",6,2018-10-11,"E10",NA,3,"Abellio West London",1841381,1862503,2060000,NA,5.23,NA,NA,NA,"Abellio",8,NA,1
"1839","E11","E11",5,"GW",26.6666666666667,22,40,"Daily",5,2018-10-11,"E11",NA,3,"Abellio West London",1191230,1191230,1315000,NA,6.55,NA,NA,NA,"Abellio",8,NA,1
"1840","E3","E3",20,"V",9.66666666666667,37,82,"Daily",9,2018-10-11,"E3",NA,3,"London United",5173854,5384000,5620000,NA,5.92,NA,NA,"Part of a joint bid with routes 211 272 & 440 totalling POUNDS13115000 per annum.","RATP",8,"13115000",1
"1841","208","208",16,"MB",14,46,90,"Daily",11,2018-11-15,"208",NA,2,"Metrobus",4180384,4412250,4473792,NA,5.53,NA,NA,"Part of a joint bid with route 286 totalling POUNDS7123792 per annum.","GoAhead",4,"7123792",1
"1842","240","240",8,"EW",18.3333333333333,30,57,"Daily",8,2018-11-15,"240",NA,2,"Metroline",2031000,1960600,2094000,NA,5.4,"10der withdrawn.","Bid withdrawn",NA,"Metroline",4,NA,1
"1843","286","286",14,"MG",16.6666666666667,31,68,"Daily",9,2018-11-15,"286",NA,2,"London Central",2943408,3300000,3453750,NA,4.95,NA,NA,"Part of a joint bid with route 208 totalling POUNDS7123792 per annum.","GoAhead",4,"7123792",1
"1844","94/N94","94",14,"S",17.6,27.5,52.5,NA,6,2018-11-15,"94","N94",2,"London United",6013000,6265000,6572000,NA,8.14,NA,NA,NA,"RATP",4,NA,1
"1845","100","100",9,"Q",14,19,46,"Daily",3,2018-12-21,"100",NA,3,"London Central",2654903,2649500,2829324,NA,10.7,"Good performance of incumbent.","Good performance incumbent",NA,"GoAhead",10,NA,1
"1846","205/N205","205",25,"BW",12,49,103,"Daily",8,2018-12-21,"205","N205",6,"Stagecoach East London",6222375,6199380,7344231,NA,7.29,"Joint bid discount.","Lower joint bid","Part of a joint bid with route 8/N8 totalling POUNDS12400375 per annum.","Stagecoach",10,"12400375",0
"1847","209/609","209",6,"AH",NA,NA,NA,"Monday to Friday",3,2018-12-21,"209/609",NA,5,"London General",2100000,2100000,2252000,NA,7.03,NA,NA,NA,"GoAhead",10,NA,0
"1848","232","232",16,"NP",17.6666666666667,47,101,"Daily",13,2018-12-21,"232",NA,2,"London General",3580000,3580000,3829000,NA,4.79,NA,NA,NA,"GoAhead",10,NA,1
"1849","395","395",5,"SO",26.6666666666667,23,41,"Daily",5,2018-12-21,"395",NA,3,"London Sovereign",1069300,1123300,1249644,NA,5.79,NA,NA,NA,"Stagecoach",10,NA,1
"1850","490","490",16,"TF",17.3333333333333,40,82,"Daily",12,2018-12-21,"490",NA,3,"Abellio West London",3600217,3805536,4097000,NA,4.25,NA,NA,NA,"Abellio",10,NA,1
"1851","497","497",2,"NS",45,18,18,NA,3,2018-12-21,"497",NA,1,"Stagecoach East London",461750,461750,461750,NA,7.94,NA,NA,NA,"Stagecoach",10,NA,1
"1852","209/609","609",6,"AH",NA,NA,NA,"Monday to Friday",3,2018-12-21,"209/609",NA,5,"London General",2100000,2100000,2252000,NA,7.03,NA,NA,NA,"GoAhead",10,NA,1
"1853","8/N8","8",28,"BW",9,33,73,"Daily",7,2018-12-21,"8","N8",3,"Stagecoach East London",6178000,6636000,7170679,NA,6.44,NA,NA,"Part of a joint bid with route 205/N205 totalling POUNDS12400375 per annum.","Stagecoach",10,"12400375",0
"1854","81","81",16,"SG",15.6666666666667,42,79,"Daily",12,2018-12-21,"81",NA,3,"Metroline",3685000,3850000,4243789,NA,5.05,NA,NA,NA,"Metroline",10,NA,1
"1855","H13","H13",6,"UX",28,22,45,"Daily",8,2018-12-21,"H13",NA,2,"Metroline West",1350000,1275800,1385000,NA,4.8,"Insufficiet garage space","Garage capacity constraints",NA,"Metroline",10,NA,1
"1856","205/N205","N205",25,"BW",12,49,103,"Daily",8,2018-12-21,"205","N205",6,"Stagecoach East London",6222375,6199380,7344231,NA,7.29,"Joint bid discount.","Lower joint bid","Part of a joint bid with route 8/N8 totalling POUNDS12400375 per annum.","Stagecoach",10,"12400375",1
"1857","8/N8","N8",28,"BW",9,33,73,"Daily",7,2018-12-21,"8","N8",3,"Stagecoach East London",6178000,6636000,7170679,NA,6.44,NA,NA,"Part of a joint bid with route 205/N205 totalling POUNDS12400375 per annum.","Stagecoach",10,"12400375",1
"1858","197","197",15,"C",17.3333333333333,40,82,"Daily",10,2019-01-15,"197",NA,4,"Metrobus",3750000,3750000,4201000,NA,5.82,NA,NA,NA,"GoAhead",2,NA,1
"1859","663","663",1,"C",NA,NA,NA,"Monday to Friday",4,2019-01-15,"663",NA,4,"Metrobus",85000,90000,114750,NA,52.08,NA,NA,NA,"GoAhead",2,NA,1
"1860","128/N128","128",10,"NS",22.4,43.5,63,NA,11,2019-02-13,"128","N128",3,"Stagecoach East London",3792150,3850000,4195000,NA,5.57,NA,NA,NA,"Stagecoach",6,NA,1
"1861","201","201",10,"BC",21.6666666666667,33,68,"Daily",8,2019-02-13,"201",NA,2,"Abellio London",2275139,2350000,2366439,NA,6.1,NA,NA,NA,"Abellio",6,NA,1
"1862","364","364",14,"RR",13.3333333333333,29,63,"Daily",8,2019-02-13,"364",NA,2,"Blue Triangle",3128585,3128585,3299500,NA,5.82,NA,NA,NA,"GoAhead",6,NA,1
"1863","375","375",1,"GY",90,22,34,"Monday to Saturday",8,2019-02-13,"375",NA,3,"Arriva London North",180400,193400,226204,NA,4.34,NA,NA,NA,"Arriva",6,NA,1
"1864","407","407",15,"BC",15.6666666666667,47,97,"Daily",13,2019-02-13,"407",NA,3,"Abellio London",4100338,4100000,4288000,NA,4.74,"Increment considered acceptable to retain incumben","Good performance incumbent",NA,"Abellio",6,NA,1
"1865","627","627",2,"TC",NA,NA,NA,"Monday to Friday",6,2019-02-13,"627",NA,3,"Arriva London South",239000,270000,366420,NA,31.69,NA,NA,NA,"Arriva",6,NA,1
"1866","24/N24","24",12,"QB",18.4,38,58.5,NA,7,2019-03-25,"24","N24",4,"Abellio London",4245073,4298011,5035958,NA,7.24,NA,NA,"Part of a joint bid with route 27 totalling POUNDS9702913 per annum.","Abellio",7,"9702913",1
"1867","266/N266","266",23,"RP",11.3333333333333,36,76,"Daily",7,2019-03-25,"266","N266",4,"London United",5730000,5880000,6150000,NA,7.49,NA,NA,NA,"RATP",7,NA,0
"1868","267","267",17,"TF",13.6666666666667,32,74,"Daily",9,2019-03-25,"267",NA,3,"Abellio West London",3208252,3208252,3755000,NA,5.5,NA,NA,NA,"Abellio",7,NA,1
"1869","27/N27","27",22,"QB",10.6666666666667,35,81,"Daily",8,2019-03-25,"27","N27",3,"Abellio London",5457840,5525902,5764000,NA,7,NA,NA,"Part of a joint bid with route 24 totalling POUNDS9702913 per annum.","Abellio",7,"9702913",0
"1870","661","661",1,"TB",NA,NA,NA,"Monday to Friday",4,2019-03-25,"661",NA,2,"Stagecoach Selkent",75000,83250,90000,NA,42.3,NA,NA,NA,"Stagecoach",7,NA,1
"1871","669","669",2,"PD",NA,NA,NA,"Monday to Friday",11,2019-03-25,"669",NA,2,"Stagecoach Selkent",166000,180000,182500,NA,24.41,NA,NA,NA,"Stagecoach",7,NA,1
"1872","266/N266","N266",23,"RP",11.3333333333333,36,76,"Daily",7,2019-03-25,"266","N266",4,"London United",5730000,5880000,6150000,NA,7.49,NA,NA,NA,"RATP",7,NA,1
"1873","27/N27","N27",22,"QB",10.6666666666667,35,81,"Daily",8,2019-03-25,"27","N27",3,"Abellio London",5457840,5525902,5764000,NA,7,NA,NA,"Part of a joint bid with route 24 totalling POUNDS9702913 per annum.","Abellio",7,"9702913",1
"1874","672",NA,NA,NA,NA,NA,NA,NA,NA,2019-03-25,"672",NA,2,"Stagecoach Selkent",50000,149000,250000,NA,28.97,NA,NA,NA,"Stagecoach",7,NA,1
"1875","102/N102","102",15,"AD",18.4,42.5,71.5,NA,10.5,2019-04-17,"102","N102",4,"Arriva London North",6594288,7e+06,7271640,NA,5.61,NA,NA,"Part of a joint bid with routes 29/N29 34 & 192 totalling POUNDS24842770 per annum.","Arriva",6,"24842770",1
"1876","109/N109","109",26,"BC",8.66666666666667,32,70,"Daily",7,2019-04-17,"109","N109",3,"Abellio London",6425531,6692000,6810000,NA,7.11,NA,NA,NA,"Abellio",6,NA,0
"1877","192","192",15,"E",13.3333333333333,31,63,"Daily",8,2019-04-17,"192",NA,5,"Arriva London North",3179000,3460119,3854000,NA,4.9,NA,NA,"Part of a joint bid with routes 29/N29 34 & 102 totalling POUNDS24842770 per annum.","Arriva",6,"24842770",1
"1878","29/N29","29",36,"WN",7.33333333333333,36,78,"Daily",7,2019-04-17,"29","N29",2,"Arriva London North",9553627,10206000,11270000,NA,7.59,NA,NA,"Part of a joint bid with route 34 102 & 192 totalling POUNDS25006122 per annum.","Arriva",6,"25006122",0
"1879","34/N34","34",7,"AD",15.5,38,60,NA,12,2019-04-17,"34","N34",5,"Arriva London North",5515855,5750671,6085000,NA,5.13,NA,NA,"Part of a joint bid with routes 29/N29 102 & 192 totalling POUNDS24842770 per annum.","Arriva",6,"24842770",1
"1880","52/N52","52",11,"AC",18.6,34.5,54,NA,7,2019-04-17,"52","N52",2,"Metroline",4741000,4958633,5101000,NA,6.73,NA,NA,NA,"Metroline",6,NA,1
"1881","109/N109","N109",26,"BC",8.66666666666667,32,70,"Daily",7,2019-04-17,"109","N109",3,"Abellio London",6425531,6692000,6810000,NA,7.11,NA,NA,NA,"Abellio",6,NA,1
"1882","29/N29","N29",36,"WN",7.33333333333333,36,78,"Daily",7,2019-04-17,"29","N29",2,"Arriva London North",9553627,10206000,11270000,NA,7.59,NA,NA,"Part of a joint bid with route 34 102 & 192 totalling POUNDS25006122 per annum.","Arriva",6,"25006122",1
"1883","323","323",4,"WH",18.3333333333333,13,25,"Daily",3,2019-05-09,"323",NA,3,"Stagecoach East London",1086500,1086500,1326254,NA,6.23,NA,NA,NA,"Stagecoach",2,NA,1
"1884","640","640",2,"SM",NA,NA,NA,"Monday to Friday",5,2019-05-09,"640",NA,3,"Sullivan Buses",159374,190000,204600,NA,39.1,NA,NA,NA,"SullivanBuses",2,NA,1
"1885","C10","C10",22,"WL",10.6666666666667,39,80,"Daily",8,2019-05-15,"C10",NA,4,"Abellio London",5535842,5506019,6072726,NA,6.88,"0.5% increment considered accept. given good perf.","Good performance incumbent",NA,"Abellio",2,NA,1
"1886","P5","P5",9,"WL",18.3333333333333,34,59,"Daily",6,2019-05-15,"P5",NA,2,"Abellio London",2194069,2194069,2393876,NA,6.66,NA,NA,NA,"Abellio",2,NA,1
"1887","126","126",11,"MB",16.6666666666667,24,52,"Daily",7,2019-05-31,"126",NA,2,"Metrobus",2330000,2393260,2549000,NA,5.55,NA,NA,NA,"GoAhead",4,NA,1
"1888","212","212",12,"NP",13,25,48,"Daily",6,2019-05-31,"212",NA,5,"London General",2910000,2910000,3223000,NA,6.37,NA,NA,NA,"GoAhead",4,NA,1
"1889","444","444",11,"NP",14,28,62,"Daily",8,2019-05-31,"444",NA,4,"London General",2800000,2800000,3547000,NA,5.7,NA,NA,NA,"GoAhead",4,NA,1
"1890","657","657",1,"NP",NA,NA,NA,"Monday to Saturday",4,2019-05-31,"657",NA,4,"London General",80000,90000,125750,NA,47.99,NA,NA,NA,"GoAhead",4,NA,1
"1891","106","106",14,"NP",11.3333333333333,29,63,"Daily",6,2019-06-28,"106",NA,6,"London General",3750273,3840000,4674529,NA,6.79,NA,NA,"Part of a joint bid with routes 67 230 & 357 totalling POUNDS10905000 per annum.","GoAhead",7,"10905000",1
"1892","127","127",17,"C",13.3333333333333,36,78,"Daily",9,2019-06-28,"127",NA,3,"Metrobus",3881400,3990000,4268724,NA,5.77,NA,NA,NA,"GoAhead",7,NA,1
"1893","191","191",19,"E",15,37,85,"Daily",10,2019-06-28,"191",NA,4,"Arriva London North",3892000,4123000,4527073,NA,5.95,NA,NA,NA,"Arriva",7,NA,1
"1894","230","230",11,"NP",15,35,71,"Daily",8,2019-06-28,"230",NA,6,"London General",2791789,2934500,3743536,NA,6.45,NA,NA,"Part of a joint bid with routes 67 106 & 357 totalling POUNDS10905000 per annum.","GoAhead",7,"10905000",1
"1895","270","270",13,"BC",11.3333333333333,24,58,"Daily",6,2019-06-28,"270",NA,2,"Abellio London",3379809,3379809,3476310,NA,7,NA,NA,NA,"Abellio",7,NA,1
"1896","357","357",7,"NP",25,19,49,"Daily",5,2019-06-28,"357",NA,5,"London General",1738410,1762696,2528329,NA,7.09,NA,NA,"Part of a joint bid with routes 67 106 & 230 totalling POUNDS10905000 per annum.","GoAhead",7,"10905000",1
"1897","67","67",12,"NP",12.6666666666667,24,48,"Daily",5,2019-06-28,"67",NA,5,"London General",2624528,2624000,3550556,NA,7.2,"Joint bid discount.","Lower joint bid","Part of a joint bid with routes 106 230 & 357 totalling POUNDS10905000 per annum.","GoAhead",7,"10905000",1
"1898","25/N25","25",31,"BW",8,54,100,"Daily",11,2019-07-24,"25","N25",3,"Stagecoach East London",8814788,9476500,9938656,NA,7.18,NA,NA,"Part of a joint bid with route 425 totalling POUNDS13806500 per annum.","Stagecoach",5,"13806500",0
"1899","282","282",16,"G",14,43,90,"Daily",12,2019-07-24,"282",NA,3,"Metroline West",3995000,4130000,4304054,NA,5.18,NA,NA,NA,"Metroline",5,NA,1
"1900","425","425",21,"LI",11.3333333333333,47,96,"Daily",9,2019-07-24,"425",NA,5,"Stagecoach East London",4991712,5388500,5722145,NA,6.71,NA,NA,"Part of a joint bid with route 25/N25 totalling POUNDS13806500 per annum.","Stagecoach",5,"13806500",1
"1901","482","482",8,"WS",26.6666666666667,37,68,"Daily",10,2019-07-24,"482",NA,3,"Abellio West London",2199630,2199630,2358000,NA,4.94,NA,NA,NA,"Abellio",5,NA,1
"1902","G1","G1",13,"SW",21.6666666666667,45,99,NA,10,2019-07-24,"G1",NA,2,"London General",3e+06,3150000,3173743,NA,6.23,NA,NA,NA,"GoAhead",5,NA,1
"1903","25/N25","N25",31,"BW",8,54,100,"Daily",11,2019-07-24,"25","N25",3,"Stagecoach East London",8814788,9476500,9938656,NA,7.18,NA,NA,"Part of a joint bid with route 425 totalling POUNDS13806500 per annum.","Stagecoach",5,"13806500",1
"1904","218","218",11,"X",11.3333333333333,24,48,"Daily",5,2019-08-15,"218",NA,4,"Tower Transit",2521476,2585592,2739675,NA,6.1,NA,NA,NA,"TowerTransit",4,NA,1
"1905","278","278",10,"WS",18.3333333333333,38,73,"Daily",10,2019-08-15,"278",NA,4,"Abellio West London",2713800,2795204,3000057,NA,5.06,NA,NA,NA,"Abellio",4,NA,1
"1906","285/N285","285",10,"TF",20.2,43.5,72.5,NA,12,2019-08-15,"285","N285",2,"Abellio West London",4163807,4163807,4846000,NA,4.73,NA,NA,NA,"Abellio",4,NA,1
"1907","427","427",24,"GW",10,46,84,"Daily",10,2019-08-15,"427",NA,2,"Abellio West London",3889242,4033242,4354000,NA,6.21,NA,NA,"N","Abellio",4,"N",1
